user_pseudo_id,event_name,event_timestamp,page_location
10021244.1952175629,add_to_cart,1607069021100175,https://shop.googlemerchandisestore.com/Google+Redesign/Clearance
10021244.1952175629,add_to_cart,1607069287871569,https://shop.googlemerchandisestore.com/Google+Redesign/Lifestyle/Small+Goods
10021244.1952175629,add_to_cart,1607069343996443,https://shop.googlemerchandisestore.com/Google+Redesign/Lifestyle/Small+Goods
1006693.5207947186,page_view,1606316138162992,https://shop.googlemerchandisestore.com/Google+Redesign/Apparel
1006693.5207947186,page_view,1606316221593691,https://shop.googlemerchandisestore.com/Google+Redesign/Shop+by+Brand/Google
1008204.2043158143,page_view,1606338629160329,https://shop.googlemerchandisestore.com/Google+Redesign/Apparel/Google+Dino+Game+Tee
1016446.8237887674,begin_checkout,1608550235710814,https://shop.googlemerchandisestore.com/yourinfo.html
1016446.8237887674,begin_checkout,1608550235787127,https://shop.googlemerchandisestore.com/yourinfo.html
1016446.8237887674,begin_checkout,1608550235787634,https://shop.googlemerchandisestore.com/yourinfo.html
1016446.8237887674,begin_checkout,1608550254755362,https://shop.googlemerchandisestore.com/yourinfo.html
1016446.8237887674,begin_checkout,1608550254805190,https://shop.googlemerchandisestore.com/yourinfo.html
1016446.8237887674,begin_checkout,1608550254816443,https://shop.googlemerchandisestore.com/yourinfo.html
1016446.8237887674,begin_checkout,1608550281774951,https://shop.googlemerchandisestore.com/yourinfo.html
1016446.8237887674,begin_checkout,1608550281835438,https://shop.googlemerchandisestore.com/yourinfo.html
1016446.8237887674,begin_checkout,1608550281837088,https://shop.googlemerchandisestore.com/yourinfo.html
1016446.8237887674,begin_checkout,1608550374355464,https://shop.googlemerchandisestore.com/yourinfo.html
1016446.8237887674,begin_checkout,1608550374432947,https://shop.googlemerchandisestore.com/yourinfo.html
1016446.8237887674,begin_checkout,1608550374446773,https://shop.googlemerchandisestore.com/yourinfo.html
1016446.8237887674,purchase,1608550417964725,https://shop.googlemerchandisestore.com/ordercompleted.html
1021324.8854627465,page_view,1606290255601516,https://googlemerchandisestore.com/
1021324.8854627465,page_view,1606290271800047,https://googlemerchandisestore.com/
1025092.0321826313,page_view,1606311302935221,https://shop.googlemerchandisestore.com/
1025092.0321826313,page_view,1606311317955498,https://shop.googlemerchandisestore.com/Google+Redesign/Clearance
1025092.0321826313,page_view,1606311487075611,https://shop.googlemerchandisestore.com/asearch.html
1025092.0321826313,page_view,1606311514406059,https://shop.googlemerchandisestore.com/Google+Redesign/Apparel/Mens
1025092.0321826313,page_view,1606311558104527,https://shop.googlemerchandisestore.com/Google+Redesign/Super+G+Unisex+Joggers
1033085.6917088117,begin_checkout,1608565499420113,https://shop.googlemerchandisestore.com/yourinfo.html
1033085.6917088117,begin_checkout,1608565499450988,https://shop.googlemerchandisestore.com/yourinfo.html
1033085.6917088117,begin_checkout,1608565499492982,https://shop.googlemerchandisestore.com/yourinfo.html
1033085.6917088117,begin_checkout,1608565586646045,https://shop.googlemerchandisestore.com/yourinfo.html
1033085.6917088117,begin_checkout,1608565586842382,https://shop.googlemerchandisestore.com/yourinfo.html
1033085.6917088117,begin_checkout,1608565586842755,https://shop.googlemerchandisestore.com/yourinfo.html
1033085.6917088117,begin_checkout,1608565961192527,https://shop.googlemerchandisestore.com/yourinfo.html
1033085.6917088117,begin_checkout,1608565961249900,https://shop.googlemerchandisestore.com/yourinfo.html
1033085.6917088117,begin_checkout,1608565961299302,https://shop.googlemerchandisestore.com/yourinfo.html
1033085.6917088117,begin_checkout,1608566141311847,https://shop.googlemerchandisestore.com/yourinfo.html
1033085.6917088117,begin_checkout,1608566141386162,https://shop.googlemerchandisestore.com/yourinfo.html
1033085.6917088117,begin_checkout,1608566141404802,https://shop.googlemerchandisestore.com/yourinfo.html
1033085.6917088117,begin_checkout,1608566364107671,https://shop.googlemerchandisestore.com/yourinfo.html
1033085.6917088117,begin_checkout,1608566364170349,https://shop.googlemerchandisestore.com/yourinfo.html
1033085.6917088117,begin_checkout,1608566364184989,https://shop.googlemerchandisestore.com/yourinfo.html
1033085.6917088117,purchase,1608566444743693,https://shop.googlemerchandisestore.com/ordercompleted.html
1034243.8352602114,page_view,1606340551225842,https://shop.googlemerchandisestore.com/store-policies/return-policy/
1035410.3683881882,page_view,1606331797007236,https://googlemerchandisestore.com/
10355247.7435042441,add_to_cart,1607089246472353,https://shop.googlemerchandisestore.com/Google+Redesign/Apparel/Hats
1035855.1910358267,page_view,1606317747771699,https://shop.googlemerchandisestore.com/Google+Redesign/Lifestyle/Drinkware
1036780.1680754197,page_view,1606330199284589,https://shop.googlemerchandisestore.com/Google+Redesign/eco+friendly
1038147.2432468043,view_item,1606206632698416,https://shop.googlemerchandisestore.com/Google+Redesign/Apparel/YouTube+Twill+Cap+Sandwich+Black
10397941.7201732268,purchase,1608128631499310,https://shop.googlemerchandisestore.com/ordercompleted.html
1040884.6872894995,page_view,1606282306515941,https://googlemerchandisestore.com/
1040884.6872894995,page_view,1606282471302187,https://googlemerchandisestore.com/
1043539.2747159846,purchase,1608229232817119,https://shop.googlemerchandisestore.com/ordercompleted.html
1043539.2747159846,purchase,1608229604596495,https://shop.googlemerchandisestore.com/ordercompleted.html
1043539.2747159846,purchase,1608230321401297,https://shop.googlemerchandisestore.com/ordercompleted.html
1043539.2747159846,purchase,1608230585673148,https://shop.googlemerchandisestore.com/ordercompleted.html
1043539.2747159846,purchase,1608233472559012,https://shop.googlemerchandisestore.com/ordercompleted.html
1043539.2747159846,purchase,1608233887371615,https://shop.googlemerchandisestore.com/ordercompleted.html
1045272.5696682449,page_view,1606331369604802,https://shop.googlemerchandisestore.com/Google+Redesign/Shop+by+Brand/YouTube
1046193.2895977527,page_view,1606301970529420,https://googlemerchandisestore.com/
1046193.2895977527,page_view,1606301976933781,https://shop.googlemerchandisestore.com/
1046193.2895977527,page_view,1606301982921833,https://shop.googlemerchandisestore.com/Google+Redesign/Clearance
1046193.2895977527,page_view,1606301994392712,https://shop.googlemerchandisestore.com/Google+Redesign/New
1046193.2895977527,page_view,1606302030314061,https://shop.googlemerchandisestore.com/Google+Redesign/Shop+by+Brand/Google
1046193.2895977527,page_view,1606302876126821,https://shop.googlemerchandisestore.com/basket.html
1046193.2895977527,page_view,1606302882185622,https://shop.googlemerchandisestore.com/Google+Redesign/Shop+by+Brand/Google
1046193.2895977527,page_view,1606302897291222,https://shop.googlemerchandisestore.com/basket.html
1046193.2895977527,page_view,1606302924550871,https://shop.googlemerchandisestore.com/signin.html
1046193.2895977527,page_view,1606302927402440,https://shop.googlemerchandisestore.com/yourinfo.html
1046193.2895977527,page_view,1606302937980589,https://shop.googlemerchandisestore.com/payment.html
1046193.2895977527,begin_checkout,1608518025780368,https://shop.googlemerchandisestore.com/yourinfo.html
1046193.2895977527,begin_checkout,1608518025908443,https://shop.googlemerchandisestore.com/yourinfo.html
1046193.2895977527,begin_checkout,1608518025920912,https://shop.googlemerchandisestore.com/yourinfo.html
1046193.2895977527,begin_checkout,1608518094590957,https://shop.googlemerchandisestore.com/yourinfo.html
1046193.2895977527,begin_checkout,1608518094685568,https://shop.googlemerchandisestore.com/yourinfo.html
1046193.2895977527,begin_checkout,1608518094690813,https://shop.googlemerchandisestore.com/yourinfo.html
1048161.1375235160,page_view,1606294584961541,https://shop.googlemerchandisestore.com/Google+Redesign/Apparel/Hats
10489971.5323131165,purchase,1609076545652371,https://shop.googlemerchandisestore.com/ordercompleted.html
1051154.0740172050,purchase,1608231822457294,https://shop.googlemerchandisestore.com/ordercompleted.html
1051954.3734051417,page_view,1606316656133242,https://shop.googlemerchandisestore.com/
1051954.3734051417,page_view,1606316708323305,https://shop.googlemerchandisestore.com/Google+Redesign/New
1051954.3734051417,page_view,1606316725327511,https://shop.googlemerchandisestore.com/asearch.html
1051954.3734051417,page_view,1606316736991916,https://shop.googlemerchandisestore.com/asearch.html
1051954.3734051417,page_view,1606316780109056,https://shop.googlemerchandisestore.com/asearch.html
1055474.0663743870,page_view,1606289146803182,https://shop.googlemerchandisestore.com/Google+Redesign/Apparel
1056498.5939985013,purchase,1608630726692703,https://shop.googlemerchandisestore.com/ordercompleted.html
1056498.5939985013,purchase,1608631521164025,https://shop.googlemerchandisestore.com/ordercompleted.html
1057466.7913835080,view_item,1606225698415109,https://shop.googlemerchandisestore.com/Google+Redesign/Accessories/Android+Lumberjack+Pin
10591789.5477795667,purchase,1608149597967801,https://shop.googlemerchandisestore.com/ordercompleted.html
10613523.0954647107,add_to_cart,1607044704703939,https://shop.googlemerchandisestore.com/Google+Redesign/Apparel/Hats
1062107.3983357295,page_view,1606309227911443,https://googlemerchandisestore.com/
1067866.5616643632,page_view,1606290962234334,https://shop.googlemerchandisestore.com/Google+Redesign/Shop+by+Brand/YouTube
1067866.5616643632,page_view,1606292503023010,https://shop.googlemerchandisestore.com/Google+Redesign/Shop+by+Brand/YouTube
10702974.0923572591,purchase,1612037406712089,https://shop.googlemerchandisestore.com/ordercompleted.html
10731965.6220509788,purchase,1608199793464229,https://shop.googlemerchandisestore.com/ordercompleted.html
10731965.6220509788,purchase,1608200034768873,https://shop.googlemerchandisestore.com/ordercompleted.html
10731965.6220509788,purchase,1608200214434804,https://shop.googlemerchandisestore.com/ordercompleted.html
10731965.6220509788,purchase,1608200366716437,https://shop.googlemerchandisestore.com/ordercompleted.html
1075379.7449039815,page_view,1606305322340493,https://shop.googlemerchandisestore.com/store.html
1076979.6171118756,page_view,1606289145276476,https://shop.googlemerchandisestore.com/Google+Redesign/Apparel
1076979.6171118756,page_view,1606299170816841,https://shop.googlemerchandisestore.com/Google+Redesign/Apparel
1076979.6171118756,page_view,1606309529041371,https://shop.googlemerchandisestore.com/Google+Redesign/Apparel
10828522.4098051399,purchase,1606227041095667,https://shop.googlemerchandisestore.com/ordercompleted.html
10828522.4098051399,purchase,1606227041108204,https://shop.googlemerchandisestore.com/ordercompleted.html
1083876.8544725105,page_view,1606294645377237,https://shop.googlemerchandisestore.com/Google+Redesign/Apparel/Google+Dino+Game+Tee
1083876.8544725105,page_view,1606294658348590,https://shop.googlemerchandisestore.com/Google+Redesign/Apparel/Mens
1083876.8544725105,page_view,1606294699298828,https://shop.googlemerchandisestore.com/Google+Redesign/Apparel/Google+Dino+Game+Tee
1086662.7438464093,purchase,1608211772910972,https://shop.googlemerchandisestore.com/ordercompleted.html
1088227.3501118005,page_view,1606308051470430,https://shop.googlemerchandisestore.com/Google+Redesign/Apparel/Google+Land+and+Sea+Cotton+Cap+LS
1089178.9103594365,page_view,1606320319144437,https://shop.googlemerchandisestore.com/
1089178.9103594365,page_view,1606320354058994,https://shop.googlemerchandisestore.com/Google+Redesign/Clearance
10910069.5218902962,add_to_cart,1607114774271702,https://shop.googlemerchandisestore.com/Google+Redesign/Lifestyle/Drinkware
10941030.2175902271,purchase,1606709146553001,https://shop.googlemerchandisestore.com/ordercompleted.html
1094512.8196589145,page_view,1606336102529249,https://shop.googlemerchandisestore.com/
1094512.8196589145,page_view,1606336119975203,https://shop.googlemerchandisestore.com/Google+Redesign/New
1094512.8196589145,page_view,1606336131451072,https://shop.googlemerchandisestore.com/Google+Redesign/Apparel
1094512.8196589145,page_view,1606336142779107,https://shop.googlemerchandisestore.com/Google+Redesign/Apparel/Hats
1094512.8196589145,page_view,1606336155092545,https://shop.googlemerchandisestore.com/Google+Redesign/Apparel/Kids
1094512.8196589145,page_view,1606336168525520,https://shop.googlemerchandisestore.com/Google+Redesign/Apparel/Mens
1094512.8196589145,page_view,1606336179326130,https://shop.googlemerchandisestore.com/Google+Redesign/Apparel/Socks
1094512.8196589145,page_view,1606336190735470,https://shop.googlemerchandisestore.com/Google+Redesign/Apparel/Womens
1094512.8196589145,page_view,1606336202446664,https://shop.googlemerchandisestore.com/Google+Redesign/Lifestyle
1094512.8196589145,page_view,1606336214145488,https://shop.googlemerchandisestore.com/Google+Redesign/Lifestyle/Bags
1094512.8196589145,page_view,1606336226499424,https://shop.googlemerchandisestore.com/Google+Redesign/Lifestyle/Drinkware
1094512.8196589145,page_view,1606336238487128,https://shop.googlemerchandisestore.com/Google+Redesign/Lifestyle/Small+Goods
1094512.8196589145,page_view,1606336250522526,https://shop.googlemerchandisestore.com/Google+Redesign/Stationery
1094512.8196589145,page_view,1606336263594735,https://shop.googlemerchandisestore.com/Google+Redesign/Stationery/Notebooks
1094512.8196589145,page_view,1606336275315731,https://shop.googlemerchandisestore.com/Google+Redesign/Stationery/Stickers
1094512.8196589145,page_view,1606336288218172,https://shop.googlemerchandisestore.com/Google+Redesign/Stationery/Writing
1094512.8196589145,page_view,1606336303714022,https://shop.googlemerchandisestore.com/Google+Redesign/eco+friendly
1094512.8196589145,page_view,1606336315959309,https://shop.googlemerchandisestore.com/Google+Redesign/Shop+by+Brand
1094512.8196589145,page_view,1606336327750591,https://shop.googlemerchandisestore.com/Google+Redesign/Shop+by+Brand/Android
1094512.8196589145,page_view,1606336340870477,https://shop.googlemerchandisestore.com/Google+Redesign/Shop+by+Brand/Google
1094512.8196589145,page_view,1606336352506323,https://shop.googlemerchandisestore.com/Google+Redesign/Shop+by+Brand/I+am+Remarkable
1094512.8196589145,page_view,1606336365765802,https://shop.googlemerchandisestore.com/Google+Redesign/Shop+by+Brand/YouTube
1094512.8196589145,page_view,1606336377268795,https://shop.googlemerchandisestore.com/Google+Redesign/Clearance
1094512.8196589145,page_view,1606336389101211,https://shop.googlemerchandisestore.com/Google+Redesign/Campus+Collection
1094512.8196589145,page_view,1606336400257526,https://shop.googlemerchandisestore.com/signin.html
1094512.8196589145,page_view,1606336410333527,https://shop.googlemerchandisestore.com/signin.html
1094512.8196589145,page_view,1606336419741716,https://shop.googlemerchandisestore.com/signin.html
1094512.8196589145,page_view,1606336428990413,https://shop.googlemerchandisestore.com/store-policies/frequently-asked-questions/
1094512.8196589145,page_view,1606336440231491,https://shop.googlemerchandisestore.com/basket.html
1094512.8196589145,page_view,1606336448967933,https://shop.googlemerchandisestore.com/Google+Redesign/Wearables/Men+s+T-Shirts
1094512.8196589145,page_view,1606336459677715,https://shop.googlemerchandisestore.com/Google+Redesign/Shop+by+Brand
1094512.8196589145,page_view,1606336472645709,https://shop.googlemerchandisestore.com/asearch.html
1094512.8196589145,page_view,1606336486519976,https://shop.googlemerchandisestore.com/Google+Redesign/eco+friendly
1094512.8196589145,page_view,1606336497558868,https://shop.googlemerchandisestore.com/Google+Redesign/Apparel/Google+Cotopaxi+Shell
1094512.8196589145,page_view,1606336507549501,https://shop.googlemerchandisestore.com/store-policies/return-policy/
1094512.8196589145,page_view,1606336516063150,https://shop.googlemerchandisestore.com/store-policies/shipping-information/
1094512.8196589145,page_view,1606336524664746,https://shop.googlemerchandisestore.com/store-policies/privacy-policy/
1094512.8196589145,page_view,1606336533265411,https://shop.googlemerchandisestore.com/store-policies/terms-of-use/
1094512.8196589145,page_view,1606336542910998,https://shop.googlemerchandisestore.com/Google+Redesign/Super+G+Unisex+Joggers
1094512.8196589145,page_view,1606336554343889,https://shop.googlemerchandisestore.com/Google+Redesign/Google+Land+and+Sea+Tech+Taco
1094512.8196589145,page_view,1606336565045470,https://shop.googlemerchandisestore.com/Google+Redesign/Google+Blue+Stojo+Cup
1094512.8196589145,page_view,1606336576501560,https://shop.googlemerchandisestore.com/Google+Redesign/Google+Land+and+Sea+Mug
1094512.8196589145,page_view,1606336587022568,https://shop.googlemerchandisestore.com/Google+Redesign/Google+Land+and+Sea+French+Terry+Sweatshirt
1094512.8196589145,page_view,1606336597254031,https://shop.googlemerchandisestore.com/Google+Redesign/Apparel/Google+Land+and+Sea+Cotton+Cap+LS
1094512.8196589145,page_view,1606336609170091,https://shop.googlemerchandisestore.com/Google+Redesign/Lifestyle/Google+Land+and+Sea+Tote+Bag
1094512.8196589145,page_view,1606336621006443,https://shop.googlemerchandisestore.com/Google+Redesign/Stationery/Google+Land+and+Sea+Journal+Set
1094512.8196589145,page_view,1606336631883197,https://shop.googlemerchandisestore.com/Google+Redesign/Lifestyle/Google+Land+and+Sea+Nalgene+Water+Bottle+LS
1094512.8196589145,page_view,1606336644382578,https://shop.googlemerchandisestore.com/Google+Redesign/Apparel/Google+Land+and+Sea+Unisex+Tee
1094512.8196589145,page_view,1606336656435312,https://shop.googlemerchandisestore.com/Google+Redesign/Apparel/Google+Land+and+Sea+Womens+Eco+Tee
1094512.8196589145,page_view,1606336668772677,https://shop.googlemerchandisestore.com/Google+RMG+Redesign/Lifestyle/Mural+Food+Container
1094512.8196589145,page_view,1606336679811466,https://shop.googlemerchandisestore.com/Google+Redesign/Apparel/Google+Unisex+Eco+Tee+Black
1094512.8196589145,page_view,1606336692366517,https://shop.googlemerchandisestore.com/Google+Redesign/Apparel/Google+Zip+Hoodie+FC
1094512.8196589145,page_view,1606336709574425,https://shop.googlemerchandisestore.com/Google+Redesign/Apparel/Google+Navy+Speckled+Tee
1094512.8196589145,page_view,1606336721658606,https://shop.googlemerchandisestore.com/Google+Redesign/Apparel/Google+Badge+Heavyweight+Pullover+Black
1094512.8196589145,page_view,1606336733934422,https://shop.googlemerchandisestore.com/Google+Redesign/Apparel/Google+Heathered+Pom+Beanie
1094512.8196589145,page_view,1606336744978078,https://shop.googlemerchandisestore.com/Google+Redesign/Apparel/Google+Campus+Bike+Eco+Tee+Navy
1094512.8196589145,page_view,1606336758638123,https://shop.googlemerchandisestore.com/Google+Redesign/Apparel/Google+FC+Longsleeve+Charcoal
1094512.8196589145,page_view,1606336771266064,https://shop.googlemerchandisestore.com/Google+Redesign/Apparel/Google+Leather+Strap+Hat+Black
1094512.8196589145,page_view,1606336782442527,https://shop.googlemerchandisestore.com/Google+Redesign/Apparel/Google+Sherpa+Zip+Hoodie+Charcoal
1094512.8196589145,page_view,1606336795685286,https://shop.googlemerchandisestore.com/Google+Redesign/Apparel/Google+Heather+Green+Speckled+Tee
1094512.8196589145,page_view,1606336806898274,https://shop.googlemerchandisestore.com/Google+Redesign/Apparel/Google+Womens+Eco+Tee+Black
1094512.8196589145,page_view,1606336817370730,https://shop.googlemerchandisestore.com/Google+Redesign/Apparel/YouTube+Twill+Cap+Sandwich+Black
1094512.8196589145,page_view,1606336829021952,https://shop.googlemerchandisestore.com/Google+Redesign/Apparel/Google+Leather+Strap+Hat+Blue
1094512.8196589145,page_view,1606336839440205,https://shop.googlemerchandisestore.com/Google+Redesign/Apparel/YouTube+Leather+Strap+Hat+Black
1094512.8196589145,page_view,1606336851353196,https://shop.googlemerchandisestore.com/Google+Redesign/Apparel/Google+Speckled+Beanie+Navy
1094512.8196589145,page_view,1606336862210088,https://shop.googlemerchandisestore.com/Google+Redesign/Apparel/Google+Speckled+Beanie+Grey
1094512.8196589145,page_view,1606336874626870,https://shop.googlemerchandisestore.com/Google+Redesign/Apparel/Android+Iconic+Hat+V2+Black
1094512.8196589145,page_view,1606336884947164,https://shop.googlemerchandisestore.com/Google+Redesign/Apparel/Android+Iconic+Beanie
1094512.8196589145,page_view,1606336897039401,https://shop.googlemerchandisestore.com/Google+Redesign/Apparel/Android+Iconic+Hat+Green
1094512.8196589145,page_view,1606336911253882,https://shop.googlemerchandisestore.com/Google+Redesign/Apparel/Android+Iconic+Hat+White
1094512.8196589145,page_view,1606336926186172,https://shop.googlemerchandisestore.com/Google+Redesign/Apparel/Google+Infant+Charcoal+Onesie
1094512.8196589145,page_view,1606336937065454,https://shop.googlemerchandisestore.com/Google+Redesign/Apparel/Android+Pocket+Onesie+Navy
1094512.8196589145,page_view,1606336947892499,https://shop.googlemerchandisestore.com/Google+Redesign/Apparel/Google+Infant+Hero+Tee+Olive
1094512.8196589145,page_view,1606336957682435,https://shop.googlemerchandisestore.com/Google+Redesign/Apparel/Google+Toddler+FC+Zip+Hoodie
1094512.8196589145,page_view,1606336969219349,https://shop.googlemerchandisestore.com/Google+Redesign/Apparel/Google+Youth+Hero+Tee+Grey
1094512.8196589145,page_view,1606336981239116,https://shop.googlemerchandisestore.com/Google+Redesign/Apparel/Google+Youth+FC+Tee+Charcoal
1094512.8196589145,page_view,1606336992889612,https://shop.googlemerchandisestore.com/Google+Redesign/Apparel/Google+Youth+FC+Longsleeve+Charcoal
1094512.8196589145,page_view,1606337004046323,https://shop.googlemerchandisestore.com/Google+Redesign/Apparel/Google+Toddler+FC+Tee+Charcoal
1094512.8196589145,page_view,1606337014784458,https://shop.googlemerchandisestore.com/Google+Redesign/Apparel/Google+Youth+Hero+Tee+Maroon
1094512.8196589145,page_view,1606337025625837,https://shop.googlemerchandisestore.com/Google+Redesign/Apparel/Google+Toddler+Tee+White
1094512.8196589145,page_view,1606337037111030,https://shop.googlemerchandisestore.com/Google+Redesign/Apparel/Google+Toddler+Hero+Tee+Olive
1094512.8196589145,page_view,1606337048173559,https://shop.googlemerchandisestore.com/Google+Redesign/Apparel/Google+Youth+Badge+Tee+Navy
1094512.8196589145,page_view,1606337059317747,https://shop.googlemerchandisestore.com/Google+Redesign/Apparel/Google+Sherpa+Zip+Hoodie+Navy
1094512.8196589145,page_view,1606337072766866,https://shop.googlemerchandisestore.com/Google+Redesign/Apparel/Google+Crewneck+Sweatshirt+Green
1094512.8196589145,page_view,1606337083897744,https://shop.googlemerchandisestore.com/Google+Redesign/Apparel/Google+Dino+Game+Tee
1094512.8196589145,page_view,1606337095093094,https://shop.googlemerchandisestore.com/Google+Redesign/Apparel/Google+Crew+Socks
1094512.8196589145,page_view,1606337107206135,https://shop.googlemerchandisestore.com/Google+Redesign/Apparel/YouTube+Crew+Socks
1094512.8196589145,page_view,1606337117638281,https://shop.googlemerchandisestore.com/Google+Redesign/Apparel/Google+Google+Crew+Striped+Athletic+Sock
1094512.8196589145,page_view,1606337129041389,https://shop.googlemerchandisestore.com/Google+Redesign/Apparel/Google+Google+Crew+Combed+Cotton+Sock
1094512.8196589145,page_view,1606337139057961,https://shop.googlemerchandisestore.com/Google+Redesign/Apparel/Android+Iconic+Sock
1094512.8196589145,page_view,1606337149538024,https://shop.googlemerchandisestore.com/Google+Redesign/Apparel/Google+Mural+Socks
1094512.8196589145,page_view,1606337160542079,https://shop.googlemerchandisestore.com/Google+Redesign/Apparel/IamRemarkable+Hoodie
1094512.8196589145,page_view,1606337171335295,https://shop.googlemerchandisestore.com/Google+Redesign/Apparel/Google+Womens+Microfleece+Jacket+Black
1094512.8196589145,page_view,1606337183240185,https://shop.googlemerchandisestore.com/Google+Redesign/Apparel/Google+Womens+Grid+Zip+Up
1094512.8196589145,page_view,1606337194157668,https://shop.googlemerchandisestore.com/Google+Redesign/Apparel/Google+Womens+Google+Striped+LS
1094512.8196589145,page_view,1606337204858096,https://shop.googlemerchandisestore.com/Google+Redesign/Apparel/Google+Womens+Puff+Jacket+Black
1094512.8196589145,page_view,1606337217867125,https://shop.googlemerchandisestore.com/Google+Redesign/ApparelGoogle+Beekeepers+Tee+Mint
1094512.8196589145,page_view,1606337233421812,https://shop.googlemerchandisestore.com/Google+Redesign/Apparel/Stan+and+Friends+Tee+Green
1094512.8196589145,page_view,1606337247357170,https://shop.googlemerchandisestore.com/Google+Redesign/Apparel/Android+Garden+Tee+Orange
1094512.8196589145,page_view,1606337257603800,https://shop.googlemerchandisestore.com/Google+Redesign/Apparel/IamRemarkable+Ladies+T-Shirt
1094512.8196589145,page_view,1606337267068844,https://shop.googlemerchandisestore.com/
1094512.8196589145,page_view,1606337277389018,https://shop.googlemerchandisestore.com/
1094512.8196589145,page_view,1606337285102464,https://shop.googlemerchandisestore.com/signin.html
1094512.8196589145,page_view,1606337311013588,https://shop.googlemerchandisestore.com/Google+Redesign/Apparel/YouTube+Twill+Cap+Sandwich+Black
1094512.8196589145,page_view,1606337318620957,https://shop.googlemerchandisestore.com/basket.html
1094512.8196589145,page_view,1606337319859951,https://shop.googlemerchandisestore.com/yourinfo.html
1094512.8196589145,page_view,1606337335722716,https://shop.googlemerchandisestore.com/
1094512.8196589145,page_view,1606337354298272,https://shop.googlemerchandisestore.com/asearch.html
1094512.8196589145,page_view,1606337362275133,https://shop.googlemerchandisestore.com/Google+Redesign/Lifestyle/Fun/Google+Kick+Ball.axd
1094512.8196589145,page_view,1606337373178055,https://shop.googlemerchandisestore.com/
1094512.8196589145,page_view,1606337379334709,https://shop.googlemerchandisestore.com/Google+Redesign/Apparel/Hats
1094512.8196589145,page_view,1606337394129563,https://shop.googlemerchandisestore.com/
1094512.8196589145,page_view,1606337400127896,https://shop.googlemerchandisestore.com/Google+Redesign/Apparel/Hats
1094512.8196589145,page_view,1606337410184690,https://shop.googlemerchandisestore.com/basket.html
1097712.4695509159,page_view,1606279371768311,https://shop.googlemerchandisestore.com/Google+Redesign/Apparel/Mens/Mens+T+Shirts
1100368.3399730952,page_view,1606344275973576,https://shop.googlemerchandisestore.com/Google+Redesign/Apparel
11026237.6695291303,purchase,1606754140987509,https://shop.googlemerchandisestore.com/ordercompleted.html
1105394.5312324523,page_view,1606275450383414,https://shop.googlemerchandisestore.com/
1105394.5312324523,page_view,1606275462808291,https://shop.googlemerchandisestore.com/Google+Redesign/eco+friendly
1105394.5312324523,page_view,1606275471634344,https://shop.googlemerchandisestore.com/Google+Redesign/New
1105394.5312324523,page_view,1606275676489191,https://shop.googlemerchandisestore.com/Google+Redesign/Apparel/Womens
1106217.0771663734,page_view,1606283230641921,https://shop.googlemerchandisestore.com/Google+Redesign/Lifestyle/Google+Bear+Baby+Blanket+Beige
11064650.6068648711,purchase,1605830704719535,https://shop.googlemerchandisestore.com/ordercompleted.html
11064650.6068648711,purchase,1605830704747446,https://shop.googlemerchandisestore.com/ordercompleted.html
1107255.9269551564,page_view,1606297430148528,https://shop.googlemerchandisestore.com/
1107255.9269551564,page_view,1606297468119930,https://shop.googlemerchandisestore.com/Google+Redesign/Shop+by+Brand/Android
1107255.9269551564,page_view,1606297477351858,https://shop.googlemerchandisestore.com/Google+Redesign/eco+friendly
1107255.9269551564,page_view,1606297520372452,https://shop.googlemerchandisestore.com/basket.html
11080044.8197718586,purchase,1605841736339048,https://shop.googlemerchandisestore.com/ordercompleted.html
1112480.2331977019,purchase,1606534443315015,https://shop.googlemerchandisestore.com/ordercompleted.html
1112480.2331977019,purchase,1606557473592952,https://shop.googlemerchandisestore.com/ordercompleted.html
1115538.3181049689,page_view,1606332870188263,https://shop.googlemerchandisestore.com/Google+Redesign/Shop+by+Brand/YouTube
1116360.8087526759,page_view,1606297900878145,https://www.googlemerchandisestore.com/
11176286.2780407108,purchase,1606736844159489,https://shop.googlemerchandisestore.com/ordercompleted.html
1121972.2148760081,page_view,1606326876991510,https://shop.googlemerchandisestore.com/Google+Redesign/Lifestyle/Drinkware
1121972.2148760081,page_view,1606345452266635,https://shop.googlemerchandisestore.com/Google+Redesign/Lifestyle/Drinkware
1121990.1867762126,view_item,1606226280988525,https://shop.googlemerchandisestore.com/Google+Redesign/Apparel/Google+Unisex+Google+Pocket+Tee+Grey
11244054.2177805414,purchase,1608096720364676,https://shop.googlemerchandisestore.com/ordercompleted.html
11268277.5649357552,add_to_cart,1607069189099687,https://shop.googlemerchandisestore.com/Google+Redesign/Shop+by+Brand/YouTube
11273687.2496899014,add_to_cart,1607041864475081,https://shop.googlemerchandisestore.com/Google+Redesign/Apparel/Hats
11273687.2496899014,add_to_cart,1607041883742810,https://shop.googlemerchandisestore.com/Google+Redesign/Apparel/Hats
11276007.4623855146,purchase,1608132642003747,https://shop.googlemerchandisestore.com/ordercompleted.html
1128450.2388950784,page_view,1606320813062047,https://shop.googlemerchandisestore.com/Google+Redesign/Shop+by+Brand/YouTube
1128719.6204826832,page_view,1606295857450283,https://shop.googlemerchandisestore.com/Google+Redesign/Apparel/Mens
11303624.3432609630,purchase,1606285043434687,https://shop.googlemerchandisestore.com/ordercompleted.html
1131754.5265277968,purchase,1606572274231881,https://shop.googlemerchandisestore.com/ordercompleted.html
11323811.0415184273,purchase,1608094996308918,https://shop.googlemerchandisestore.com/ordercompleted.html
11323811.0415184273,purchase,1608095168976391,https://shop.googlemerchandisestore.com/ordercompleted.html
11323811.0415184273,purchase,1608095276681534,https://shop.googlemerchandisestore.com/ordercompleted.html
11323811.0415184273,purchase,1608095461523126,https://shop.googlemerchandisestore.com/ordercompleted.html
11330440.1022375512,purchase,1607329056272705,https://shop.googlemerchandisestore.com/ordercompleted.html
11330440.1022375512,purchase,1607330589918083,https://shop.googlemerchandisestore.com/ordercompleted.html
1134387.5658661634,view_item,1606201675261832,https://shop.googlemerchandisestore.com/Google+Redesign/Accessories/Google+Medium+Pet+Collar+Red+Yellow
1135280.2960191273,page_view,1606286631024880,https://googlemerchandisestore.com/
1136848.1752258655,page_view,1606265330302013,https://shop.googlemerchandisestore.com/
1136848.1752258655,page_view,1606265352022078,https://shop.googlemerchandisestore.com/Google+Redesign/New
1136848.1752258655,page_view,1606265369619981,https://shop.googlemerchandisestore.com/Google+Redesign/Apparel
1136848.1752258655,page_view,1606265384180421,https://shop.googlemerchandisestore.com/Google+Redesign/Apparel/Hats
1136848.1752258655,page_view,1606265405724323,https://shop.googlemerchandisestore.com/Google+Redesign/Apparel/Kids
1136848.1752258655,page_view,1606265430254909,https://shop.googlemerchandisestore.com/Google+Redesign/Apparel/Mens
1136848.1752258655,page_view,1606265446500549,https://shop.googlemerchandisestore.com/Google+Redesign/Apparel/Socks
1136848.1752258655,page_view,1606265462684680,https://shop.googlemerchandisestore.com/Google+Redesign/Apparel/Womens
1136848.1752258655,page_view,1606265489103907,https://shop.googlemerchandisestore.com/Google+Redesign/Lifestyle
1136848.1752258655,page_view,1606265511476379,https://shop.googlemerchandisestore.com/Google+Redesign/Lifestyle/Bags
1136848.1752258655,page_view,1606265527058763,https://shop.googlemerchandisestore.com/Google+Redesign/Lifestyle/Drinkware
1136848.1752258655,page_view,1606265548564849,https://shop.googlemerchandisestore.com/Google+Redesign/Lifestyle/Small+Goods
1136848.1752258655,page_view,1606265571884529,https://shop.googlemerchandisestore.com/Google+Redesign/Stationery
1136848.1752258655,page_view,1606265589184745,https://shop.googlemerchandisestore.com/Google+Redesign/Stationery/Notebooks
1136848.1752258655,page_view,1606265608772661,https://shop.googlemerchandisestore.com/Google+Redesign/Stationery/Stickers
1136848.1752258655,page_view,1606265630061326,https://shop.googlemerchandisestore.com/Google+Redesign/Stationery/Writing
1136848.1752258655,page_view,1606265654864552,https://shop.googlemerchandisestore.com/Google+Redesign/eco+friendly
1136848.1752258655,page_view,1606265673453256,https://shop.googlemerchandisestore.com/Google+Redesign/Shop+by+Brand
1136848.1752258655,page_view,1606265691856758,https://shop.googlemerchandisestore.com/Google+Redesign/Shop+by+Brand/Android
1136848.1752258655,page_view,1606265713344314,https://shop.googlemerchandisestore.com/Google+Redesign/Shop+by+Brand/Google
1136848.1752258655,page_view,1606265734468853,https://shop.googlemerchandisestore.com/Google+Redesign/Shop+by+Brand/I+am+Remarkable
1136848.1752258655,page_view,1606265754703414,https://shop.googlemerchandisestore.com/Google+Redesign/Shop+by+Brand/YouTube
1136848.1752258655,page_view,1606265774924033,https://shop.googlemerchandisestore.com/Google+Redesign/Clearance
1136848.1752258655,page_view,1606265798516544,https://shop.googlemerchandisestore.com/Google+Redesign/Campus+Collection
1136848.1752258655,page_view,1606265815084634,https://shop.googlemerchandisestore.com/signin.html
1136848.1752258655,page_view,1606265830256394,https://shop.googlemerchandisestore.com/signin.html
1136848.1752258655,page_view,1606265849844826,https://shop.googlemerchandisestore.com/signin.html
1136848.1752258655,page_view,1606265871104110,https://shop.googlemerchandisestore.com/store-policies/frequently-asked-questions/
1136848.1752258655,page_view,1606265887698027,https://shop.googlemerchandisestore.com/basket.html
1136848.1752258655,page_view,1606265903816871,https://shop.googlemerchandisestore.com/Google+Redesign/Wearables/Men+s+T-Shirts
1136848.1752258655,page_view,1606265927627911,https://shop.googlemerchandisestore.com/Google+Redesign/Shop+by+Brand
1136848.1752258655,page_view,1606265949516732,https://shop.googlemerchandisestore.com/asearch.html
1136848.1752258655,page_view,1606265969816767,https://shop.googlemerchandisestore.com/Google+Redesign/eco+friendly
1136848.1752258655,page_view,1606265997214067,https://shop.googlemerchandisestore.com/Google+Redesign/Apparel/Google+Cotopaxi+Shell
1136848.1752258655,page_view,1606266014556748,https://shop.googlemerchandisestore.com/store-policies/return-policy/
1136848.1752258655,page_view,1606266030339427,https://shop.googlemerchandisestore.com/store-policies/shipping-information/
1136848.1752258655,page_view,1606266043920048,https://shop.googlemerchandisestore.com/store-policies/privacy-policy/
1136848.1752258655,page_view,1606266063632547,https://shop.googlemerchandisestore.com/store-policies/terms-of-use/
1136848.1752258655,page_view,1606266087772882,https://shop.googlemerchandisestore.com/Google+Redesign/Super+G+Unisex+Joggers
1136848.1752258655,page_view,1606266108373802,https://shop.googlemerchandisestore.com/Google+Redesign/Google+Land+and+Sea+Tech+Taco
1136848.1752258655,page_view,1606266123225891,https://shop.googlemerchandisestore.com/Google+Redesign/Google+Blue+Stojo+Cup
1136848.1752258655,page_view,1606266141380586,https://shop.googlemerchandisestore.com/Google+Redesign/Google+Land+and+Sea+Mug
1136848.1752258655,page_view,1606266161276482,https://shop.googlemerchandisestore.com/Google+Redesign/Google+Land+and+Sea+French+Terry+Sweatshirt
1136848.1752258655,page_view,1606266178471488,https://shop.googlemerchandisestore.com/Google+Redesign/Apparel/Google+Land+and+Sea+Cotton+Cap+LS
1136848.1752258655,page_view,1606266195580788,https://shop.googlemerchandisestore.com/Google+Redesign/Lifestyle/Google+Land+and+Sea+Tote+Bag
1136848.1752258655,page_view,1606266210865527,https://shop.googlemerchandisestore.com/Google+Redesign/Stationery/Google+Land+and+Sea+Journal+Set
1136848.1752258655,page_view,1606266226596784,https://shop.googlemerchandisestore.com/Google+Redesign/Lifestyle/Google+Land+and+Sea+Nalgene+Water+Bottle+LS
1136848.1752258655,page_view,1606266241328149,https://shop.googlemerchandisestore.com/Google+Redesign/Apparel/Google+Land+and+Sea+Unisex+Tee
1136848.1752258655,page_view,1606266262192554,https://shop.googlemerchandisestore.com/Google+Redesign/Apparel/Google+Land+and+Sea+Womens+Eco+Tee
1136848.1752258655,page_view,1606266276821916,https://shop.googlemerchandisestore.com/Google+RMG+Redesign/Lifestyle/Mural+Food+Container
1136848.1752258655,page_view,1606266289173213,https://shop.googlemerchandisestore.com/Google+Redesign/Apparel/Google+Unisex+Eco+Tee+Black
1136848.1752258655,page_view,1606266305328685,https://shop.googlemerchandisestore.com/Google+Redesign/Apparel/Google+Zip+Hoodie+FC
1136848.1752258655,page_view,1606266323390779,https://shop.googlemerchandisestore.com/Google+Redesign/Apparel/Google+Navy+Speckled+Tee
1136848.1752258655,page_view,1606266350958812,https://shop.googlemerchandisestore.com/Google+Redesign/Apparel/Google+Navy+Speckled+Tee
1136848.1752258655,page_view,1606266372391892,https://shop.googlemerchandisestore.com/Google+Redesign/Apparel/Google+Campus+Bike+Eco+Tee+Navy
1136848.1752258655,page_view,1606266396360330,https://shop.googlemerchandisestore.com/Google+Redesign/Apparel/Google+Leather+Strap+Hat+Black
1136848.1752258655,page_view,1606266419524895,https://shop.googlemerchandisestore.com/Google+Redesign/Apparel/Google+Sherpa+Zip+Hoodie+Charcoal
1136848.1752258655,page_view,1606266438570867,https://shop.googlemerchandisestore.com/Google+Redesign/Apparel/Google+Heathered+Pom+Beanie
1136848.1752258655,page_view,1606266466236098,https://shop.googlemerchandisestore.com/Google+Redesign/Apparel/Google+Badge+Heavyweight+Pullover+Black
1136848.1752258655,page_view,1606266491028277,https://shop.googlemerchandisestore.com/Google+Redesign/Apparel/Google+Womens+Eco+Tee+Black
1136848.1752258655,page_view,1606266512484125,https://shop.googlemerchandisestore.com/Google+Redesign/Apparel/Google+FC+Longsleeve+Charcoal
1136848.1752258655,page_view,1606266536840213,https://shop.googlemerchandisestore.com/Google+Redesign/Apparel/Google+Speckled+Beanie+Navy
1136848.1752258655,page_view,1606266561020138,https://shop.googlemerchandisestore.com/Google+Redesign/Apparel/YouTube+Twill+Cap+Sandwich+Black
1136848.1752258655,page_view,1606266580760126,https://shop.googlemerchandisestore.com/Google+Redesign/Apparel/Google+Leather+Strap+Hat+Blue
1136848.1752258655,page_view,1606266603572410,https://shop.googlemerchandisestore.com/Google+Redesign/Apparel/YouTube+Leather+Strap+Hat+Black
1136848.1752258655,page_view,1606266624275207,https://shop.googlemerchandisestore.com/Google+Redesign/Apparel/Google+Speckled+Beanie+Grey
1136848.1752258655,page_view,1606266641932778,https://shop.googlemerchandisestore.com/Google+Redesign/Apparel/Android+Iconic+Hat+V2+Black
1136848.1752258655,page_view,1606266666283633,https://shop.googlemerchandisestore.com/Google+Redesign/Apparel/Android+Iconic+Beanie
1136848.1752258655,page_view,1606266691579761,https://shop.googlemerchandisestore.com/Google+Redesign/Apparel/Android+Iconic+Hat+Green
1136848.1752258655,page_view,1606266706934982,https://shop.googlemerchandisestore.com/Google+Redesign/Apparel/Android+Iconic+Hat+White
1136848.1752258655,page_view,1606266734264638,https://shop.googlemerchandisestore.com/Google+Redesign/Apparel/Google+Infant+Charcoal+Onesie
1136848.1752258655,page_view,1606266762309210,https://shop.googlemerchandisestore.com/Google+Redesign/Apparel/Android+Pocket+Onesie+Navy
1136848.1752258655,page_view,1606266783664773,https://shop.googlemerchandisestore.com/Google+Redesign/Apparel/Google+Infant+Hero+Tee+Olive
1136848.1752258655,page_view,1606266805474458,https://shop.googlemerchandisestore.com/Google+Redesign/Apparel/Google+Youth+Hero+Tee+Grey
1136848.1752258655,page_view,1606266826373149,https://shop.googlemerchandisestore.com/Google+Redesign/Apparel/Google+Toddler+FC+Zip+Hoodie
1136848.1752258655,page_view,1606266844713695,https://shop.googlemerchandisestore.com/Google+Redesign/Apparel/Google+Youth+FC+Tee+Charcoal
1136848.1752258655,page_view,1606266868664445,https://shop.googlemerchandisestore.com/Google+Redesign/Apparel/Google+Youth+FC+Longsleeve+Charcoal
1136848.1752258655,page_view,1606266895040939,https://shop.googlemerchandisestore.com/Google+Redesign/Apparel/Google+Toddler+Tee+White
1136848.1752258655,page_view,1606266915576816,https://shop.googlemerchandisestore.com/Google+Redesign/Apparel/Google+Toddler+FC+Tee+Charcoal
1136848.1752258655,page_view,1606266939904218,https://shop.googlemerchandisestore.com/Google+Redesign/Apparel/Google+Toddler+Hero+Tee+Olive
1136848.1752258655,page_view,1606266963544493,https://shop.googlemerchandisestore.com/Google+Redesign/Apparel/Google+Youth+Hero+Tee+Maroon
1136848.1752258655,page_view,1606266989624774,https://shop.googlemerchandisestore.com/Google+Redesign/Apparel/Google+Toddler+Hero+Tee+Black
1136848.1752258655,page_view,1606267014476747,https://shop.googlemerchandisestore.com/Google+Redesign/Apparel/Google+Heather+Green+Speckled+Tee
1136848.1752258655,page_view,1606267040502013,https://shop.googlemerchandisestore.com/Google+Redesign/Apparel/Google+Sherpa+Zip+Hoodie+Navy
1136848.1752258655,page_view,1606267062980166,https://shop.googlemerchandisestore.com/Google+Redesign/Apparel/Google+Crewneck+Sweatshirt+Green
1136848.1752258655,page_view,1606267092416523,https://shop.googlemerchandisestore.com/Google+Redesign/Apparel/Google+Dino+Game+Tee
11370250.6795005807,purchase,1606534105100869,https://shop.googlemerchandisestore.com/ordercompleted.html
11429624.0505703180,add_to_cart,1607077496051575,https://shop.googlemerchandisestore.com/Google+Redesign/Clearance
11429624.0505703180,add_to_cart,1607077501322106,https://shop.googlemerchandisestore.com/Google+Redesign/Clearance
11429624.0505703180,add_to_cart,1607077539661388,https://shop.googlemerchandisestore.com/store.html
11429624.0505703180,add_to_cart,1607077619855864,https://shop.googlemerchandisestore.com/Google+Redesign/Apparel/Mens
11429624.0505703180,add_to_cart,1607077641750868,https://shop.googlemerchandisestore.com/Google+Redesign/Apparel/Mens
11429624.0505703180,add_to_cart,1607077662329026,https://shop.googlemerchandisestore.com/Google+Redesign/Apparel/Mens
11429624.0505703180,add_to_cart,1607096861357614,https://shop.googlemerchandisestore.com/Google+Redesign/Apparel/Mens
11429624.0505703180,add_to_cart,1607097024904371,https://shop.googlemerchandisestore.com/Google+Redesign/Apparel/Mens
11429624.0505703180,add_to_cart,1607097035750250,https://shop.googlemerchandisestore.com/Google+Redesign/Apparel/Mens
11429624.0505703180,add_to_cart,1607097044705056,https://shop.googlemerchandisestore.com/Google+Redesign/Apparel/Mens
11429624.0505703180,add_to_cart,1607097051537643,https://shop.googlemerchandisestore.com/Google+Redesign/Apparel/Mens
11429624.0505703180,add_to_cart,1607097060565357,https://shop.googlemerchandisestore.com/Google+Redesign/Apparel/Mens
11429624.0505703180,add_to_cart,1607097138478455,https://shop.googlemerchandisestore.com/store.html
11429624.0505703180,add_to_cart,1607097182161663,https://shop.googlemerchandisestore.com/store.html
11464749.3857585224,add_to_cart,1607058598107811,https://shop.googlemerchandisestore.com/Google+Redesign/Apparel/Mens
11464749.3857585224,add_to_cart,1607058720757196,https://shop.googlemerchandisestore.com/Google+Redesign/Apparel/Mens
11464749.3857585224,add_to_cart,1607058731934551,https://shop.googlemerchandisestore.com/Google+Redesign/Apparel/Mens
11464749.3857585224,add_to_cart,1607058840359920,https://shop.googlemerchandisestore.com/Google+Redesign/Apparel/Mens
11464749.3857585224,add_to_cart,1607058846199423,https://shop.googlemerchandisestore.com/Google+Redesign/Apparel/Mens
11464749.3857585224,add_to_cart,1607058896551583,https://shop.googlemerchandisestore.com/Google+Redesign/Apparel/Mens
11464749.3857585224,purchase,1607059047875669,https://shop.googlemerchandisestore.com/ordercompleted.html
11495471.0749512812,purchase,1607333491512749,https://shop.googlemerchandisestore.com/ordercompleted.html
11495471.0749512812,purchase,1607334644236488,https://shop.googlemerchandisestore.com/ordercompleted.html
11509726.0727055406,purchase,1607984572123663,https://shop.googlemerchandisestore.com/ordercompleted.html
11509726.0727055406,purchase,1607986576567247,https://shop.googlemerchandisestore.com/ordercompleted.html
11585242.8806256649,add_to_cart,1607112245148541,https://shop.googlemerchandisestore.com/Google+Redesign/Apparel/Hats
11585242.8806256649,add_to_cart,1607113384089052,https://shop.googlemerchandisestore.com/Google+Redesign/Apparel/Hats
11585242.8806256649,add_to_cart,1607113602492107,https://shop.googlemerchandisestore.com/Google+Redesign/New
1159791.4472606438,page_view,1606272344883456,https://shop.googlemerchandisestore.com/
1159791.4472606438,page_view,1606272375910251,https://shop.googlemerchandisestore.com/Google+Redesign/Apparel/Hats
1161455.1674112904,page_view,1606271042160790,https://googlemerchandisestore.com/
1162563.7229343322,page_view,1606268894150050,https://shop.googlemerchandisestore.com/
1164285.1316497087,page_view,1606285706279337,https://shop.googlemerchandisestore.com/
1165995.5956787568,purchase,1605598310279562,https://shop.googlemerchandisestore.com/ordercompleted.html
1171823.3250698100,page_view,1606297841302246,https://googlemerchandisestore.com/
1171823.3250698100,page_view,1606297871176554,https://googlemerchandisestore.com/
1172151.6090690888,page_view,1606297942646345,https://shop.googlemerchandisestore.com/store.html
1172151.6090690888,page_view,1606297962841625,https://shop.googlemerchandisestore.com/Google+Redesign/Clearance
1172151.6090690888,page_view,1606297964382329,https://shop.googlemerchandisestore.com/store.html
1175078.5599635209,page_view,1606272664665282,https://shop.googlemerchandisestore.com/Google+Redesign/Super+G+Unisex+Joggers
1175078.5599635209,page_view,1606272684795500,https://shop.googlemerchandisestore.com/Google+Redesign/Apparel/Kids
1175078.5599635209,page_view,1606272714107014,https://shop.googlemerchandisestore.com/Google+Redesign/eco+friendly
1175078.5599635209,page_view,1606272764620632,https://shop.googlemerchandisestore.com/Google+Redesign/Apparel/Mens
1175078.5599635209,page_view,1606272811691912,https://shop.googlemerchandisestore.com/Google+Redesign/Apparel/Womens
1175078.5599635209,page_view,1606273693630276,https://shop.googlemerchandisestore.com/Google+Redesign/Super+G+Unisex+Joggers
1175078.5599635209,page_view,1606273714660969,https://shop.googlemerchandisestore.com/Google+Redesign/Campus+Collection
1175078.5599635209,page_view,1606273724490842,https://shop.googlemerchandisestore.com/store.html
11804455.8043636728,purchase,1607043472874101,https://shop.googlemerchandisestore.com/ordercompleted.html
1185846.4241663386,page_view,1606336774558086,https://shop.googlemerchandisestore.com/clearance/clearance-apparel/
1185846.4241663386,page_view,1606336793138273,https://shop.googlemerchandisestore.com/clearance/clearance-apparel/
1185846.4241663386,page_view,1606336802814187,https://shop.googlemerchandisestore.com/Google+Redesign/New
1185846.4241663386,page_view,1606336818026786,https://shop.googlemerchandisestore.com/Google+Redesign/Apparel/Hats
1185846.4241663386,page_view,1606336826848212,https://shop.googlemerchandisestore.com/Google+Redesign/Apparel/Mens
1185846.4241663386,page_view,1606336841357924,https://shop.googlemerchandisestore.com/Google+Redesign/Apparel/Socks
1185846.4241663386,page_view,1606336849964893,https://shop.googlemerchandisestore.com/Google+Redesign/Lifestyle/Bags
1185846.4241663386,page_view,1606336862658365,https://shop.googlemerchandisestore.com/Google+Redesign/Shop+by+Brand/Google
1192137.7038531452,purchase,1606727558496661,https://shop.googlemerchandisestore.com/ordercompleted.html
11931987.9153198616,add_to_cart,1607119632783763,https://shop.googlemerchandisestore.com/Google+Redesign/Apparel/Hats
1193927.7718929797,page_view,1606316740230493,https://shop.googlemerchandisestore.com/Google+Redesign/Clearance
1193927.7718929797,page_view,1606316747062373,https://shop.googlemerchandisestore.com/signin.html
1193927.7718929797,page_view,1606316759464700,https://shop.googlemerchandisestore.com/registersuccess.html
1193927.7718929797,page_view,1606316765520646,https://shop.googlemerchandisestore.com/store.html
1193927.7718929797,page_view,1606316776423925,https://shop.googlemerchandisestore.com/Google+Redesign/Clearance
1193927.7718929797,page_view,1606316853642269,https://shop.googlemerchandisestore.com/Google+Redesign/Apparel
1193927.7718929797,page_view,1606316919021655,https://shop.googlemerchandisestore.com/Google+Redesign/Apparel/Google+Land+and+Sea+Cotton+Cap+LS
1193927.7718929797,page_view,1606316930253832,https://shop.googlemerchandisestore.com/Google+Redesign/Apparel/Google+Crewneck+Sweatshirt+Green
1193927.7718929797,page_view,1606316964469276,https://shop.googlemerchandisestore.com/store.html
1193927.7718929797,page_view,1606316995119517,https://shop.googlemerchandisestore.com/store.html
1193927.7718929797,page_view,1606317020323336,https://shop.googlemerchandisestore.com/Google+Redesign/Apparel/Google+Crew+Grey
1193927.7718929797,page_view,1606317044584154,https://shop.googlemerchandisestore.com/Google+Redesign/eco+friendly
1193927.7718929797,page_view,1606317089662665,https://shop.googlemerchandisestore.com/Google+Redesign/Stationery
1193927.7718929797,page_view,1606317120235299,https://shop.googlemerchandisestore.com/Google+Redesign/Lifestyle
1193927.7718929797,page_view,1606317334831751,https://shop.googlemerchandisestore.com/Google+Redesign/eco+friendly
1193927.7718929797,page_view,1606317357231534,https://shop.googlemerchandisestore.com/Google+Redesign/Google+Land+and+Sea+French+Terry+Sweatshirt
1193927.7718929797,page_view,1606317384783806,https://shop.googlemerchandisestore.com/Google+Redesign/Campus+Collection
1193927.7718929797,page_view,1606317401564938,https://shop.googlemerchandisestore.com/Google+Redesign/New
1193927.7718929797,page_view,1606317418736115,https://shop.googlemerchandisestore.com/Google+Redesign/Shop+by+Brand
1193927.7718929797,page_view,1606317432997647,https://shop.googlemerchandisestore.com/Google+Redesign/Clearance
1193927.7718929797,page_view,1606317456044816,https://shop.googlemerchandisestore.com/Google+Redesign/Apparel/Google+Google+Summer19+Crew+Grey
1193927.7718929797,page_view,1606317604547661,https://shop.googlemerchandisestore.com/basket.html
1193927.7718929797,page_view,1606317693284054,https://shop.googlemerchandisestore.com/basket.html
1193927.7718929797,page_view,1606317705988794,https://shop.googlemerchandisestore.com/basket.html
1193927.7718929797,page_view,1606317732073136,https://shop.googlemerchandisestore.com/basket.html
1193927.7718929797,page_view,1606317904164477,https://shop.googlemerchandisestore.com/Google+Redesign/Clearance
1193927.7718929797,page_view,1606317916512726,https://shop.googlemerchandisestore.com/store.html
1193927.7718929797,page_view,1606317934968251,https://shop.googlemerchandisestore.com/Google+Redesign/New
1193927.7718929797,page_view,1606317961720108,https://shop.googlemerchandisestore.com/
1193927.7718929797,page_view,1606317969608038,https://shop.googlemerchandisestore.com/
1193927.7718929797,page_view,1606317992869616,https://shop.googlemerchandisestore.com/Google+Redesign/Lifestyle/Bags
1193927.7718929797,page_view,1606319108139039,https://shop.googlemerchandisestore.com/basket.html
1197596.6971314265,purchase,1605305054579932,https://shop.googlemerchandisestore.com/ordercompleted.html
1198925.5291272684,page_view,1606323517943803,https://shop.googlemerchandisestore.com/
1198925.5291272684,page_view,1606323529359142,https://shop.googlemerchandisestore.com/Google+Redesign/Apparel/Hats
1198925.5291272684,page_view,1606323566778500,https://shop.googlemerchandisestore.com/
1198925.5291272684,page_view,1606323577938969,https://shop.googlemerchandisestore.com/signin.html
1198925.5291272684,page_view,1606323617974411,https://shop.googlemerchandisestore.com/Google+Redesign/Apparel/YouTube+Twill+Cap+Sandwich+Black
1198925.5291272684,page_view,1606323630970391,https://shop.googlemerchandisestore.com/basket.html
1198925.5291272684,page_view,1606323632350662,https://shop.googlemerchandisestore.com/yourinfo.html
1198925.5291272684,page_view,1606323649418645,https://shop.googlemerchandisestore.com/
1200130.0171015812,page_view,1606300957748797,https://shop.googlemerchandisestore.com/
1200130.0171015812,page_view,1606300970423843,https://shop.googlemerchandisestore.com/signin.html
1204621.8982188321,purchase,1605270424529874,https://shop.googlemerchandisestore.com/ordercompleted.html
1204790.9338712803,page_view,1606285838648574,https://shop.googlemerchandisestore.com/Google+Redesign/Lifestyle/Drinkware
1207697.7765216065,purchase,1605609488560339,https://shop.googlemerchandisestore.com/ordercompleted.html
1211789.8897335052,page_view,1606310487117221,https://shop.googlemerchandisestore.com/Google+Redesign/Accessories/Google+Chrome+Dinosaur+Collectible
12121152.8899054709,add_to_cart,1607046792328421,https://shop.googlemerchandisestore.com/Google+Redesign/Stationery/Stickers
12152291.1519358530,purchase,1606528960952017,https://shop.googlemerchandisestore.com/ordercompleted.html
12213703.3562085871,begin_checkout,1608865303306209,https://shop.googlemerchandisestore.com/yourinfo.html
12213703.3562085871,begin_checkout,1608865303394402,https://shop.googlemerchandisestore.com/yourinfo.html
12213703.3562085871,begin_checkout,1608865303404496,https://shop.googlemerchandisestore.com/yourinfo.html
12213703.3562085871,begin_checkout,1608865372492978,https://shop.googlemerchandisestore.com/yourinfo.html
12213703.3562085871,begin_checkout,1608865372620257,https://shop.googlemerchandisestore.com/yourinfo.html
12213703.3562085871,begin_checkout,1608865372630392,https://shop.googlemerchandisestore.com/yourinfo.html
12213703.3562085871,purchase,1608865523881727,https://shop.googlemerchandisestore.com/ordercompleted.html
1221476.7781892149,page_view,1606271286864487,https://googlemerchandisestore.com/
1221476.7781892149,page_view,1606271463023795,https://googlemerchandisestore.com/
1221476.7781892149,page_view,1606271498517126,https://googlemerchandisestore.com/
1224624.9030994145,page_view,1606305007451472,https://www.googlemerchandisestore.com/
1228066.6079609110,page_view,1606314133316170,https://shop.googlemerchandisestore.com/Google+Redesign/Apparel
1228066.6079609110,page_view,1606314171407514,https://shop.googlemerchandisestore.com/asearch.html
12289461.3486454330,purchase,1608639557549150,https://shop.googlemerchandisestore.com/ordercompleted.html
12291446.3815334458,purchase,1605844244025078,https://shop.googlemerchandisestore.com/ordercompleted.html
12291446.3815334458,purchase,1605844244043283,https://shop.googlemerchandisestore.com/ordercompleted.html
12306432.7939489449,purchase,1605226291451611,https://shop.googlemerchandisestore.com/ordercompleted.html
1236268.2863374901,view_item,1606254462788520,https://shop.googlemerchandisestore.com/Google+Redesign/Bags/Essential+Canvas+Tote
1236268.2863374901,view_item,1606254726541779,https://shop.googlemerchandisestore.com/Google+Redesign/Bags/Google+Seaport+Tote
1236268.2863374901,view_item,1606254856184504,https://shop.googlemerchandisestore.com/Google+Redesign/Bags/Google+Hemp+Tote
1236268.2863374901,view_item,1606254904505163,https://shop.googlemerchandisestore.com/Google+Redesign/Bags/Google+Google+Confetti+Accessory+Pouch
1236268.2863374901,view_item,1606254981517988,https://shop.googlemerchandisestore.com/Google+Redesign/Bags/Essential+Canvas+Tote
1236268.2863374901,view_item,1606255015590165,https://shop.googlemerchandisestore.com/Google+Redesign/Lifestyle/Google+Land+and+Sea+Tote+Bag
1236268.2863374901,view_item,1606255088871814,https://shop.googlemerchandisestore.com/Google+Redesign/Bags/Google+Utility+Bag+Grey
1236268.2863374901,view_item,1606255648028240,https://shop.googlemerchandisestore.com/Google+Redesign/Apparel/Google+Heathered+Pom+Beanie
1236268.2863374901,view_item,1606255949940277,https://shop.googlemerchandisestore.com/Google+Redesign/Google+Land+and+Sea+French+Terry+Sweatshirt
1236268.2863374901,purchase,1606256331807062,https://shop.googlemerchandisestore.com/ordercompleted.html
1241963.7306499610,page_view,1606334770600625,https://googlemerchandisestore.com/
1241963.7306499610,page_view,1606334831721179,https://googlemerchandisestore.com/
12422651.1912052672,add_to_cart,1607096889853241,https://shop.googlemerchandisestore.com/Google+Redesign/Shop+by+Brand/YouTube
12422651.1912052672,add_to_cart,1607096903569911,https://shop.googlemerchandisestore.com/Google+Redesign/Shop+by+Brand/YouTube
12422651.1912052672,add_to_cart,1607096921004577,https://shop.googlemerchandisestore.com/Google+Redesign/Shop+by+Brand/YouTube
12422651.1912052672,add_to_cart,1607097048764635,https://shop.googlemerchandisestore.com/Google+Redesign/Apparel/Hats
12422651.1912052672,add_to_cart,1607105276178008,https://shop.googlemerchandisestore.com/Google+Redesign/Apparel/Hats
12422651.1912052672,add_to_cart,1607105298988945,https://shop.googlemerchandisestore.com/Google+Redesign/Apparel/Mens
12422651.1912052672,purchase,1607105695798639,https://shop.googlemerchandisestore.com/ordercompleted.html
1243316.4074408289,view_item,1606251769627291,https://shop.googlemerchandisestore.com/Google+Redesign/Small+Goods/Daddy+Works+at+Google+Book
1243316.4074408289,view_item,1606251890238055,https://shop.googlemerchandisestore.com/Google+Redesign/Office/Android+Large+Trace+Journal+Black
1243316.4074408289,view_item,1606251891028294,https://shop.googlemerchandisestore.com/Google+Redesign/Small+Goods/Daddy+Works+at+Google+Book
1243316.4074408289,view_item,1606251893255364,https://shop.googlemerchandisestore.com/Google+Redesign/Office/Android+Small+Trace+Journal+Bl
1243316.4074408289,view_item,1606251960298847,https://shop.googlemerchandisestore.com/Google+Redesign/Office/Android+Iconic+Notebook
1243316.4074408289,view_item,1606252192596905,https://shop.googlemerchandisestore.com/Google+Redesign/Accessories/Android+Large+Removable+Sticker+Sheet
1243316.4074408289,view_item,1606252218395407,https://shop.googlemerchandisestore.com/Google+Redesign/Accessories/Android+SM+Sticker+Sheet
1243316.4074408289,view_item,1606252240021494,https://shop.googlemerchandisestore.com/Google+Redesign/Accessories/Android+Iconic+Sticker+Sheet
1243316.4074408289,view_item,1606252272421014,https://shop.googlemerchandisestore.com/Google+Redesign/Accessories/Google+Emoji+Sticker+Pack+2+sheet
1243316.4074408289,view_item,1606252612592641,https://shop.googlemerchandisestore.com/Google+Redesign/Apparel/Android+Pocket+Youth+Tee+Navy
1243316.4074408289,purchase,1606253115884433,https://shop.googlemerchandisestore.com/ordercompleted.html
1244750.9673675427,page_view,1606266948867302,https://shop.googlemerchandisestore.com/store-policies/frequently-asked-questions/
1245203.1205410719,purchase,1608106876691078,https://shop.googlemerchandisestore.com/ordercompleted.html
1245203.1205410719,purchase,1608107687057201,https://shop.googlemerchandisestore.com/ordercompleted.html
12453465.5603334682,purchase,1605642842310810,https://shop.googlemerchandisestore.com/ordercompleted.html
1245698.4992998848,page_view,1606328672370235,https://googlemerchandisestore.com/
1245698.4992998848,page_view,1606328682186455,https://shop.googlemerchandisestore.com/
1245698.4992998848,page_view,1606328688840343,https://shop.googlemerchandisestore.com/Google+Redesign/eco+friendly
1248869.1867337044,view_item,1606212731574056,https://shop.googlemerchandisestore.com/Google+Redesign/Campus+Collection/Google+Mountain+View+Campus+Unisex+Tee
1249109.3733294186,page_view,1606314747423992,https://shop.googlemerchandisestore.com/Google+Redesign/Apparel
1252564.0996557416,page_view,1606306807281310,https://shop.googlemerchandisestore.com/Google+Redesign/Apparel
1253322.6309240438,page_view,1606326443469999,https://shop.googlemerchandisestore.com/signin.html
1256237.2766159688,view_item,1606204596876236,https://shop.googlemerchandisestore.com/Google+Redesign/Apparel/Android+Iconic+Crew
1256237.2766159688,view_item,1606204605004296,https://shop.googlemerchandisestore.com/Google+Redesign/Apparel/Google+Crewneck+Sweatshirt+Green
1256237.2766159688,view_item,1606204614084273,https://shop.googlemerchandisestore.com/Google+Redesign/Bags/Google+Bike+Mini+Backpack
1256286.2724062387,page_view,1606273558109486,https://googlemerchandisestore.com/
1260210.5521431174,page_view,1606338230465426,https://shop.googlemerchandisestore.com/Google+Redesign/Lifestyle/Drinkware
12635392.6392715364,purchase,1608221811444022,https://shop.googlemerchandisestore.com/ordercompleted.html
1264970.9888794021,page_view,1606289161517539,https://shop.googlemerchandisestore.com/
1265974.2567616603,page_view,1606328325203359,https://googlemerchandisestore.com/
1268506.7099610399,add_to_cart,1607093725788416,https://shop.googlemerchandisestore.com/Google+Redesign/Apparel/Hats
1268506.7099610399,add_to_cart,1607093746898864,https://shop.googlemerchandisestore.com/Google+Redesign/Apparel/Hats
1269503.0307049017,purchase,1608133174300843,https://shop.googlemerchandisestore.com/ordercompleted.html
1269503.0307049017,purchase,1608189686147993,https://shop.googlemerchandisestore.com/ordercompleted.html
1269503.0307049017,purchase,1608190092207080,https://shop.googlemerchandisestore.com/ordercompleted.html
1269503.0307049017,purchase,1608190380395449,https://shop.googlemerchandisestore.com/ordercompleted.html
1269503.0307049017,purchase,1608190844893252,https://shop.googlemerchandisestore.com/ordercompleted.html
1269503.0307049017,purchase,1608191044146845,https://shop.googlemerchandisestore.com/ordercompleted.html
1274054.6471088852,page_view,1606336117929473,https://shop.googlemerchandisestore.com/store.html
1279595.7348368743,purchase,1609079749480065,https://shop.googlemerchandisestore.com/ordercompleted.html
1279990.2790569705,purchase,1605624092699937,https://shop.googlemerchandisestore.com/ordercompleted.html
1280960.7438400652,page_view,1606264514004018,https://shop.googlemerchandisestore.com/store.html
1280960.7438400652,page_view,1606264537880748,https://shop.googlemerchandisestore.com/Google+Redesign/Apparel
1280960.7438400652,page_view,1606264544218594,https://shop.googlemerchandisestore.com/Google+Redesign/Apparel/Womens
1280960.7438400652,page_view,1606264591827871,https://shop.googlemerchandisestore.com/Google+Redesign/Apparel
1280960.7438400652,page_view,1606264597560307,https://shop.googlemerchandisestore.com/Google+Redesign/Apparel/Mens
12813365.2129427856,purchase,1606752461401111,https://shop.googlemerchandisestore.com/ordercompleted.html
12877939.3694492500,purchase,1605600082928051,https://shop.googlemerchandisestore.com/ordercompleted.html
12921729.7383461315,add_to_cart,1607095774872460,https://shop.googlemerchandisestore.com/store.html
12921729.7383461315,add_to_cart,1607095782114477,https://shop.googlemerchandisestore.com/store.html
12921729.7383461315,add_to_cart,1607095788290441,https://shop.googlemerchandisestore.com/store.html
12921729.7383461315,add_to_cart,1607095803192217,https://shop.googlemerchandisestore.com/store.html
1296267.0432601991,page_view,1606286768883713,https://shop.googlemerchandisestore.com/Google+Redesign/Stationery/Stickers
1296267.0432601991,page_view,1606286827399712,https://shop.googlemerchandisestore.com/basket.html
1296267.0432601991,page_view,1606286835896401,https://shop.googlemerchandisestore.com/signin.html
1296267.0432601991,page_view,1606286852009587,https://shop.googlemerchandisestore.com/registersuccess.html
1296267.0432601991,page_view,1606286862616325,https://shop.googlemerchandisestore.com/store.html
1296267.0432601991,page_view,1606286878769040,https://shop.googlemerchandisestore.com/basket.html
1296267.0432601991,page_view,1606286889445063,https://shop.googlemerchandisestore.com/yourinfo.html
1296696.7251929026,page_view,1606342358788207,https://shop.googlemerchandisestore.com/
1296696.7251929026,page_view,1606342393021176,https://shop.googlemerchandisestore.com/Google+Redesign/Clearance
1296696.7251929026,page_view,1606342485725488,https://shop.googlemerchandisestore.com/Google+Redesign/Lifestyle/Bags
1296696.7251929026,page_view,1606342534189796,https://shop.googlemerchandisestore.com/Google+Redesign/Lifestyle/Small+Goods
1296696.7251929026,page_view,1606342564092562,https://shop.googlemerchandisestore.com/Google+Redesign/Accessories/Google+See+no+hear+no+set
1296696.7251929026,page_view,1606342600017058,https://shop.googlemerchandisestore.com/Google+Redesign/Lifestyle/Small+Goods
1296696.7251929026,page_view,1606342651108886,https://shop.googlemerchandisestore.com/Google+Redesign/Apparel/Mens
1296696.7251929026,page_view,1606342670529569,https://shop.googlemerchandisestore.com/Google+Redesign/Shop+by+Brand/Android
1296696.7251929026,page_view,1606342683089831,https://shop.googlemerchandisestore.com/Google+Redesign/Bags/Android+Iconic+Backpack
1296696.7251929026,page_view,1606342738954802,https://shop.googlemerchandisestore.com/Google+Redesign/Bags/Android+Iconic+Backpack
1296696.7251929026,page_view,1606342743664002,https://shop.googlemerchandisestore.com/Google+Redesign/Lifestyle/Drinkware
1296696.7251929026,page_view,1606342749122117,https://shop.googlemerchandisestore.com/Google+Redesign/Lifestyle/Bags
1296696.7251929026,page_view,1606342773001218,https://shop.googlemerchandisestore.com/Google+Redesign/Stationery/Writing
1296696.7251929026,page_view,1606342788852980,https://shop.googlemerchandisestore.com/Google+Redesign/eco+friendly
1296696.7251929026,page_view,1606342823708288,https://shop.googlemerchandisestore.com/Google+Redesign/New
1296696.7251929026,page_view,1606342832529959,https://shop.googlemerchandisestore.com/Google+Redesign/Campus+Collection
1296696.7251929026,page_view,1606342864497586,https://shop.googlemerchandisestore.com/Google+Redesign/Apparel/Mens
1296696.7251929026,page_view,1606343013156855,https://shop.googlemerchandisestore.com/Google+Redesign/Clearance
1296696.7251929026,page_view,1606343081860365,https://shop.googlemerchandisestore.com/Google+Redesign/Apparel/Google+Tee+Dark+Blue
1296696.7251929026,page_view,1606343098905074,https://shop.googlemerchandisestore.com/Google+Redesign/Clearance
1296696.7251929026,page_view,1606343221486646,https://shop.googlemerchandisestore.com/store.html
1296696.7251929026,page_view,1606343232944223,https://shop.googlemerchandisestore.com/store.html
1296696.7251929026,page_view,1606343334753500,https://shop.googlemerchandisestore.com/Google+Redesign/Apparel/Google+Tee+Mint+Green
1296696.7251929026,page_view,1606343346920655,https://shop.googlemerchandisestore.com/store.html
1296696.7251929026,page_view,1606343362574642,https://shop.googlemerchandisestore.com/store.html
1296696.7251929026,page_view,1606343369704681,https://shop.googlemerchandisestore.com/Google+Redesign/Apparel/Google+PNW+Campus+Unisex+Tee
1296696.7251929026,page_view,1606343393625315,https://shop.googlemerchandisestore.com/store.html
1296696.7251929026,page_view,1606343399065254,https://shop.googlemerchandisestore.com/store.html
1296696.7251929026,page_view,1606343408390215,https://shop.googlemerchandisestore.com/store.html
1296696.7251929026,page_view,1606343422675887,https://shop.googlemerchandisestore.com/store.html
1296696.7251929026,page_view,1606343430170307,https://shop.googlemerchandisestore.com/Google+Redesign/Apparel/Google+Kirkland+Campus+Unisex+Tee
1296696.7251929026,page_view,1606343447018576,https://shop.googlemerchandisestore.com/Google+Redesign/Clearance
1296696.7251929026,page_view,1606343453651869,https://shop.googlemerchandisestore.com/store.html
1296696.7251929026,page_view,1606343461454092,https://shop.googlemerchandisestore.com/store.html
1296696.7251929026,page_view,1606343467995428,https://shop.googlemerchandisestore.com/Google+Redesign/Apparel/Google+Seattle+Campus+Unisex+Tee
1296696.7251929026,page_view,1606343474042460,https://shop.googlemerchandisestore.com/Google+Redesign/Clearance
1296696.7251929026,page_view,1606343480450177,https://shop.googlemerchandisestore.com/store.html
1296696.7251929026,page_view,1606343522268389,https://shop.googlemerchandisestore.com/Google+Redesign/Apparel/Google+PNW+Campus+Zip+Hoodie
1296696.7251929026,page_view,1606343557058074,https://shop.googlemerchandisestore.com/store.html
1296696.7251929026,page_view,1606343600342996,https://shop.googlemerchandisestore.com/Google+Redesign/Apparel/Google+Mens+Microfleece+Jacket+Black
1296696.7251929026,page_view,1606343627091750,https://shop.googlemerchandisestore.com/store.html
1296696.7251929026,page_view,1606343649478399,https://shop.googlemerchandisestore.com/Google+Redesign/Apparel/Google+SF+Campus+Zip+Hoodie
1296696.7251929026,page_view,1606343673524034,https://shop.googlemerchandisestore.com/Google+Redesign/Clearance
1296696.7251929026,page_view,1606343678954206,https://shop.googlemerchandisestore.com/store.html
1296696.7251929026,page_view,1606343704813156,https://shop.googlemerchandisestore.com/Google+Redesign/Apparel/Google+Mountain+View+Tee+Blue
1296696.7251929026,page_view,1606343710277271,https://shop.googlemerchandisestore.com/store.html
1296696.7251929026,page_view,1606343742246018,https://shop.googlemerchandisestore.com/Google+Redesign/Apparel/Google+PNW+Campus+Unisex+Tee
1296696.7251929026,page_view,1606343749561473,https://shop.googlemerchandisestore.com/store.html
1296696.7251929026,page_view,1606343776705466,https://shop.googlemerchandisestore.com/Google+Redesign/Apparel/Google+SF+Campus+Unisex+Tee
1296696.7251929026,page_view,1606343784809257,https://shop.googlemerchandisestore.com/store.html
1296696.7251929026,page_view,1606343805056364,https://shop.googlemerchandisestore.com/Google+Redesign/Apparel/Google+Womens+Black+Tee
1296696.7251929026,page_view,1606343818138821,https://shop.googlemerchandisestore.com/store.html
1296696.7251929026,page_view,1606343823603979,https://shop.googlemerchandisestore.com/Google+Redesign/Apparel
1296696.7251929026,page_view,1606343830520462,https://shop.googlemerchandisestore.com/Google+Redesign/Apparel/Mens
1296696.7251929026,page_view,1606343845309948,https://shop.googlemerchandisestore.com/Google+Redesign/Apparel/Google+Campus+Bike+Eco+Tee+Navy
1296696.7251929026,page_view,1606343853070545,https://shop.googlemerchandisestore.com/Google+Redesign/Apparel/Mens
1296696.7251929026,page_view,1606343871060370,https://shop.googlemerchandisestore.com/Google+Redesign/Apparel/Google+Crew+Grey
1296696.7251929026,page_view,1606343892342395,https://shop.googlemerchandisestore.com/basket.html
1296696.7251929026,page_view,1606343926698938,https://shop.googlemerchandisestore.com/basket.html
1296696.7251929026,page_view,1606343984755578,https://shop.googlemerchandisestore.com/signin.html
1296696.7251929026,page_view,1606343988615954,https://shop.googlemerchandisestore.com/yourinfo.html
1296696.7251929026,page_view,1606344044571096,https://shop.googlemerchandisestore.com/payment.html
1296696.7251929026,page_view,1606344060212028,https://shop.googlemerchandisestore.com/basket.html
1296696.7251929026,page_view,1606344072507212,https://shop.googlemerchandisestore.com/Google+Redesign/Clearance
1296696.7251929026,page_view,1606344096481677,https://shop.googlemerchandisestore.com/Google+Redesign/Apparel/Google+Unisex+Google+Pocket+Tee+Grey
1296696.7251929026,page_view,1606344124151423,https://shop.googlemerchandisestore.com/Google+Redesign/Clearance
1296696.7251929026,page_view,1606344184579656,https://shop.googlemerchandisestore.com/Google+Redesign/Apparel/Google+Womens+Kirkland+Pullover
1296696.7251929026,page_view,1606344198200223,https://shop.googlemerchandisestore.com/Google+Redesign/Clearance
1296696.7251929026,page_view,1606344227014659,https://shop.googlemerchandisestore.com/store.html
1296696.7251929026,page_view,1606344277063131,https://shop.googlemerchandisestore.com/Google+Redesign/Apparel/Google+Seattle+Campus+Ladies+Tee
1296696.7251929026,page_view,1606344292112827,https://shop.googlemerchandisestore.com/Google+Redesign/Clearance
1296696.7251929026,page_view,1606344297749342,https://shop.googlemerchandisestore.com/store.html
1296696.7251929026,page_view,1606344318017954,https://shop.googlemerchandisestore.com/Google+Redesign/Apparel/Google+PNW+Campus+Ladies+Tee
1296696.7251929026,page_view,1606344340502113,https://shop.googlemerchandisestore.com/store.html
1296696.7251929026,page_view,1606344351914401,https://shop.googlemerchandisestore.com/Google+Redesign/Apparel/Google+Mountain+View+Tee+Blue
1296696.7251929026,page_view,1606344357798154,https://shop.googlemerchandisestore.com/Google+Redesign/Clearance
1296696.7251929026,page_view,1606344369364639,https://shop.googlemerchandisestore.com/store.html
1296696.7251929026,page_view,1606344374922611,https://shop.googlemerchandisestore.com/store.html
1296696.7251929026,page_view,1606344438141540,https://shop.googlemerchandisestore.com/Google+Redesign/Apparel/Google+Seattle+Campus+Unisex+Tee
1296696.7251929026,page_view,1606344443596083,https://shop.googlemerchandisestore.com/store.html
1296696.7251929026,page_view,1606344465000171,https://shop.googlemerchandisestore.com/Google+Redesign/Apparel/Google+NYC+Campus+Unisex+Tee
1296696.7251929026,page_view,1606344470501016,https://shop.googlemerchandisestore.com/store.html
1296696.7251929026,page_view,1606344508180595,https://shop.googlemerchandisestore.com/Google+Redesign/Apparel/Google+SF+Campus+Ladies+Tee
1296696.7251929026,page_view,1606344517400333,https://shop.googlemerchandisestore.com/basket.html
1296696.7251929026,page_view,1606344567094519,https://shop.googlemerchandisestore.com/basket.html
1296696.7251929026,page_view,1606344591508879,https://shop.googlemerchandisestore.com/basket.html
1296696.7251929026,page_view,1606344603574565,https://shop.googlemerchandisestore.com/basket.html
1296696.7251929026,page_view,1606344635906975,https://shop.googlemerchandisestore.com/basket.html
1296696.7251929026,page_view,1606344665376980,https://shop.googlemerchandisestore.com/basket.html
1296696.7251929026,page_view,1606344704706340,https://shop.googlemerchandisestore.com/basket.html
1296696.7251929026,page_view,1606344714584621,https://shop.googlemerchandisestore.com/yourinfo.html
1296696.7251929026,page_view,1606344729267355,https://shop.googlemerchandisestore.com/payment.html
1296696.7251929026,page_view,1606344779308457,https://shop.googlemerchandisestore.com/payment.html
1296696.7251929026,page_view,1606344811040997,https://shop.googlemerchandisestore.com/basket.html
1296696.7251929026,page_view,1606344837852776,https://shop.googlemerchandisestore.com/basket.html
1296696.7251929026,page_view,1606344851624017,https://shop.googlemerchandisestore.com/yourinfo.html
1296696.7251929026,page_view,1606344865773172,https://shop.googlemerchandisestore.com/payment.html
1296696.7251929026,page_view,1606344943929880,https://shop.googlemerchandisestore.com/Google+Redesign/Clearance
1296696.7251929026,page_view,1606344957471469,https://shop.googlemerchandisestore.com/Google+Redesign/New
1296696.7251929026,page_view,1606344962939741,https://shop.googlemerchandisestore.com/Google+Redesign/Clearance
1296696.7251929026,page_view,1606344982749775,https://shop.googlemerchandisestore.com/Google+Redesign/New
1296696.7251929026,page_view,1606344993632988,https://shop.googlemerchandisestore.com/Google+Redesign/Super+G+Unisex+Joggers
1296696.7251929026,page_view,1606345029726878,https://shop.googlemerchandisestore.com/Google+Redesign/Clearance
1296696.7251929026,page_view,1606345055814723,https://shop.googlemerchandisestore.com/store.html
1296696.7251929026,page_view,1606345091294902,https://shop.googlemerchandisestore.com/Google+Redesign/Apparel/Google+LA+Campus+Unisex+Tee
1296696.7251929026,page_view,1606345109510936,https://shop.googlemerchandisestore.com/store.html
1296696.7251929026,page_view,1606345125559933,https://shop.googlemerchandisestore.com/Google+Redesign/Apparel/Google+Austin+Campus+Unisex+Tee
1296696.7251929026,page_view,1606345132200296,https://shop.googlemerchandisestore.com/store.html
1296696.7251929026,page_view,1606345172917132,https://shop.googlemerchandisestore.com/Google+Redesign/Apparel/Google+SF+Campus+Unisex+Tee
1296696.7251929026,page_view,1606345178709833,https://shop.googlemerchandisestore.com/store.html
1296696.7251929026,page_view,1606345194623848,https://shop.googlemerchandisestore.com/Google+Redesign/Apparel/Google+Seattle+Campus+Unisex+Tee
1296696.7251929026,page_view,1606345203923621,https://shop.googlemerchandisestore.com/store.html
1296696.7251929026,page_view,1606345226916180,https://shop.googlemerchandisestore.com/basket.html
1296696.7251929026,page_view,1606345250198568,https://shop.googlemerchandisestore.com/Google+Redesign/Apparel/Google+Seattle+Campus+Ladies+Tee
1296696.7251929026,page_view,1606345256485344,https://shop.googlemerchandisestore.com/basket.html
1296696.7251929026,page_view,1606345285801697,https://shop.googlemerchandisestore.com/basket.html
1296696.7251929026,page_view,1606345302943779,https://shop.googlemerchandisestore.com/yourinfo.html
1296696.7251929026,page_view,1606345313799527,https://shop.googlemerchandisestore.com/payment.html
1297657.4073773473,page_view,1606315474983004,https://shop.googlemerchandisestore.com/
1297957.7614599070,page_view,1606271527435701,https://googlemerchandisestore.com/
1300033.4750122266,purchase,1606541187259752,https://shop.googlemerchandisestore.com/ordercompleted.html
1300130.7982178518,view_item,1606261913116162,https://shop.googlemerchandisestore.com/Google+Redesign/Apparel/Google+Tee+Dark+Blue
1300130.7982178518,view_item,1606261969119730,https://shop.googlemerchandisestore.com/Google+Redesign/Apparel/Google+Toddler+Hero+Tee+Black
1300130.7982178518,view_item,1606262088033220,https://shop.googlemerchandisestore.com/Google+Redesign/Google+Land+and+Sea+Mug
1306620.3128555569,page_view,1606332974980999,https://shop.googlemerchandisestore.com/
1312887.4311168376,page_view,1606326952685297,https://shop.googlemerchandisestore.com/Google+Redesign/Shop+by+Brand/YouTube
1312887.4311168376,page_view,1606333048403236,https://shop.googlemerchandisestore.com/Google+Redesign/Shop+by+Brand/YouTube
1312887.4311168376,page_view,1606342092044668,https://shop.googlemerchandisestore.com/Google+Redesign/Shop+by+Brand/YouTube
13141816.1294900403,purchase,1605884186014202,https://shop.googlemerchandisestore.com/ordercompleted.html
13141816.1294900403,purchase,1605884186093931,https://shop.googlemerchandisestore.com/ordercompleted.html
1318005.5668613050,view_item,1606236463226670,https://shop.googlemerchandisestore.com/Google+Redesign/Apparel/Google+Youth+FC+Zip+Hoodie
1318005.5668613050,view_item,1606236486429257,https://shop.googlemerchandisestore.com/Google+Redesign/Apparel/Google+Youth+FC+Zip+Hoodie
1318005.5668613050,view_item,1606236492815457,https://shop.googlemerchandisestore.com/Google+Redesign/Apparel/Google+Youth+FC+Zip+Hoodie
1318005.5668613050,view_item,1606236556087248,https://shop.googlemerchandisestore.com/Google+Redesign/Campus+Collection/Google+Sunnyvale+Campus+Zip+Hoodie
1318733.0567000195,add_to_cart,1607060731918907,https://shop.googlemerchandisestore.com/Google+Redesign/Apparel/Womens
1318733.0567000195,add_to_cart,1607060831807469,https://shop.googlemerchandisestore.com/Google+Redesign/Apparel/Kids
1318733.0567000195,add_to_cart,1607060879090281,https://shop.googlemerchandisestore.com/Google+Redesign/Apparel/Kids
1318733.0567000195,add_to_cart,1607060884386752,https://shop.googlemerchandisestore.com/Google+Redesign/Apparel/Kids
1318733.0567000195,add_to_cart,1607061002572108,https://shop.googlemerchandisestore.com/Google+Redesign/Apparel/Mens
1318733.0567000195,add_to_cart,1607061022453062,https://shop.googlemerchandisestore.com/Google+Redesign/Apparel/Mens
1318733.0567000195,add_to_cart,1607061030443691,https://shop.googlemerchandisestore.com/Google+Redesign/Apparel/Mens
1318733.0567000195,add_to_cart,1607061066461269,https://shop.googlemerchandisestore.com/Google+Redesign/Apparel/Mens
1320307.9907305582,page_view,1606274155264142,https://shop.googlemerchandisestore.com/Google+Redesign/Shop+by+Brand/YouTube
1322218.0850358685,add_to_cart,1607082568241500,https://shop.googlemerchandisestore.com/Google+Redesign/Lifestyle/Drinkware
1322242.4124396649,page_view,1606334221645867,https://shop.googlemerchandisestore.com/
1322242.4124396649,page_view,1606334242014940,https://shop.googlemerchandisestore.com/Google+Redesign/Shop+by+Brand/Android
13227502.8285787672,add_to_cart,1607104607773759,https://shop.googlemerchandisestore.com/Google+Redesign/Apparel/Hats
13227502.8285787672,add_to_cart,1607104628255997,https://shop.googlemerchandisestore.com/Google+Redesign/Apparel/Hats
1331503.5340392629,page_view,1606266932000203,https://googlemerchandisestore.com/
1336541.8089767254,purchase,1605588586146541,https://shop.googlemerchandisestore.com/ordercompleted.html
1336541.8089767254,purchase,1606185018331205,https://shop.googlemerchandisestore.com/ordercompleted.html
1336541.8089767254,purchase,1606185018352563,https://shop.googlemerchandisestore.com/ordercompleted.html
1339304.5764401337,page_view,1606322258355344,https://googlemerchandisestore.com/
1339304.5764401337,page_view,1606322269044224,https://shop.googlemerchandisestore.com/
1339304.5764401337,page_view,1606322307618160,https://shop.googlemerchandisestore.com/Google+Redesign/Stationery
1345380.3076422021,page_view,1606311657309697,https://shop.googlemerchandisestore.com/Google+Redesign/Apparel
1345380.3076422021,page_view,1606311697086757,https://googlemerchandisestore.com/
13492985.1319836896,purchase,1606550244159579,https://shop.googlemerchandisestore.com/ordercompleted.html
13514937.5999371679,purchase,1612017708823807,https://shop.googlemerchandisestore.com/ordercompleted.html
1351495.7919783843,page_view,1606323779345295,https://shop.googlemerchandisestore.com/Google+Redesign/Apparel/YouTube+Icon+Hoodie+Black
1359640.2928451130,page_view,1606271507692114,https://googlemerchandisestore.com/
1359640.2928451130,page_view,1606271526176300,https://shop.googlemerchandisestore.com/
1359640.2928451130,page_view,1606271657094962,https://shop.googlemerchandisestore.com/signin.html
1359640.2928451130,page_view,1606271672934979,https://shop.googlemerchandisestore.com/registersuccess.html
1359640.2928451130,page_view,1606271681053308,https://shop.googlemerchandisestore.com/store.html
1359640.2928451130,page_view,1606271701414676,https://shop.googlemerchandisestore.com/Google+Redesign/Shop+by+Brand/Android
1359640.2928451130,page_view,1606271726940426,https://shop.googlemerchandisestore.com/Google+Redesign/Campus+Collection
1359640.2928451130,page_view,1606271779693619,https://shop.googlemerchandisestore.com/store.html
1359640.2928451130,page_view,1606271811217771,https://shop.googlemerchandisestore.com/
1359640.2928451130,page_view,1606272706104626,https://googlemerchandisestore.com/
1359640.2928451130,page_view,1606272713716044,https://shop.googlemerchandisestore.com/
1359640.2928451130,page_view,1606272733602492,https://googlemerchandisestore.com/
1359640.2928451130,page_view,1606272785155771,https://shop.googlemerchandisestore.com/
1359640.2928451130,page_view,1606273070532789,https://shop.googlemerchandisestore.com/Google+Redesign/Stationery/Notebooks
1359640.2928451130,page_view,1606274551652066,https://shop.googlemerchandisestore.com/
1361468.5298709279,page_view,1606285439699151,https://shop.googlemerchandisestore.com/
1361468.5298709279,page_view,1606285870460249,https://shop.googlemerchandisestore.com/Google+Redesign/Apparel
1361468.5298709279,page_view,1606285896660149,https://shop.googlemerchandisestore.com/store.html
1361468.5298709279,page_view,1606285907629055,https://shop.googlemerchandisestore.com/Google+Redesign/Apparel
1361468.5298709279,page_view,1606285915603360,https://shop.googlemerchandisestore.com/store.html
1361468.5298709279,page_view,1606285941578185,https://shop.googlemerchandisestore.com/store.html
1361468.5298709279,page_view,1606286111047077,https://shop.googlemerchandisestore.com/Google+Redesign/Clearance
1361468.5298709279,page_view,1606286120075163,https://shop.googlemerchandisestore.com/store.html
1361468.5298709279,page_view,1606286133906758,https://shop.googlemerchandisestore.com/store.html
1361468.5298709279,page_view,1606286187686652,https://shop.googlemerchandisestore.com/store.html
1361468.5298709279,page_view,1606286208988712,https://shop.googlemerchandisestore.com/Google+Redesign/Drinkware/Google+Chicago+Campus+Mug
1361468.5298709279,page_view,1606286231365780,https://shop.googlemerchandisestore.com/basket.html
1361468.5298709279,page_view,1606286251028719,https://shop.googlemerchandisestore.com/
1361468.5298709279,page_view,1606286967022436,https://shop.googlemerchandisestore.com/Google+Redesign/eco+friendly
1361468.5298709279,page_view,1606287028252957,https://shop.googlemerchandisestore.com/Google+Redesign/Bags/Supernatural+Paper+Lunch+Sack
1361468.5298709279,page_view,1606287105166213,https://shop.googlemerchandisestore.com/store-policies/shipping-information/
1361468.5298709279,page_view,1606287198150777,https://shop.googlemerchandisestore.com/store-policies/return-policy/
1361468.5298709279,page_view,1606287247854587,https://shop.googlemerchandisestore.com/Google+Redesign/Accessories/Google+Cork+Key+Ring
1361468.5298709279,page_view,1606287266721618,https://shop.googlemerchandisestore.com/Google+Redesign/Apparel/Google+Unisex+Pride+Eco-Tee+Black
1361468.5298709279,page_view,1606287300271112,https://shop.googlemerchandisestore.com/Google+Redesign/eco+friendly
1361468.5298709279,page_view,1606287308521763,https://shop.googlemerchandisestore.com/Google+RMG+Redesign/Lifestyle/Mural+Food+Container
1361468.5298709279,page_view,1606316418576810,https://shop.googlemerchandisestore.com/
1361468.5298709279,page_view,1606316437694460,https://shop.googlemerchandisestore.com/Google+Redesign/Shop+by+Brand/YouTube
1361468.5298709279,page_view,1606316453447592,https://shop.googlemerchandisestore.com/Google+Redesign/Apparel/YouTube+Icon+Tee+Charcoal
1361468.5298709279,page_view,1606316514210318,https://shop.googlemerchandisestore.com/basket.html
13622326.9028124240,add_to_cart,1607068564033543,https://shop.googlemerchandisestore.com/Google+Redesign/Stationery/Stickers
13622326.9028124240,add_to_cart,1607068582270200,https://shop.googlemerchandisestore.com/Google+Redesign/Stationery
13622326.9028124240,add_to_cart,1607068591721362,https://shop.googlemerchandisestore.com/Google+Redesign/Stationery
13622326.9028124240,add_to_cart,1607068615685414,https://shop.googlemerchandisestore.com/Google+Redesign/Apparel/Hats
1367377.3916474675,purchase,1606771424846948,https://shop.googlemerchandisestore.com/ordercompleted.html
1368552.5463671493,view_item,1606253804031091,https://shop.googlemerchandisestore.com/Google+Redesign/Lifestyle/Fun/Malibu+Sunglasses.axd
13691555.1609230109,purchase,1606306162169994,https://shop.googlemerchandisestore.com/ordercompleted.html
13695263.5859458230,add_to_cart,1607106727630359,https://shop.googlemerchandisestore.com/Google+Redesign/Apparel/Hats
13695263.5859458230,add_to_cart,1607106747740889,https://shop.googlemerchandisestore.com/Google+Redesign/Apparel/Hats
1370252.9648875131,page_view,1606275305534912,https://shop.googlemerchandisestore.com/
1370252.9648875131,page_view,1606275328627336,https://shop.googlemerchandisestore.com/Google+Redesign/Clearance
1375717.8268905593,page_view,1606331161419294,https://shop.googlemerchandisestore.com/signin.html
1375717.8268905593,page_view,1606331267951027,https://shop.googlemerchandisestore.com/basket.html
1375717.8268905593,page_view,1606331274889133,https://shop.googlemerchandisestore.com/signin.html
1384229.1647560493,purchase,1606577291481563,https://shop.googlemerchandisestore.com/ordercompleted.html
13846928.7700463041,begin_checkout,1608546341751531,https://shop.googlemerchandisestore.com/yourinfo.html
13846928.7700463041,begin_checkout,1608546341807387,https://shop.googlemerchandisestore.com/yourinfo.html
13846928.7700463041,begin_checkout,1608546341813867,https://shop.googlemerchandisestore.com/yourinfo.html
13846928.7700463041,begin_checkout,1608546786783278,https://shop.googlemerchandisestore.com/yourinfo.html
13846928.7700463041,begin_checkout,1608546786891956,https://shop.googlemerchandisestore.com/yourinfo.html
13846928.7700463041,begin_checkout,1608546786898897,https://shop.googlemerchandisestore.com/yourinfo.html
13846928.7700463041,purchase,1608546870572608,https://shop.googlemerchandisestore.com/ordercompleted.html
1387909.3121570543,page_view,1606262569766861,https://shop.googlemerchandisestore.com/store.html
1387909.3121570543,page_view,1606262654297058,https://shop.googlemerchandisestore.com/asearch.html
1387909.3121570543,page_view,1606262684861933,https://shop.googlemerchandisestore.com/store.html
1387909.3121570543,page_view,1606262722241359,https://shop.googlemerchandisestore.com/store.html
1387909.3121570543,page_view,1606262739377864,https://shop.googlemerchandisestore.com/Google+Redesign/eco+friendly
1387909.3121570543,page_view,1606262792120945,https://shop.googlemerchandisestore.com/Google+Redesign/Clearance
1387909.3121570543,page_view,1606262816046661,https://shop.googlemerchandisestore.com/store.html
1387909.3121570543,page_view,1606262844261524,https://shop.googlemerchandisestore.com/asearch.html
1387909.3121570543,page_view,1606262886725800,https://shop.googlemerchandisestore.com/store.html
1391385.6159938899,page_view,1606287027893826,https://shop.googlemerchandisestore.com/google+redesign/apparel/mens/quickview
1391385.6159938899,page_view,1606287156864882,https://shop.googlemerchandisestore.com/
1391446.9289259503,view_item,1606187235413061,https://shop.googlemerchandisestore.com/Google+Redesign/Lifestyle/Google+Bear+Baby+Blanket+Beige
1391446.9289259503,view_item,1606187334549351,https://shop.googlemerchandisestore.com/Google+Redesign/Apparel/Google+Toddler+FC+Zip+Hoodie
13917611.4949733025,purchase,1606276406891742,https://shop.googlemerchandisestore.com/ordercompleted.html
1393292.7340025556,page_view,1606278592634484,https://shop.googlemerchandisestore.com/Google+Redesign/Apparel/Mens
1393292.7340025556,page_view,1606278658567001,https://shop.googlemerchandisestore.com/Google+Redesign/Apparel/Google+Split+Seam+Tee+Olive
1393292.7340025556,page_view,1606278677516621,https://shop.googlemerchandisestore.com/Google+Redesign/Apparel/Mens
1393292.7340025556,page_view,1606278719602542,https://shop.googlemerchandisestore.com/Google+Redesign/Clearance
1393292.7340025556,page_view,1606278778475209,https://shop.googlemerchandisestore.com/Google+Redesign/Apparel/Womens
1393292.7340025556,page_view,1606278792635626,https://shop.googlemerchandisestore.com/Google+Redesign/Apparel/IamRemarkable+Ladies+T-Shirt
1393292.7340025556,page_view,1606278802379314,https://shop.googlemerchandisestore.com/Google+Redesign/Apparel/Womens
1393292.7340025556,page_view,1606278848583464,https://shop.googlemerchandisestore.com/store-policies/return-policy/
13951556.2585301904,purchase,1607363859968109,https://shop.googlemerchandisestore.com/ordercompleted.html
1395824.1622992884,purchase,1606756477727161,https://shop.googlemerchandisestore.com/ordercompleted.html
1396197.8618574785,page_view,1606287560075504,https://shop.googlemerchandisestore.com/
1396197.8618574785,page_view,1606287590260329,https://shop.googlemerchandisestore.com/Google+Redesign/Apparel/Kids
1396197.8618574785,page_view,1606287603600737,https://shop.googlemerchandisestore.com/Google+Redesign/Clearance
1396197.8618574785,page_view,1606287653465857,https://shop.googlemerchandisestore.com/Google+Redesign/Apparel/Google+Cotopaxi+Shell
1396197.8618574785,page_view,1606288348420155,https://shop.googlemerchandisestore.com/basket.html
1396197.8618574785,page_view,1606288356507421,https://shop.googlemerchandisestore.com/basket.html
1396197.8618574785,page_view,1606288384373277,https://shop.googlemerchandisestore.com/signin.html
1396197.8618574785,page_view,1606288396336018,https://shop.googlemerchandisestore.com/registersuccess.html
1396197.8618574785,page_view,1606288402350653,https://shop.googlemerchandisestore.com/store.html
1396197.8618574785,page_view,1606288431212082,https://shop.googlemerchandisestore.com/basket.html
1396197.8618574785,page_view,1606288518844088,https://shop.googlemerchandisestore.com/basket.html
1396197.8618574785,page_view,1606288573877515,https://shop.googlemerchandisestore.com/Google+Redesign/Apparel/Kids
1396197.8618574785,page_view,1606288600190083,https://shop.googlemerchandisestore.com/basket.html
1396197.8618574785,page_view,1606288608982530,https://shop.googlemerchandisestore.com/yourinfo.html
1396197.8618574785,page_view,1606288652075534,https://shop.googlemerchandisestore.com/yourinfo.html
1396197.8618574785,page_view,1606288671586085,https://shop.googlemerchandisestore.com/payment.html
1396197.8618574785,page_view,1606288702062223,https://shop.googlemerchandisestore.com/payment.html
1396197.8618574785,page_view,1606288767798934,https://shop.googlemerchandisestore.com/revieworder.html
1396197.8618574785,page_view,1606288784964950,https://shop.googlemerchandisestore.com/store.html
1396456.6482506733,view_item,1606235489353752,https://shop.googlemerchandisestore.com/Google+Redesign/Apparel/Google+SF+Campus+Zip+Hoodie
1396456.6482506733,purchase,1606236099940740,https://shop.googlemerchandisestore.com/ordercompleted.html
13965501.3079306644,purchase,1606288495434218,https://shop.googlemerchandisestore.com/ordercompleted.html
1397827.6821416090,add_to_cart,1607119772864095,https://shop.googlemerchandisestore.com/Google+Redesign/Apparel/Hats
1401987.1021101119,view_item,1606226733710248,https://shop.googlemerchandisestore.com/Google+Redesign/Office/Google+Small+Standard+Journal+Navy
1401987.1021101119,view_item,1606226752552583,https://shop.googlemerchandisestore.com/Google+Redesign/Office/Google+Small+Standard+Journal+Navy
1402307.0094579337,page_view,1606344875254970,https://shop.googlemerchandisestore.com/
1402307.0094579337,page_view,1606344903973625,https://shop.googlemerchandisestore.com/
1402307.0094579337,page_view,1606344924795707,https://shop.googlemerchandisestore.com/asearch.html
1402307.0094579337,page_view,1606344956790155,https://shop.googlemerchandisestore.com/basket.html
1402307.0094579337,page_view,1606344973056689,https://shop.googlemerchandisestore.com/basket.html
1402307.0094579337,page_view,1606344979986511,https://shop.googlemerchandisestore.com/Google+Redesign/Apparel
1402307.0094579337,page_view,1606345019527184,https://shop.googlemerchandisestore.com/basket.html
1402697.9004701312,view_item,1606230819798511,https://shop.googlemerchandisestore.com/Google+Redesign/Google+Land+and+Sea+French+Terry+Sweatshirt
1402697.9004701312,view_item,1606231075038026,https://shop.googlemerchandisestore.com/Google+Redesign/Apparel/Google+Unisex+Pride+Eco-Tee+Black
1402697.9004701312,view_item,1606231549810006,https://shop.googlemerchandisestore.com/Google+Redesign/Apparel/Google+Google+Crew+Striped+Athletic+Sock
1402697.9004701312,view_item,1606231715759267,https://shop.googlemerchandisestore.com/Google+Redesign/Apparel/IamRemarkable+Unisex+T-Shirt
1405881.0137309906,purchase,1606178660772858,https://shop.googlemerchandisestore.com/ordercompleted.html
1405881.0137309906,purchase,1606178660803092,https://shop.googlemerchandisestore.com/ordercompleted.html
14063328.6696796413,add_to_cart,1607045719281493,https://shop.googlemerchandisestore.com/Google+Redesign/Apparel/Hats
14063328.6696796413,add_to_cart,1607045739673835,https://shop.googlemerchandisestore.com/Google+Redesign/Apparel/Hats
1407215.4236578219,page_view,1606301585743860,https://shop.googlemerchandisestore.com/Google+Redesign/Apparel
1407240.9536646342,add_to_cart,1607065884564634,https://shop.googlemerchandisestore.com/Google+Redesign/Stationery/Writing
1407240.9536646342,add_to_cart,1607065897869405,https://shop.googlemerchandisestore.com/Google+Redesign/Stationery/Writing
1407240.9536646342,add_to_cart,1607065912917884,https://shop.googlemerchandisestore.com/Google+Redesign/Stationery/Writing
1407240.9536646342,add_to_cart,1607065978574547,https://shop.googlemerchandisestore.com/Google+Redesign/Stationery/Writing
1407240.9536646342,add_to_cart,1607066615212703,https://shop.googlemerchandisestore.com/Google+Redesign/Clearance
1407240.9536646342,purchase,1607068109458020,https://shop.googlemerchandisestore.com/ordercompleted.html
14082806.0685885499,begin_checkout,1608911456092843,https://shop.googlemerchandisestore.com/yourinfo.html
14082806.0685885499,begin_checkout,1608911456317976,https://shop.googlemerchandisestore.com/yourinfo.html
14082806.0685885499,begin_checkout,1608911456365877,https://shop.googlemerchandisestore.com/yourinfo.html
1409275.6030935752,page_view,1606294371485541,https://shop.googlemerchandisestore.com/Google+Redesign/Apparel
1410873.2363195342,page_view,1606323208579774,https://shop.googlemerchandisestore.com/Google+Redesign/Apparel/Mens/Mens+T+Shirts
1410873.2363195342,page_view,1606323325889831,https://shop.googlemerchandisestore.com/Google+Redesign/Apparel/Mens/Mens+T+Shirts
14118593.2627050105,add_to_cart,1607087009731775,https://shop.googlemerchandisestore.com/Google+Redesign/Shop+by+Brand/YouTube
14118593.2627050105,add_to_cart,1607087029163633,https://shop.googlemerchandisestore.com/Google+Redesign/Shop+by+Brand/YouTube
14118593.2627050105,add_to_cart,1607087036982121,https://shop.googlemerchandisestore.com/Google+Redesign/Shop+by+Brand/YouTube
14118593.2627050105,add_to_cart,1607087044215749,https://shop.googlemerchandisestore.com/Google+Redesign/Shop+by+Brand/YouTube
14118593.2627050105,purchase,1607087332983832,https://shop.googlemerchandisestore.com/ordercompleted.html
1414295036.1450204305,purchase,1605838830279045,https://shop.googlemerchandisestore.com/ordercompleted.html
1414295036.1450204305,purchase,1605838830309738,https://shop.googlemerchandisestore.com/ordercompleted.html
1414331.4032062658,page_view,1606285784261130,https://googlemerchandisestore.com/
1414331.4032062658,page_view,1606285899942561,https://googlemerchandisestore.com/
1414331.4032062658,page_view,1606285905663835,https://shop.googlemerchandisestore.com/
1414331.4032062658,page_view,1606285911917407,https://shop.googlemerchandisestore.com/Google+Redesign/Clearance
1414331.4032062658,page_view,1606285925241292,https://shop.googlemerchandisestore.com/Google+Redesign/Shop+by+Brand/YouTube
1414331.4032062658,page_view,1606285936666972,https://shop.googlemerchandisestore.com/Google+Redesign/Apparel/Kids
1414331.4032062658,page_view,1606285956749463,https://shop.googlemerchandisestore.com/store-policies/shipping-information/
1414331.4032062658,page_view,1606285975198023,https://shop.googlemerchandisestore.com/Google+Redesign/Apparel/Kids
1414331.4032062658,page_view,1606285978224609,https://shop.googlemerchandisestore.com/Google+Redesign/Shop+by+Brand/YouTube
1414331.4032062658,page_view,1606285982894830,https://googlemerchandisestore.com/
1414331.4032062658,page_view,1606286502913888,https://shop.googlemerchandisestore.com/
1414331.4032062658,page_view,1606286516618451,https://shop.googlemerchandisestore.com/signin.html
1414331.4032062658,page_view,1606286527873150,https://shop.googlemerchandisestore.com/registersuccess.html
1414331.4032062658,page_view,1606286542833438,https://shop.googlemerchandisestore.com/store.html
1414331.4032062658,page_view,1606286552974811,https://shop.googlemerchandisestore.com/myaccount.html
1414331.4032062658,page_view,1606286561909253,https://shop.googlemerchandisestore.com/store.html
1414331.4032062658,page_view,1606286568355120,https://shop.googlemerchandisestore.com/Google+Redesign/eco+friendly
1414331.4032062658,page_view,1606286578584152,https://shop.googlemerchandisestore.com/Google+Redesign/Apparel/Kids
1414331.4032062658,page_view,1606286631683161,https://shop.googlemerchandisestore.com/Google+Redesign/Shop+by+Brand/YouTube
1415699.2356865981,page_view,1606319682266082,https://shop.googlemerchandisestore.com/
1415699.2356865981,page_view,1606319693446475,https://shop.googlemerchandisestore.com/Google+Redesign/Clearance
1415699.2356865981,page_view,1606319709557161,https://shop.googlemerchandisestore.com/Google+Redesign/Apparel/Mens
1415699.2356865981,page_view,1606319726455391,https://shop.googlemerchandisestore.com/signin.html
1415699.2356865981,page_view,1606319733876452,https://shop.googlemerchandisestore.com/store.html
1415699.2356865981,page_view,1606319738765660,https://shop.googlemerchandisestore.com/myaccount.html
1415699.2356865981,page_view,1606319744114499,https://shop.googlemerchandisestore.com/myaccount.html
1415699.2356865981,page_view,1606319750205889,https://shop.googlemerchandisestore.com/myaccount.html
1415699.2356865981,page_view,1606319750859668,https://shop.googlemerchandisestore.com/myaccount.html
1415699.2356865981,page_view,1606319784498990,https://shop.googlemerchandisestore.com/asearch.html
1415699.2356865981,page_view,1606319850539952,https://shop.googlemerchandisestore.com/basket.html
1415699.2356865981,page_view,1606319857613983,https://shop.googlemerchandisestore.com/Google+Redesign/Apparel/Mens
1415699.2356865981,page_view,1606319964208362,https://shop.googlemerchandisestore.com/Google+Redesign/Apparel/Google+Unisex+Eco+Tee+Black
1415699.2356865981,page_view,1606319974116521,https://shop.googlemerchandisestore.com/Google+Redesign/Apparel/Mens
1415699.2356865981,page_view,1606319980615383,https://shop.googlemerchandisestore.com/Google+Redesign/Apparel/Google+Navy+Speckled+Tee
1415699.2356865981,page_view,1606319989098692,https://shop.googlemerchandisestore.com/Google+Redesign/Apparel/Mens
1415699.2356865981,page_view,1606320019110582,https://shop.googlemerchandisestore.com/Google+Redesign/Apparel/Google+FC+Longsleeve+Ash
1415699.2356865981,page_view,1606320029501750,https://shop.googlemerchandisestore.com/Google+Redesign/Apparel/Mens
1415699.2356865981,page_view,1606320037165600,https://shop.googlemerchandisestore.com/Google+Redesign/Apparel/Google+Crewneck+Sweatshirt+Green
1415699.2356865981,page_view,1606320053503496,https://shop.googlemerchandisestore.com/Google+Redesign/Apparel/Mens
1415699.2356865981,page_view,1606320103918365,https://shop.googlemerchandisestore.com/Google+Redesign/Apparel/Google+FC+Longsleeve+Ash
1415699.2356865981,page_view,1606320125237580,https://shop.googlemerchandisestore.com/basket.html
1415699.2356865981,page_view,1606320148077436,https://shop.googlemerchandisestore.com/Google+Redesign/Apparel/Womens
1415699.2356865981,page_view,1606320164147020,https://shop.googlemerchandisestore.com/Google+Redesign/Apparel/Google+Womens+Puff+Jacket+Black
1415699.2356865981,page_view,1606320207516267,https://shop.googlemerchandisestore.com/basket.html
1415699.2356865981,page_view,1606320213608020,https://shop.googlemerchandisestore.com/Google+Redesign/Apparel/Mens
1415699.2356865981,page_view,1606320225277284,https://shop.googlemerchandisestore.com/Google+Redesign/Apparel/Google+Mens+Tech+Fleece+Grey
1415699.2356865981,page_view,1606320230744065,https://shop.googlemerchandisestore.com/Google+Redesign/Apparel/Mens
1415699.2356865981,page_view,1606320241551414,https://shop.googlemerchandisestore.com/Google+Redesign/Apparel/Google+Sherpa+Zip+Hoodie+Navy
1415699.2356865981,page_view,1606320251770096,https://shop.googlemerchandisestore.com/Google+Redesign/Apparel/Mens
1415699.2356865981,page_view,1606320263488968,https://shop.googlemerchandisestore.com/Google+Redesign/Apparel/Google+Mens+Tech+Fleece+Vest+Charcoal
1415699.2356865981,page_view,1606320520364550,https://shop.googlemerchandisestore.com/basket.html
1415699.2356865981,page_view,1606320557136028,https://shop.googlemerchandisestore.com/basket.html
1415699.2356865981,page_view,1606320714765780,https://shop.googlemerchandisestore.com/basket.html
1415699.2356865981,page_view,1606320735652621,https://shop.googlemerchandisestore.com/Google+Redesign/Apparel/Womens
1415699.2356865981,page_view,1606320762577285,https://shop.googlemerchandisestore.com/Google+Redesign/Apparel/Kids
1415699.2356865981,page_view,1606320771680993,https://shop.googlemerchandisestore.com/Google+Redesign/Apparel/Womens
1415699.2356865981,page_view,1606320779948985,https://shop.googlemerchandisestore.com/Google+Redesign/Apparel/Womens
1415699.2356865981,page_view,1606320843166376,https://shop.googlemerchandisestore.com/Google+Redesign/Apparel/Google+Land+and+Sea+Womens+Eco+Tee
1415699.2356865981,page_view,1606321192058279,https://shop.googlemerchandisestore.com/Google+Redesign/Stationery/Stickers
1415699.2356865981,page_view,1606321237740316,https://shop.googlemerchandisestore.com/Google+Redesign/Lifestyle/Drinkware
1415699.2356865981,page_view,1606321282652367,https://shop.googlemerchandisestore.com/myaccount.html
1415699.2356865981,page_view,1606321295353404,https://shop.googlemerchandisestore.com/basket.html
1415699.2356865981,page_view,1606321359438343,https://shop.googlemerchandisestore.com/Google+Redesign/Apparel/Womens
1415699.2356865981,page_view,1606321382099673,https://shop.googlemerchandisestore.com/Google+Redesign/Apparel/Google+Land+and+Sea+Womens+Eco+Tee
1415699.2356865981,page_view,1606321418975963,https://shop.googlemerchandisestore.com/Google+Redesign/Apparel/Mens
1415699.2356865981,page_view,1606321424436804,https://shop.googlemerchandisestore.com/Google+Redesign/Apparel/Womens
1415699.2356865981,page_view,1606321447525976,https://shop.googlemerchandisestore.com/Google+Redesign/Apparel/Google+Land+and+Sea+Unisex+Tee
1415699.2356865981,page_view,1606321453091506,https://shop.googlemerchandisestore.com/Google+Redesign/Apparel/Womens
1415699.2356865981,page_view,1606321468062993,https://shop.googlemerchandisestore.com/Google+Redesign/Apparel/Google+Womens+Eco+Tee+Black
1415699.2356865981,page_view,1606321473550884,https://shop.googlemerchandisestore.com/Google+Redesign/Apparel/Womens
1415699.2356865981,page_view,1606321493994998,https://shop.googlemerchandisestore.com/basket.html
1415699.2356865981,page_view,1606323085696052,https://shop.googlemerchandisestore.com/basket.html
1415699.2356865981,page_view,1606323157373064,https://shop.googlemerchandisestore.com/yourinfo.html
1415699.2356865981,page_view,1606323222675828,https://shop.googlemerchandisestore.com/payment.html
1415699.2356865981,page_view,1606323310021016,https://shop.googlemerchandisestore.com/revieworder.html
1415699.2356865981,page_view,1606323350110455,https://shop.googlemerchandisestore.com/basket.html
1415699.2356865981,page_view,1606323359617533,https://shop.googlemerchandisestore.com/Google+Redesign/Apparel/Flamingo+and+Friends+Tee+Blue
1415699.2356865981,page_view,1606323367073185,https://shop.googlemerchandisestore.com/basket.html
1415699.2356865981,page_view,1606323374896072,https://shop.googlemerchandisestore.com/basket.html
1415699.2356865981,page_view,1606323391057684,https://shop.googlemerchandisestore.com/basket.html
1415699.2356865981,page_view,1606323404516962,https://shop.googlemerchandisestore.com/basket.html
1415699.2356865981,page_view,1606335043656784,https://shop.googlemerchandisestore.com/basket.html
1415699.2356865981,page_view,1606335049486126,https://shop.googlemerchandisestore.com/store.html
1415699.2356865981,page_view,1606335058628664,https://shop.googlemerchandisestore.com/basket.html
1415699.2356865981,page_view,1606335078520731,https://shop.googlemerchandisestore.com/store.html
1415699.2356865981,page_view,1606335183276571,https://shop.googlemerchandisestore.com/Google+Redesign/Apparel/Mens
1415699.2356865981,page_view,1606335233302742,https://shop.googlemerchandisestore.com/Google+Redesign/Apparel/Womens
1415699.2356865981,page_view,1606335298288943,https://shop.googlemerchandisestore.com/Google+Redesign/Apparel/Hats
1415699.2356865981,page_view,1606335303683403,https://shop.googlemerchandisestore.com/Google+Redesign/Stationery/Stickers
1415699.2356865981,page_view,1606335332708750,https://shop.googlemerchandisestore.com/basket.html
1415699.2356865981,page_view,1606335354817787,https://shop.googlemerchandisestore.com/basket.html
1415699.2356865981,page_view,1606335380022078,https://shop.googlemerchandisestore.com/Google+Redesign/Apparel/Womens
1415699.2356865981,page_view,1606335399585578,https://shop.googlemerchandisestore.com/basket.html
1415699.2356865981,page_view,1606335441903477,https://shop.googlemerchandisestore.com/signin.html
1415699.2356865981,page_view,1606335447091435,https://shop.googlemerchandisestore.com/store.html
1415699.2356865981,page_view,1606335452385435,https://shop.googlemerchandisestore.com/basket.html
1415699.2356865981,page_view,1606335476735297,https://shop.googlemerchandisestore.com/basket.html
1415699.2356865981,page_view,1606335485759001,https://shop.googlemerchandisestore.com/basket.html
1415699.2356865981,page_view,1606335557346626,https://shop.googlemerchandisestore.com/basket.html
1415699.2356865981,page_view,1606335560683427,https://shop.googlemerchandisestore.com/yourinfo.html
1415699.2356865981,page_view,1606335614114541,https://shop.googlemerchandisestore.com/payment.html
1415699.2356865981,page_view,1606335923155994,https://shop.googlemerchandisestore.com/revieworder.html
1415699.2356865981,page_view,1606335954747962,https://shop.googlemerchandisestore.com/ordercompleted.html
1415699.2356865981,purchase,1606335954748580,https://shop.googlemerchandisestore.com/ordercompleted.html
1417669.0680503821,add_to_cart,1607120408257949,https://shop.googlemerchandisestore.com/store.html
1418798.6638225791,page_view,1606263200970989,https://shop.googlemerchandisestore.com/Google+Redesign/Apparel
14233481.9298635081,purchase,1605857808546847,https://shop.googlemerchandisestore.com/ordercompleted.html
14233481.9298635081,purchase,1605857808548790,https://shop.googlemerchandisestore.com/ordercompleted.html
1424156.5448723626,purchase,1606769874950047,https://shop.googlemerchandisestore.com/ordercompleted.html
1427685.0477269487,page_view,1606298994025377,https://shop.googlemerchandisestore.com/
1427685.0477269487,page_view,1606299049530640,https://shop.googlemerchandisestore.com/google+redesign/apparel/mens
14303046.3183278986,add_to_cart,1607054624152519,https://shop.googlemerchandisestore.com/Google+Redesign/Apparel/Hats
1431530072.2996186071,begin_checkout,1608533454670508,https://shop.googlemerchandisestore.com/yourinfo.html
1431530072.2996186071,begin_checkout,1608533454722362,https://shop.googlemerchandisestore.com/yourinfo.html
1431530072.2996186071,begin_checkout,1608533454722779,https://shop.googlemerchandisestore.com/yourinfo.html
1431530072.2996186071,begin_checkout,1608533477749602,https://shop.googlemerchandisestore.com/yourinfo.html
1431530072.2996186071,begin_checkout,1608533477812689,https://shop.googlemerchandisestore.com/yourinfo.html
1431530072.2996186071,begin_checkout,1608533477813088,https://shop.googlemerchandisestore.com/yourinfo.html
1431530072.2996186071,begin_checkout,1608533503055216,https://shop.googlemerchandisestore.com/yourinfo.html
1431530072.2996186071,begin_checkout,1608533503093571,https://shop.googlemerchandisestore.com/yourinfo.html
1431530072.2996186071,begin_checkout,1608533503110134,https://shop.googlemerchandisestore.com/yourinfo.html
1431530072.2996186071,begin_checkout,1608533556235428,https://shop.googlemerchandisestore.com/yourinfo.html
1431530072.2996186071,begin_checkout,1608533556299942,https://shop.googlemerchandisestore.com/yourinfo.html
1431530072.2996186071,begin_checkout,1608533556301925,https://shop.googlemerchandisestore.com/yourinfo.html
1431530072.2996186071,purchase,1608533675138276,https://shop.googlemerchandisestore.com/ordercompleted.html
1432043.3973802247,page_view,1606328422219918,https://shop.googlemerchandisestore.com/Google+Redesign/Apparel/Mens/Mens+T+Shirts
1432043.3973802247,page_view,1606328586226009,https://shop.googlemerchandisestore.com/Google+Redesign/Apparel/Mens/Mens+T+Shirts
1434416.1660944307,page_view,1606275980214479,https://googlemerchandisestore.com/
1435152.0092689164,add_to_cart,1607093433007994,https://shop.googlemerchandisestore.com/store.html
1436198.5426659897,add_to_cart,1607073677224041,https://shop.googlemerchandisestore.com/store.html
1436198.5426659897,add_to_cart,1607073704218141,https://shop.googlemerchandisestore.com/store.html
1436731.8429947921,page_view,1606280363694210,https://shop.googlemerchandisestore.com/Google+Redesign/Shop+by+Brand/YouTube
1438223.0433905072,page_view,1606317159522150,https://shop.googlemerchandisestore.com/Google+Redesign/Stationery/Stickers
1438223.0433905072,page_view,1606317242763729,https://shop.googlemerchandisestore.com/Google+Redesign/Shop+by+Brand/Google
1438223.0433905072,page_view,1606317284408257,https://shop.googlemerchandisestore.com/asearch.html
1438223.0433905072,page_view,1606317293740007,https://shop.googlemerchandisestore.com/asearch.html
1438223.0433905072,page_view,1606317305513486,https://shop.googlemerchandisestore.com/asearch.html
1438223.0433905072,page_view,1606317314088016,https://shop.googlemerchandisestore.com/asearch.html
1438269.2161527084,begin_checkout,1608859309506947,https://shop.googlemerchandisestore.com/yourinfo.html
1438269.2161527084,begin_checkout,1608859309647783,https://shop.googlemerchandisestore.com/yourinfo.html
1438269.2161527084,begin_checkout,1608859309666927,https://shop.googlemerchandisestore.com/yourinfo.html
1438269.2161527084,begin_checkout,1608859357137753,https://shop.googlemerchandisestore.com/yourinfo.html
1438269.2161527084,begin_checkout,1608859357181586,https://shop.googlemerchandisestore.com/yourinfo.html
1438269.2161527084,begin_checkout,1608859357195651,https://shop.googlemerchandisestore.com/yourinfo.html
1438269.2161527084,begin_checkout,1608859406457893,https://shop.googlemerchandisestore.com/yourinfo.html
1438269.2161527084,begin_checkout,1608859406554054,https://shop.googlemerchandisestore.com/yourinfo.html
1438269.2161527084,begin_checkout,1608859406560500,https://shop.googlemerchandisestore.com/yourinfo.html
1438269.2161527084,begin_checkout,1608859706365352,https://shop.googlemerchandisestore.com/yourinfo.html
1438269.2161527084,begin_checkout,1608859706516295,https://shop.googlemerchandisestore.com/yourinfo.html
1438269.2161527084,begin_checkout,1608859706517128,https://shop.googlemerchandisestore.com/yourinfo.html
14427748.6131716710,purchase,1606714743145409,https://shop.googlemerchandisestore.com/ordercompleted.html
1444436.8923251314,page_view,1606320407597793,https://shop.googlemerchandisestore.com/Google+Redesign/Lifestyle/Bags
1444436.8923251314,page_view,1606320492081118,https://shop.googlemerchandisestore.com/Google+Redesign/Bags/Google+Incognito+Dopp+Kit+V2
1444436.8923251314,page_view,1606320572771379,https://shop.googlemerchandisestore.com/Google+Redesign/Bags/Google+Incognito+Dopp+Kit+V2
1444436.8923251314,page_view,1606320644918131,https://shop.googlemerchandisestore.com/Google+Redesign/Bags/Google+Incognito+Laptop+Organizer+V2
1444436.8923251314,page_view,1606320704680713,https://shop.googlemerchandisestore.com/Google+Redesign/Bags/Essential+Canvas+Tote
1444436.8923251314,page_view,1606320796046752,https://shop.googlemerchandisestore.com/
1444436.8923251314,page_view,1606320814988605,https://shop.googlemerchandisestore.com/Google+Redesign/Stationery
1444436.8923251314,page_view,1606321031558030,https://shop.googlemerchandisestore.com/Google+Redesign/Lifestyle/Drinkware
1444436.8923251314,page_view,1606321281119295,https://shop.googlemerchandisestore.com/Google+Redesign/eco+friendly
1444436.8923251314,page_view,1606321392421220,https://shop.googlemerchandisestore.com/asearch.html
1444436.8923251314,page_view,1606321441168603,https://shop.googlemerchandisestore.com/Google+Redesign/Apparel
1444436.8923251314,page_view,1606321820171711,https://shop.googlemerchandisestore.com/Google+Redesign/Clearance
1444436.8923251314,page_view,1606322092739672,https://shop.googlemerchandisestore.com/asearch.html
1444436.8923251314,page_view,1606322135536874,https://shop.googlemerchandisestore.com/asearch.html
1445378.1749676942,page_view,1606290824842250,https://shop.googlemerchandisestore.com/Google+Redesign/Shop+by+Brand/YouTube
1445378.1749676942,page_view,1606290840909185,https://shop.googlemerchandisestore.com/asearch.html
1451336.0399630106,add_to_cart,1607066736754548,https://shop.googlemerchandisestore.com/Google+Redesign/Clearance
1451336.0399630106,add_to_cart,1607066743570085,https://shop.googlemerchandisestore.com/Google+Redesign/Clearance
1452482.7324331777,purchase,1606716317623782,https://shop.googlemerchandisestore.com/ordercompleted.html
1452755.5987302805,page_view,1606323284965214,https://googlemerchandisestore.com/
1452755.5987302805,page_view,1606323294466583,https://shop.googlemerchandisestore.com/
1454384.6672852769,page_view,1606291873420882,https://shop.googlemerchandisestore.com/Google+Redesign/Shop+by+Brand/YouTube
1463210.0055216168,purchase,1607366949780425,https://shop.googlemerchandisestore.com/ordercompleted.html
14670836.5443476050,purchase,1608238544029238,https://shop.googlemerchandisestore.com/ordercompleted.html
1470110.5021681506,page_view,1606286289074889,https://shop.googlemerchandisestore.com/
1470110.5021681506,page_view,1606286300783794,https://shop.googlemerchandisestore.com/Google+Redesign/Clearance
1470110.5021681506,page_view,1606286466791749,https://shop.googlemerchandisestore.com/store.html
1470110.5021681506,page_view,1606286551653651,https://shop.googlemerchandisestore.com/Google+Redesign/Lifestyle/Drinkware
1470110.5021681506,page_view,1606286609997459,https://shop.googlemerchandisestore.com/store.html
1470110.5021681506,page_view,1606287038121419,https://shop.googlemerchandisestore.com/basket.html
1470110.5021681506,page_view,1606287117976527,https://shop.googlemerchandisestore.com/basket.html
1470110.5021681506,page_view,1606287142045102,https://shop.googlemerchandisestore.com/basket.html
1470110.5021681506,page_view,1606344929971009,https://shop.googlemerchandisestore.com/asearch.html
1470110.5021681506,page_view,1606344947200861,https://shop.googlemerchandisestore.com/signin.html
1470110.5021681506,page_view,1606344954552572,https://shop.googlemerchandisestore.com/store.html
1470110.5021681506,page_view,1606344965101403,https://shop.googlemerchandisestore.com/asearch.html
1470110.5021681506,page_view,1606344979534415,https://shop.googlemerchandisestore.com/basket.html
1470110.5021681506,page_view,1606344996254009,https://shop.googlemerchandisestore.com/asearch.html
1470110.5021681506,page_view,1606345007685541,https://shop.googlemerchandisestore.com/basket.html
1470110.5021681506,page_view,1606345019592526,https://shop.googlemerchandisestore.com/asearch.html
1470110.5021681506,page_view,1606345037062773,https://shop.googlemerchandisestore.com/Google+Redesign/Apparel/Kids
1470110.5021681506,page_view,1606345052531382,https://shop.googlemerchandisestore.com/Google+Redesign/Lifestyle/Bags
1470110.5021681506,page_view,1606345074963254,https://shop.googlemerchandisestore.com/store.html
1470110.5021681506,page_view,1606345169007772,https://shop.googlemerchandisestore.com/Google+Redesign/Lifestyle/Drinkware
1470110.5021681506,page_view,1606345175631945,https://shop.googlemerchandisestore.com/store.html
1470110.5021681506,page_view,1606345189618630,https://shop.googlemerchandisestore.com/Google+Redesign/Lifestyle/Small+Goods
1470110.5021681506,page_view,1606345197491800,https://shop.googlemerchandisestore.com/store.html
1470110.5021681506,page_view,1606345234287073,https://shop.googlemerchandisestore.com/Google+Redesign/Lifestyle/Fun/Malibu+Sunglasses.axd
1470110.5021681506,page_view,1606345274248552,https://shop.googlemerchandisestore.com/Google+Redesign/Stationery/Stickers
1470110.5021681506,page_view,1606345280195900,https://shop.googlemerchandisestore.com/store.html
1470110.5021681506,page_view,1606345357580154,https://shop.googlemerchandisestore.com/Google+Redesign/Clearance
1470110.5021681506,page_view,1606345379901969,https://shop.googlemerchandisestore.com/basket.html
1470110.5021681506,page_view,1606345402981282,https://shop.googlemerchandisestore.com/basket.html
1470110.5021681506,page_view,1606345460702943,https://shop.googlemerchandisestore.com/basket.html
1470110.5021681506,page_view,1606345472265668,https://shop.googlemerchandisestore.com/Google+Redesign/Clearance
1470110.5021681506,page_view,1606345560660294,https://shop.googlemerchandisestore.com/basket.html
1470110.5021681506,page_view,1606345610451281,https://shop.googlemerchandisestore.com/basket.html
1470110.5021681506,page_view,1606345621985274,https://shop.googlemerchandisestore.com/basket.html
1470110.5021681506,page_view,1606345647397784,https://shop.googlemerchandisestore.com/basket.html
1470110.5021681506,page_view,1606345809144287,https://shop.googlemerchandisestore.com/basket.html
1470110.5021681506,page_view,1606345816455148,https://shop.googlemerchandisestore.com/basket.html
1470110.5021681506,page_view,1606345870876722,https://shop.googlemerchandisestore.com/basket.html
1470110.5021681506,page_view,1606345936620391,https://shop.googlemerchandisestore.com/basket.html
1470110.5021681506,page_view,1606345949776255,https://shop.googlemerchandisestore.com/basket.html
1470110.5021681506,page_view,1606345956560797,https://shop.googlemerchandisestore.com/yourinfo.html
1470110.5021681506,page_view,1606345996327160,https://shop.googlemerchandisestore.com/payment.html
1470110.5021681506,page_view,1606346060689624,https://shop.googlemerchandisestore.com/payment.html
1470110.5021681506,page_view,1606346103171133,https://shop.googlemerchandisestore.com/revieworder.html
1470110.5021681506,page_view,1606346115420537,https://shop.googlemerchandisestore.com/ordercompleted.html
1470110.5021681506,purchase,1606346115424639,https://shop.googlemerchandisestore.com/ordercompleted.html
1473521219.8525112860,purchase,1608129811481019,https://shop.googlemerchandisestore.com/ordercompleted.html
1474222.5999717270,add_to_cart,1607116723999348,https://shop.googlemerchandisestore.com/Google+Redesign/Apparel/Hats
1474898.9737099452,page_view,1606303486022656,https://shop.googlemerchandisestore.com/
1474898.9737099452,page_view,1606303500898292,https://shop.googlemerchandisestore.com/signin.html
1474898.9737099452,page_view,1606304739666926,https://shop.googlemerchandisestore.com/Google+Redesign/New
1474898.9737099452,page_view,1606304754659764,https://shop.googlemerchandisestore.com/
1474898.9737099452,page_view,1606304760696871,https://shop.googlemerchandisestore.com/Google+Redesign/Clearance
1474898.9737099452,page_view,1606304785079688,https://shop.googlemerchandisestore.com/basket.html
1477011.3425505297,page_view,1606272181572246,https://www.googlemerchandisestore.com/
1477011.3425505297,page_view,1606272203476079,https://shop.googlemerchandisestore.com/
1477011.3425505297,page_view,1606272234445842,https://shop.googlemerchandisestore.com/signin.html
1479310.3638474470,page_view,1606291552183144,https://shop.googlemerchandisestore.com/Google+Redesign/bags/backpacks/
14818247.3928465402,add_to_cart,1607065348851352,https://shop.googlemerchandisestore.com/Google+Redesign/Apparel/Mens
14818247.3928465402,add_to_cart,1607065359748059,https://shop.googlemerchandisestore.com/Google+Redesign/Apparel/Mens
14818247.3928465402,add_to_cart,1607065373698474,https://shop.googlemerchandisestore.com/Google+Redesign/Apparel/Mens
14818247.3928465402,add_to_cart,1607065383755333,https://shop.googlemerchandisestore.com/Google+Redesign/Apparel/Mens
14818247.3928465402,add_to_cart,1607065400727910,https://shop.googlemerchandisestore.com/Google+Redesign/Apparel/Mens
14818247.3928465402,add_to_cart,1607065418470002,https://shop.googlemerchandisestore.com/Google+Redesign/Apparel/Mens
14818247.3928465402,add_to_cart,1607065475744636,https://shop.googlemerchandisestore.com/Google+Redesign/Apparel/Mens
14818247.3928465402,add_to_cart,1607065507765066,https://shop.googlemerchandisestore.com/Google+Redesign/Apparel/Mens
14818247.3928465402,add_to_cart,1607065617193206,https://shop.googlemerchandisestore.com/Google+Redesign/Apparel/Hats
14852669.9791388097,purchase,1607047195977722,https://shop.googlemerchandisestore.com/ordercompleted.html
1486195554.5255114980,purchase,1608200338643288,https://shop.googlemerchandisestore.com/ordercompleted.html
1486195554.5255114980,purchase,1608201770107502,https://shop.googlemerchandisestore.com/ordercompleted.html
1487994.2304997613,page_view,1606270063009838,https://shop.googlemerchandisestore.com/
1487994.2304997613,page_view,1606270082874774,https://shop.googlemerchandisestore.com/signin.html
1487994.2304997613,page_view,1606270100906224,https://shop.googlemerchandisestore.com/signin.html
1487994.2304997613,page_view,1606270213001417,https://shop.googlemerchandisestore.com/store.html
1487994.2304997613,page_view,1606270229724311,https://shop.googlemerchandisestore.com/Google+Redesign/Apparel/Mens
1487994.2304997613,page_view,1606270243879218,https://shop.googlemerchandisestore.com/Google+Redesign/Apparel/Womens
1487994.2304997613,page_view,1606270267020725,https://shop.googlemerchandisestore.com/Google+Redesign/Drinkware/YouTube+Play+Mug
1487994.2304997613,page_view,1606270273044359,https://shop.googlemerchandisestore.com/Google+Redesign/Campus+Collection
1487994.2304997613,page_view,1606270281619496,https://shop.googlemerchandisestore.com/Google+Redesign/Stationery
1487994.2304997613,page_view,1606270392148801,https://shop.googlemerchandisestore.com/Google+Redesign/Campus+Collection
1490836.9769608444,purchase,1608117937736078,https://shop.googlemerchandisestore.com/ordercompleted.html
1491450.4743298861,page_view,1606340260860781,https://shop.googlemerchandisestore.com/Google+Redesign/Apparel/YouTube+Leather+Strap+Hat+Black
1493482.7755356476,view_item,1606248220847196,https://shop.googlemerchandisestore.com/Google+Redesign/Super+G+Unisex+Joggers
1493482.7755356476,view_item,1606248348245017,https://shop.googlemerchandisestore.com/Google+Redesign/Lifestyle/Google+Bear+Baby+Blanket+Beige
1494367.1181745143,page_view,1606272301635618,https://shop.googlemerchandisestore.com/Google+Redesign/New
1505441.8210944923,page_view,1606286998518017,https://shop.googlemerchandisestore.com/
1505648.1619273138,page_view,1606321190063858,https://shop.googlemerchandisestore.com/Google+Redesign/Apparel/Google+Mens+Tech+Fleece+Vest+Charcoal
1507907.4922616623,page_view,1606276927229359,https://googlemerchandisestore.com/
15108619.6160746326,begin_checkout,1608530104515281,https://shop.googlemerchandisestore.com/yourinfo.html
15108619.6160746326,begin_checkout,1608530104700937,https://shop.googlemerchandisestore.com/yourinfo.html
15108619.6160746326,begin_checkout,1608530104708779,https://shop.googlemerchandisestore.com/yourinfo.html
1512064.9409002322,page_view,1606310083239377,https://googlemerchandisestore.com/
1512064.9409002322,page_view,1606310189416514,https://shop.googlemerchandisestore.com/Google+Redesign/New
1512064.9409002322,page_view,1606310219599804,https://shop.googlemerchandisestore.com/
1512505.0062850281,page_view,1606340733028505,https://shop.googlemerchandisestore.com/Google+Redesign/Apparel
15127451.7298076642,purchase,1606248160078530,https://shop.googlemerchandisestore.com/ordercompleted.html
1519515.3364143860,page_view,1606304164070843,https://shop.googlemerchandisestore.com/Google+Redesign/Apparel/Mens
1519515.3364143860,page_view,1606304174758594,https://shop.googlemerchandisestore.com/Google+Redesign/Apparel/Google+Dino+Game+Tee
1532532525.0257377084,purchase,1608595886575093,https://shop.googlemerchandisestore.com/ordercompleted.html
1532914.9084308282,page_view,1606285155923702,https://shop.googlemerchandisestore.com/Google+Redesign/Stationery/Notebooks
1532914.9084308282,page_view,1606285172399224,https://shop.googlemerchandisestore.com/Google+Redesign/Office/Google+Google+Confetti+Slim+Task+Pad
1532914.9084308282,page_view,1606285180349927,https://shop.googlemerchandisestore.com/Google+Redesign/Stationery/Notebooks
1532914.9084308282,page_view,1606285428361770,https://shop.googlemerchandisestore.com/Google+Redesign/Office/Google+Google+Confetti+Task+Pad
1532914.9084308282,page_view,1606285447400712,https://shop.googlemerchandisestore.com/Google+Redesign/Stationery/Notebooks
1532914.9084308282,page_view,1606285454317764,https://shop.googlemerchandisestore.com/Google+Redesign/Office/Google+Google+Campus+Bike+Grid+Task+Pad
1532914.9084308282,page_view,1606286110369540,https://shop.googlemerchandisestore.com/Google+Redesign/eco+friendly
1532914.9084308282,page_view,1606286236137016,https://shop.googlemerchandisestore.com/Google+Redesign/Bags/Supernatural+Paper+Lunch+Sack
1532914.9084308282,page_view,1606286246129648,https://shop.googlemerchandisestore.com/Google+Redesign/Bags/Supernatural+Paper+Backpack
1532927.6404323781,purchase,1608153570442826,https://shop.googlemerchandisestore.com/ordercompleted.html
1539122.4662270117,page_view,1606287817679435,https://shop.googlemerchandisestore.com/Google+Redesign/Apparel
1540040.5043347631,page_view,1606276440263093,https://googlemerchandisestore.com/
1540360.8582204674,page_view,1606293838309965,https://shop.googlemerchandisestore.com/Google+Redesign/Shop+by+Brand/YouTube
1540360.8582204674,page_view,1606293849007317,https://shop.googlemerchandisestore.com/Google+Redesign/Shop+by+Brand/YouTube
1540360.8582204674,page_view,1606293860468128,https://shop.googlemerchandisestore.com/signin.html
1540360.8582204674,page_view,1606293862135970,https://shop.googlemerchandisestore.com/Google+Redesign/Shop+by+Brand/YouTube
15418373.8425670485,purchase,1608149024534721,https://shop.googlemerchandisestore.com/ordercompleted.html
1543126.5989109815,page_view,1606323695562086,https://googlemerchandisestore.com/
1545659.7196580769,view_item,1606251393334693,https://shop.googlemerchandisestore.com/Google+Redesign/Apparel/YouTube+Leather+Strap+Hat+Black
15485284.9465721193,purchase,1607100813903992,https://shop.googlemerchandisestore.com/ordercompleted.html
15492110.1286918774,purchase,1605229488497394,https://shop.googlemerchandisestore.com/ordercompleted.html
1550834.7670100993,page_view,1606267605272882,https://shop.googlemerchandisestore.com/Google+Redesign/Apparel/Hats
1550834.7670100993,page_view,1606267937970457,https://shop.googlemerchandisestore.com/Google+Redesign/Apparel/Hatsgma
1557986.7710529031,page_view,1606309510371364,https://shop.googlemerchandisestore.com/
1562545.0383098454,page_view,1606276439110768,https://googlemerchandisestore.com/
1562545.0383098454,page_view,1606279181479951,https://shop.googlemerchandisestore.com/Google+Redesign/Apparel/YouTube+Twill+Cap+Sandwich+Black
1562545.0383098454,page_view,1606279840927022,https://shop.googlemerchandisestore.com/Google+Redesign/Apparel/Google+Zip+Hoodie+FC
1562545.0383098454,page_view,1606279868837931,https://shop.googlemerchandisestore.com/asearch.html
1562545.0383098454,page_view,1606280213920506,https://shop.googlemerchandisestore.com/Google+Redesign/Apparel/Google+Cotopaxi+Shell
1562545.0383098454,page_view,1606280241422953,https://googlemerchandisestore.com/
1562545.0383098454,page_view,1606280255816487,https://shop.googlemerchandisestore.com/
1562545.0383098454,page_view,1606280267634546,https://shop.googlemerchandisestore.com/Google+Redesign/Bags/Google+Utility+BackPack
1562545.0383098454,page_view,1606280284633342,https://googlemerchandisestore.com/
1562545.0383098454,page_view,1606280329633971,https://shop.googlemerchandisestore.com/
1562545.0383098454,page_view,1606280345254044,https://shop.googlemerchandisestore.com/Google+Redesign/Accessories/Google+Campus+Bike
1562545.0383098454,page_view,1606280358713200,https://googlemerchandisestore.com/
1562545.0383098454,page_view,1606280364646228,https://shop.googlemerchandisestore.com/
1562545.0383098454,page_view,1606280381637402,https://shop.googlemerchandisestore.com/Google+Redesign/Apparel/Google+Cotopaxi+Shell
1562545.0383098454,page_view,1606280409643949,https://googlemerchandisestore.com/
1562545.0383098454,page_view,1606280415350153,https://shop.googlemerchandisestore.com/
1562545.0383098454,page_view,1606280424855366,https://shop.googlemerchandisestore.com/Google+Redesign/Apparel/Google+FC+Longsleeve+Charcoal
1562545.0383098454,page_view,1606281008658190,https://shop.googlemerchandisestore.com/Google+Redesign/Accessories/Google+Campus+Bike
1562545.0383098454,page_view,1606281025643510,https://shop.googlemerchandisestore.com/Google+Redesign/Bags/Google+Utility+BackPack
1562545.0383098454,page_view,1606281044649080,https://shop.googlemerchandisestore.com/Google+Redesign/Lifestyle/Google+Land+and+Sea+Nalgene+Water+Bottle+LS
1562545.0383098454,page_view,1606281065641784,https://shop.googlemerchandisestore.com/Google+Redesign/Apparel/Google+Dino+Game+Tee
1562545.0383098454,page_view,1606281090649570,https://shop.googlemerchandisestore.com/Google+Redesign/Apparel/Google+Unisex+Eco+Tee+Black
1562545.0383098454,page_view,1606281124654034,https://shop.googlemerchandisestore.com/Google+Redesign/Bags/Google+Utility+BackPack
1562545.0383098454,page_view,1606281137653653,https://shop.googlemerchandisestore.com/Google+Redesign/Accessories/Google+Campus+Bike
1562545.0383098454,page_view,1606281152642444,https://shop.googlemerchandisestore.com/Google+Redesign/Apparel/Google+Cotopaxi+Shell
1562545.0383098454,page_view,1606281165896090,https://shop.googlemerchandisestore.com/Google+Redesign/Accessories/Noogler+Android+Figure+2019
1562545.0383098454,page_view,1606281186659110,https://shop.googlemerchandisestore.com/Google+Redesign/Accessories/Google+Campus+Bike
1562545.0383098454,page_view,1606281225649418,https://shop.googlemerchandisestore.com/Google+Redesign/Apparel/Google+Dino+Game+Tee
1562545.0383098454,page_view,1606281257117128,https://shop.googlemerchandisestore.com/Google+Redesign/Apparel/Google+Dino+Game+Tee
1562545.0383098454,page_view,1606281270887523,https://shop.googlemerchandisestore.com/Google+Redesign/Apparel/Google+FC+Longsleeve+Charcoal
1563223.6820459919,page_view,1606264061952941,https://googlemerchandisestore.com/
1563223.6820459919,page_view,1606264089352694,https://shop.googlemerchandisestore.com/
1563223.6820459919,page_view,1606264127659935,https://shop.googlemerchandisestore.com/Google+Redesign/Apparel/Mens
1563223.6820459919,page_view,1606264187861542,https://shop.googlemerchandisestore.com/Google+Redesign/Shop+by+Brand/YouTube
1567719.6547297272,view_item,1606184388574987,https://shop.googlemerchandisestore.com/Google+Redesign/Apparel/YouTube+Twill+Cap+Sandwich+Black
1567719.6547297272,view_item,1606184435436390,https://shop.googlemerchandisestore.com/Google+Redesign/Apparel/YouTube+Leather+Strap+Hat+Black
1567719.6547297272,view_item,1606184456822466,https://shop.googlemerchandisestore.com/Google+Redesign/Apparel/YouTube+Twill+Cap+Sandwich+Black
15689194.2101305412,purchase,1608160743315040,https://shop.googlemerchandisestore.com/ordercompleted.html
15702700.6482035586,purchase,1607060842305552,https://shop.googlemerchandisestore.com/ordercompleted.html
1571543.1782391975,page_view,1606288330938721,https://shop.googlemerchandisestore.com/Google+Redesign/Apparel
1571931.7896790701,page_view,1606318923386156,https://googlemerchandisestore.com/
1573292.3295246130,page_view,1606282726706757,https://shop.googlemerchandisestore.com/Google+Redesign/Shop+by+Brand/YouTube
1573292.3295246130,page_view,1606282741534712,https://shop.googlemerchandisestore.com/Google+Redesign/Drinkware/Youtube+25oz+gear+cap+bottle+black
1582143.8057172157,page_view,1606299104673866,https://shop.googlemerchandisestore.com/
1582143.8057172157,page_view,1606300275582456,https://shop.googlemerchandisestore.com/Google+Redesign/New
1582143.8057172157,page_view,1606300294310829,https://shop.googlemerchandisestore.com/Google+Redesign/Apparel/Mens
1582143.8057172157,page_view,1606300457986171,https://shop.googlemerchandisestore.com/basket.html
1582143.8057172157,page_view,1606300690205774,https://shop.googlemerchandisestore.com/signin.html
1582143.8057172157,page_view,1606300698425839,https://shop.googlemerchandisestore.com/yourinfo.html
1582143.8057172157,page_view,1606300714454161,https://shop.googlemerchandisestore.com/payment.html
1582143.8057172157,page_view,1606300756210949,https://shop.googlemerchandisestore.com/payment.html
1582143.8057172157,page_view,1606300777499335,https://shop.googlemerchandisestore.com/basket.html
1582143.8057172157,page_view,1606300808475701,https://shop.googlemerchandisestore.com/basket.html
1582143.8057172157,page_view,1606300871329921,https://shop.googlemerchandisestore.com/store.html
1582143.8057172157,page_view,1606300881417725,https://shop.googlemerchandisestore.com/Google+Redesign/Apparel/Mens
1582312.8942816268,page_view,1606324561931806,https://shop.googlemerchandisestore.com/Google+Redesign/Apparel
1585309.6580304644,purchase,1607069146856109,https://shop.googlemerchandisestore.com/ordercompleted.html
1593060.9903989741,purchase,1608093549764879,https://shop.googlemerchandisestore.com/ordercompleted.html
1594601.8702430552,page_view,1606320923422161,https://shop.googlemerchandisestore.com/Google+Redesign/Apparel
15980073.3222059333,purchase,1605870394284497,https://shop.googlemerchandisestore.com/ordercompleted.html
1599185.2513864078,page_view,1606324977655617,https://shop.googlemerchandisestore.com/
1600491.3294364893,page_view,1606319842890644,https://shop.googlemerchandisestore.com/Google+Redesign/Bags/Android+Iconic+Backpack
1600491.3294364893,page_view,1606319867279945,https://shop.googlemerchandisestore.com/Google+Redesign/Bags/Android+Iconic+Backpack
1600491.3294364893,page_view,1606319876927714,https://shop.googlemerchandisestore.com/Google+Redesign/Apparel
1600491.3294364893,page_view,1606319895277449,https://shop.googlemerchandisestore.com/Google+Redesign/Lifestyle
1600491.3294364893,page_view,1606319920115380,https://shop.googlemerchandisestore.com/Google+Redesign/Apparel
1602548.8538950392,page_view,1606321777661719,https://shop.googlemerchandisestore.com/Google+Redesign/Apparel
1605564.2171778452,purchase,1608664007753325,https://shop.googlemerchandisestore.com/ordercompleted.html
1606543.9019935467,purchase,1607910972007577,https://shop.googlemerchandisestore.com/ordercompleted.html
1607212.6806643717,page_view,1606267288357465,https://shop.googlemerchandisestore.com/Google+Redesign/Clearance
1607212.6806643717,page_view,1606269622063448,https://shop.googlemerchandisestore.com/Google+Redesign/Super+G+Unisex+Joggers
1607212.6806643717,page_view,1606269659107806,https://shop.googlemerchandisestore.com/Google+Redesign/Super+G+Unisex+Joggers
1607644.8337830662,page_view,1606270784415733,https://shop.googlemerchandisestore.com/
1608631.2392476804,page_view,1606269165659363,https://googlemerchandisestore.com/
1608631.2392476804,page_view,1606269181150294,https://googlemerchandisestore.com/
1609041.0696144033,page_view,1606311107683277,https://shop.googlemerchandisestore.com/store.html
1615461.2860305017,page_view,1606314923715720,https://shop.googlemerchandisestore.com/
1615461.2860305017,page_view,1606330757951009,https://shop.googlemerchandisestore.com/google+redesign/apparel/mens
1615461.2860305017,page_view,1606337162641599,https://shop.googlemerchandisestore.com/
1615461.2860305017,page_view,1606337189558246,https://shop.googlemerchandisestore.com/
1615461.2860305017,page_view,1606337377693537,https://shop.googlemerchandisestore.com/basket.html
1615461.2860305017,page_view,1606337384278993,https://shop.googlemerchandisestore.com/
1615461.2860305017,page_view,1606337397716711,https://shop.googlemerchandisestore.com/Google+Redesign/Apparel/Kids
1615461.2860305017,page_view,1606337423623844,https://shop.googlemerchandisestore.com/basket.html
1615461.2860305017,page_view,1606337440417907,https://shop.googlemerchandisestore.com/signin.html
1615461.2860305017,page_view,1606337576120958,https://shop.googlemerchandisestore.com/basket.html
1615461.2860305017,page_view,1606337584980452,https://shop.googlemerchandisestore.com/signin.html
1615461.2860305017,page_view,1606337683825106,https://shop.googlemerchandisestore.com/basket.html
1618508.8465369410,page_view,1606340795413350,https://shop.googlemerchandisestore.com/
1618508.8465369410,page_view,1606340805369071,https://shop.googlemerchandisestore.com/basket.html
1618508.8465369410,page_view,1606340814180890,https://shop.googlemerchandisestore.com/signin.html
1621120.1060958458,add_to_cart,1607086768273524,https://shop.googlemerchandisestore.com/Google+Redesign/Apparel/Mens
1621120.1060958458,add_to_cart,1607086848285989,https://shop.googlemerchandisestore.com/Google+Redesign/Apparel/Mens
1621120.1060958458,purchase,1608202041957219,https://shop.googlemerchandisestore.com/ordercompleted.html
1621120.1060958458,purchase,1608203808979348,https://shop.googlemerchandisestore.com/ordercompleted.html
1624230.7368868695,add_to_cart,1607077474601273,https://shop.googlemerchandisestore.com/store.html
1624230.7368868695,add_to_cart,1607077476218160,https://shop.googlemerchandisestore.com/store.html
16244779.6271795162,purchase,1608184468313280,https://shop.googlemerchandisestore.com/ordercompleted.html
1624875.9469354174,page_view,1606275520343231,https://shop.googlemerchandisestore.com/Google+Redesign/Apparel/Mens
1624875.9469354174,page_view,1606275524132983,https://shop.googlemerchandisestore.com/Google+Redesign/Apparel/Google+Unisex+Eco+Tee+Black
1624875.9469354174,page_view,1606275529545100,https://shop.googlemerchandisestore.com/Google+Redesign/Apparel/Mens
1624875.9469354174,page_view,1606275537248602,https://shop.googlemerchandisestore.com/Google+Redesign/Apparel/Google+FC+Longsleeve+Charcoal
1624875.9469354174,page_view,1606275555174811,https://shop.googlemerchandisestore.com/Google+Redesign/Apparel/Mens
1624875.9469354174,page_view,1606275566803470,https://shop.googlemerchandisestore.com/Google+Redesign/Apparel/Google+Badge+Heavyweight+Pullover+Black
1624875.9469354174,page_view,1606275604686197,https://shop.googlemerchandisestore.com/basket.html
1624875.9469354174,page_view,1606275610012409,https://shop.googlemerchandisestore.com/basket.html
1624875.9469354174,page_view,1606275615688209,https://shop.googlemerchandisestore.com/Google+Redesign/Apparel/Mens
1624875.9469354174,page_view,1606275629345081,https://shop.googlemerchandisestore.com/Google+Redesign/Apparel/Google+Mens+Puff+Jacket+Black
1624875.9469354174,page_view,1606275651083542,https://shop.googlemerchandisestore.com/Google+Redesign/Apparel/Mens
1624875.9469354174,page_view,1606275683445555,https://shop.googlemerchandisestore.com/Google+Redesign/Apparel/Google+Raincoat+Navy
1624875.9469354174,page_view,1606275696741851,https://shop.googlemerchandisestore.com/basket.html
1624875.9469354174,page_view,1606275713829731,https://shop.googlemerchandisestore.com/basket.html
1624875.9469354174,page_view,1606275724707682,https://shop.googlemerchandisestore.com/basket.html
1624875.9469354174,page_view,1606275734206802,https://shop.googlemerchandisestore.com/Google+Redesign/Apparel/Mens
1624875.9469354174,page_view,1606275747170271,https://shop.googlemerchandisestore.com/Google+Redesign/Apparel/Google+Unisex+Eco+Tee+Black
1624875.9469354174,page_view,1606275752567122,https://shop.googlemerchandisestore.com/Google+Redesign/Apparel/Mens
1624875.9469354174,page_view,1606275774822815,https://shop.googlemerchandisestore.com/signin.html
1624875.9469354174,page_view,1606275779420343,https://shop.googlemerchandisestore.com/store.html
1624875.9469354174,page_view,1606275784821670,https://shop.googlemerchandisestore.com/Google+Redesign/Apparel/Socks
1624875.9469354174,page_view,1606275812175813,https://shop.googlemerchandisestore.com/Google+Redesign/Apparel/Hats
1624875.9469354174,page_view,1606275821688857,https://shop.googlemerchandisestore.com/Google+Redesign/Lifestyle/Drinkware
1624875.9469354174,page_view,1606275845740549,https://shop.googlemerchandisestore.com/Google+Redesign/New
1624875.9469354174,page_view,1606275858344167,https://shop.googlemerchandisestore.com/Google+Redesign/Apparel/Mens
1624875.9469354174,page_view,1606275883713569,https://shop.googlemerchandisestore.com/basket.html
1624875.9469354174,page_view,1606275894432212,https://shop.googlemerchandisestore.com/basket.html
1624875.9469354174,page_view,1606275960989131,https://shop.googlemerchandisestore.com/basket.html
1624875.9469354174,page_view,1606275969633476,https://shop.googlemerchandisestore.com/basket.html
1624875.9469354174,page_view,1606275981141923,https://shop.googlemerchandisestore.com/Google+Redesign/Apparel/Mens
1624875.9469354174,page_view,1606276044247300,https://shop.googlemerchandisestore.com/Google+Redesign/Apparel/Womens
1624875.9469354174,page_view,1606276051456193,https://shop.googlemerchandisestore.com/Google+Redesign/Apparel/Mens
1624875.9469354174,page_view,1606276056805991,https://shop.googlemerchandisestore.com/basket.html
1624875.9469354174,page_view,1606276073242767,https://shop.googlemerchandisestore.com/Google+Redesign/Apparel/Mens
1624875.9469354174,page_view,1606276091366930,https://shop.googlemerchandisestore.com/Google+Redesign/Campus+Collection
1624875.9469354174,page_view,1606276108898011,https://shop.googlemerchandisestore.com/store.html
1624875.9469354174,page_view,1606276126489136,https://shop.googlemerchandisestore.com/store.html
1624875.9469354174,page_view,1606276145233358,https://shop.googlemerchandisestore.com/Google+Redesign/Campus+Collection
1624875.9469354174,page_view,1606276152544922,https://shop.googlemerchandisestore.com/Google+Redesign/Shop+by+Brand/Google
1624875.9469354174,page_view,1606276233039757,https://shop.googlemerchandisestore.com/Google+Redesign/Apparel/Mens
1624875.9469354174,page_view,1606276249391130,https://shop.googlemerchandisestore.com/basket.html
1624875.9469354174,page_view,1606276251295369,https://shop.googlemerchandisestore.com/Google+Redesign/Apparel/Mens
1624875.9469354174,page_view,1606276256716894,https://shop.googlemerchandisestore.com/Google+Redesign/Lifestyle/Bags
1624875.9469354174,page_view,1606276282145006,https://shop.googlemerchandisestore.com/Google+Redesign/Lifestyle/Drinkware
1624875.9469354174,page_view,1606276306791182,https://shop.googlemerchandisestore.com/basket.html
1624875.9469354174,page_view,1606276323565104,https://shop.googlemerchandisestore.com/basket.html
1624875.9469354174,page_view,1606276345333910,https://shop.googlemerchandisestore.com/basket.html
1624875.9469354174,page_view,1606276353779765,https://shop.googlemerchandisestore.com/yourinfo.html
1624875.9469354174,page_view,1606276408915165,https://shop.googlemerchandisestore.com/payment.html
1624875.9469354174,page_view,1606276443711954,https://shop.googlemerchandisestore.com/Google+Redesign/Apparel/Womens
1624875.9469354174,page_view,1606276506564600,https://shop.googlemerchandisestore.com/Google+Redesign/Apparel/Womens
1624875.9469354174,page_view,1606276525096642,https://shop.googlemerchandisestore.com/Google+Redesign/Apparel/Womens
1624875.9469354174,page_view,1606276538652932,https://shop.googlemerchandisestore.com/Google+Redesign/Apparel/Google+Womens+Eco+Tee+Black
1624875.9469354174,page_view,1606276544090180,https://shop.googlemerchandisestore.com/Google+Redesign/Apparel/Womens
1624875.9469354174,page_view,1606276550721348,https://shop.googlemerchandisestore.com/basket.html
1624875.9469354174,page_view,1606276556141460,https://shop.googlemerchandisestore.com/Google+Redesign/Apparel/Womens
1624875.9469354174,page_view,1606276563796367,https://shop.googlemerchandisestore.com/basket.html
1624875.9469354174,page_view,1606276566408495,https://shop.googlemerchandisestore.com/yourinfo.html
1624875.9469354174,page_view,1606276576598009,https://shop.googlemerchandisestore.com/payment.html
1624875.9469354174,page_view,1606276612689560,https://shop.googlemerchandisestore.com/revieworder.html
1624875.9469354174,page_view,1606276618292167,https://shop.googlemerchandisestore.com/ordercompleted.html
1624875.9469354174,purchase,1606276618292534,https://shop.googlemerchandisestore.com/ordercompleted.html
1624875.9469354174,page_view,1606276685957422,https://shop.googlemerchandisestore.com/Google+Redesign/Apparel/Mens
1625675.0361877604,page_view,1606263607957607,https://shop.googlemerchandisestore.com/Google+Redesign/Apparel/Mens/Mens+T+Shirts
1625675.0361877604,page_view,1606263613738487,https://shop.googlemerchandisestore.com/Google+Redesign/Apparel
1625675.0361877604,page_view,1606263656384561,https://shop.googlemerchandisestore.com/Google+Redesign/Apparel/Google+Sherpa+Zip+Hoodie+Charcoal
1625675.0361877604,page_view,1606263676619811,https://shop.googlemerchandisestore.com/Google+Redesign/Stationery
1625675.0361877604,page_view,1606263710070675,https://shop.googlemerchandisestore.com/Google+Redesign/Lifestyle
1625675.0361877604,page_view,1606263830273076,https://shop.googlemerchandisestore.com/Google+Redesign/Bags/Google+Utility+BackPack
16308384.6590340962,add_to_cart,1607044155728346,https://shop.googlemerchandisestore.com/store.html
1637704.1849843359,page_view,1606345316872984,https://shop.googlemerchandisestore.com/store.html
1638183.9176219609,page_view,1606329776590198,https://googlemerchandisestore.com/
1638183.9176219609,page_view,1606335310784366,https://googlemerchandisestore.com/
1638183.9176219609,page_view,1606335318923003,https://googlemerchandisestore.com/
1638183.9176219609,page_view,1606335388997780,https://googlemerchandisestore.com/
1638183.9176219609,page_view,1606335394678387,https://shop.googlemerchandisestore.com/
1638183.9176219609,page_view,1606335414555668,https://shop.googlemerchandisestore.com/Google+Redesign/Shop+by+Brand/Google
1640477.8299410799,page_view,1606285973457825,https://googlemerchandisestore.com/
1640477.8299410799,page_view,1606285981651928,https://shop.googlemerchandisestore.com/
1640477.8299410799,page_view,1606286035030305,https://shop.googlemerchandisestore.com/Google+Redesign/Apparel/Mens
16452090.3561030142,purchase,1608143873492000,https://shop.googlemerchandisestore.com/ordercompleted.html
1647353.8950444280,page_view,1606297186091710,https://shop.googlemerchandisestore.com/Google+Redesign/Apparel/Google+Dino+Game+Tee
1647931.3550091416,view_item,1606221693287733,https://shop.googlemerchandisestore.com/Google+Redesign/Office/Google+Google+Confetti+Task+Pad
1649108.9139870683,page_view,1606304241179095,https://shop.googlemerchandisestore.com/Google+Redesign/Drinkware/Mugs/Android+4oz+Rise+Mug.axd
1649108.9139870683,page_view,1606304250405253,https://shop.googlemerchandisestore.com/
1649108.9139870683,page_view,1606304283938298,https://shop.googlemerchandisestore.com/Google+Redesign/Campus+Collection
1649108.9139870683,page_view,1606304293882673,https://shop.googlemerchandisestore.com/Google+Redesign/Shop+by+Brand/Android
1649108.9139870683,page_view,1606304357254984,https://shop.googlemerchandisestore.com/Google+Redesign/Accessories/Noogler+Android+Figure+2019
1663781.3078124746,purchase,1607338870173965,https://shop.googlemerchandisestore.com/ordercompleted.html
1669048.7348890098,view_item,1606233312350648,https://shop.googlemerchandisestore.com/Google+Redesign/Apparel/Google+Heathered+Pom+Beanie
1669048.7348890098,view_item,1606233329191296,https://shop.googlemerchandisestore.com/Google+Redesign/Office/Writing/Maze+Pen.axd
1669048.7348890098,view_item,1606233364928679,https://shop.googlemerchandisestore.com/Google+Redesign/Apparel/Google+Heathered+Pom+Beanie
1669048.7348890098,view_item,1606233613768201,https://shop.googlemerchandisestore.com/Google+Redesign/Drinkware/Google+Perk+Thermal+Cup
1669048.7348890098,view_item,1606233762343038,https://shop.googlemerchandisestore.com/Google+Redesign/Lifestyle/Google+Bear+Baby+Blanket+Beige
1673508.3007332855,page_view,1606331638835924,https://googlemerchandisestore.com/
1675335.2926989153,page_view,1606264445348894,https://googlemerchandisestore.com/
1677502.1099621364,view_item,1606183350800002,https://shop.googlemerchandisestore.com/Google+Redesign/Lifestyle/Google+Bear+Baby+Blanket+Beige
1679717.8740036129,page_view,1606284465828267,https://googlemerchandisestore.com/
1679717.8740036129,page_view,1606284488048642,https://shop.googlemerchandisestore.com/
1685344.6612811198,page_view,1606328588736338,https://shop.googlemerchandisestore.com/Google+Redesign/Shop+by+Brand/YouTube
1685344.6612811198,page_view,1606328789348492,https://shop.googlemerchandisestore.com/Google+Redesign/Shop+by+Brand/YouTube
1685344.6612811198,page_view,1606333575840609,https://shop.googlemerchandisestore.com/Google+Redesign/Shop+by+Brand/YouTube
1685344.6612811198,page_view,1606334706320066,https://shop.googlemerchandisestore.com/Google+Redesign/Shop+by+Brand/YouTube
1685344.6612811198,page_view,1606343899502061,https://shop.googlemerchandisestore.com/Google+Redesign/Shop+by+Brand/YouTube
1695603.1663317649,page_view,1606305588254328,https://shop.googlemerchandisestore.com/
1695603.1663317649,page_view,1606306737424025,https://shop.googlemerchandisestore.com/Google+Redesign/Campus+Collection
1695603.1663317649,page_view,1606311339627503,https://shop.googlemerchandisestore.com/
1695603.1663317649,page_view,1606311361708687,https://shop.googlemerchandisestore.com/
1696477.8863442987,view_item,1606192232824322,https://shop.googlemerchandisestore.com/Google+Redesign/Apparel/YouTube+Leather+Strap+Hat+Black
1699458.8599193427,page_view,1606278857219978,https://www.googlemerchandisestore.com/
1699458.8599193427,page_view,1606278874618673,https://shop.googlemerchandisestore.com/
1699458.8599193427,page_view,1606278906036896,https://shop.googlemerchandisestore.com/Google+Redesign/Lifestyle
1699458.8599193427,page_view,1606278954348741,https://shop.googlemerchandisestore.com/Google+Redesign/Drinkware/Google+Perk+Thermal+Cup
1699458.8599193427,page_view,1606278980564916,https://shop.googlemerchandisestore.com/Google+Redesign/Drinkware/Google+Woodtop+Bottle+Black
1699458.8599193427,page_view,1606279133341443,https://shop.googlemerchandisestore.com/Google+Redesign/Lifestyle
1699458.8599193427,page_view,1606279150114156,https://shop.googlemerchandisestore.com/Google+Redesign/Drinkware/Google+Canteen+Bottle+Black
1700261.6382610079,view_item,1606186634085602,https://shop.googlemerchandisestore.com/Google+Redesign/Lifestyle/Google+Bear+Baby+Blanket+Beige
1700261.6382610079,view_item,1606186705811776,https://shop.googlemerchandisestore.com/Google+Redesign/Lifestyle/Google+Bear+Baby+Blanket+Beige
1701331.5927892761,view_item,1606204106909142,https://shop.googlemerchandisestore.com/Google+Redesign/Bags/Google+Incognito+Zippack+V2
1701331.5927892761,view_item,1606204150506797,https://shop.googlemerchandisestore.com/Google+Redesign/Bags/Google+Incognito+Zippack+V2
1701331.5927892761,view_item,1606204203518255,https://shop.googlemerchandisestore.com/Google+Redesign/Bags/Google+Incognito+Flap+Pack
1701331.5927892761,view_item,1606204257777334,https://shop.googlemerchandisestore.com/Google+Redesign/Bags/Google+Incognito+Flap+Pack
1701331.5927892761,view_item,1606204365280708,https://shop.googlemerchandisestore.com/Google+Redesign/Bags/Google+Incognito+Techpack+V2
1701331.5927892761,view_item,1606204394695749,https://shop.googlemerchandisestore.com/Google+Redesign/Bags/Google+Incognito+Zippack+V2
1704829.1052162298,page_view,1606271390625341,https://shop.googlemerchandisestore.com/
1704829.1052162298,page_view,1606271419685952,https://shop.googlemerchandisestore.com/Google+Redesign/Apparel/Mens
1704829.1052162298,page_view,1606271451553114,https://shop.googlemerchandisestore.com/
1704829.1052162298,page_view,1606271545222579,https://shop.googlemerchandisestore.com/Google+Redesign/Clearance
1706011.8461395358,purchase,1606752681649668,https://shop.googlemerchandisestore.com/ordercompleted.html
1708264.7659047863,page_view,1606299036693787,https://shop.googlemerchandisestore.com/Google+Redesign/eco+friendly
1708264.7659047863,page_view,1606299042317782,https://shop.googlemerchandisestore.com/signin.html
1708264.7659047863,page_view,1606299055696487,https://shop.googlemerchandisestore.com/store.html
1708264.7659047863,page_view,1606299075583921,https://shop.googlemerchandisestore.com/Google+Redesign/eco+friendly
1708264.7659047863,page_view,1606299130724762,https://shop.googlemerchandisestore.com/Google+Redesign/Accessories/Google+Utensil+Set
1708264.7659047863,page_view,1606299154872724,https://shop.googlemerchandisestore.com/Google+Redesign/Clearance
1708264.7659047863,page_view,1606299250145969,https://shop.googlemerchandisestore.com/Google+Redesign/Lifestyle/Bags
1708264.7659047863,page_view,1606299301106742,https://shop.googlemerchandisestore.com/Google+Redesign/Apparel/Kids
1708264.7659047863,page_view,1606299326538721,https://shop.googlemerchandisestore.com/Google+Redesign/Apparel/Google+Youth+Hero+Tee+Maroon
1708264.7659047863,page_view,1606299349485753,https://shop.googlemerchandisestore.com/Google+Redesign/Lifestyle/Drinkware
1708264.7659047863,page_view,1606299393837827,https://shop.googlemerchandisestore.com/Google+Redesign/eco+friendly
1708264.7659047863,page_view,1606299436845991,https://shop.googlemerchandisestore.com/wishlist.html
1708264.7659047863,page_view,1606299442491822,https://shop.googlemerchandisestore.com/Google+Redesign/New
1708264.7659047863,page_view,1606299466869306,https://shop.googlemerchandisestore.com/Google+Redesign/Super+G+Unisex+Joggers
1710815.2079796845,page_view,1606342886867642,https://shop.googlemerchandisestore.com/Google+Redesign/Accessories/Google+Chrome+Dinosaur+Collectible
1711471.4758520572,page_view,1606289066665885,https://shop.googlemerchandisestore.com/Google+Redesign/Shop+by+Brand/YouTube
1713423.9608074558,view_item,1606190768353313,https://shop.googlemerchandisestore.com/Google+Redesign/Accessories/Google+Campus+Bike
1720059.7980376290,purchase,1605581341525225,https://shop.googlemerchandisestore.com/ordercompleted.html
17220615.7365298752,purchase,1612015331650485,https://shop.googlemerchandisestore.com/ordercompleted.html
1725388.1036513417,page_view,1606295519376377,https://googlemerchandisestore.com/
1725388.1036513417,page_view,1606313321391328,https://googlemerchandisestore.com/
1725388.1036513417,page_view,1606316144806435,https://googlemerchandisestore.com/
1726683.7001558069,page_view,1606337385523540,https://googlemerchandisestore.com/
1726683.7001558069,page_view,1606337393144740,https://googlemerchandisestore.com/
1728840.7235598068,page_view,1606272704911056,https://shop.googlemerchandisestore.com/
1728840.7235598068,page_view,1606272716934597,https://shop.googlemerchandisestore.com/basket.html
1732099.9888455994,page_view,1606340976630336,https://shop.googlemerchandisestore.com/store.html
1732799.6766974455,page_view,1606283626231421,https://shop.googlemerchandisestore.com/
1732799.6766974455,page_view,1606287488701587,https://shop.googlemerchandisestore.com/
1732799.6766974455,page_view,1606288144885172,https://shop.googlemerchandisestore.com/
1735740.0362728656,purchase,1608618857241557,https://shop.googlemerchandisestore.com/ordercompleted.html
1735740.0362728656,purchase,1608638349574061,https://shop.googlemerchandisestore.com/ordercompleted.html
17360922.4174805251,purchase,1606731367132884,https://shop.googlemerchandisestore.com/ordercompleted.html
1743002.9963278389,page_view,1606276568332632,https://googlemerchandisestore.com/
17494077.2658372366,begin_checkout,1608916841720869,https://shop.googlemerchandisestore.com/yourinfo.html
17494077.2658372366,begin_checkout,1608916841832270,https://shop.googlemerchandisestore.com/yourinfo.html
17494077.2658372366,begin_checkout,1608916841843766,https://shop.googlemerchandisestore.com/yourinfo.html
17494077.2658372366,begin_checkout,1608917177733309,https://shop.googlemerchandisestore.com/yourinfo.html
17494077.2658372366,begin_checkout,1608917177800411,https://shop.googlemerchandisestore.com/yourinfo.html
17494077.2658372366,begin_checkout,1608917177816915,https://shop.googlemerchandisestore.com/yourinfo.html
17494077.2658372366,purchase,1608917578316216,https://shop.googlemerchandisestore.com/ordercompleted.html
1751343.2988948135,page_view,1606286174794623,https://shop.googlemerchandisestore.com/
1751343.2988948135,page_view,1606286191799880,https://shop.googlemerchandisestore.com/Google+Redesign/Clearance
1751343.2988948135,page_view,1606286230763740,https://shop.googlemerchandisestore.com/Google+Redesign/Office/Google+Felt+Refillable+Journal
1751343.2988948135,page_view,1606286231207761,https://shop.googlemerchandisestore.com/Google+Redesign/Office/Google+Felt+Refillable+Journal
1751343.2988948135,page_view,1606286244563768,https://shop.googlemerchandisestore.com/Google+Redesign/Clearance
1751343.2988948135,page_view,1606286301313453,https://shop.googlemerchandisestore.com/Google+Redesign/Campus+Collection/Google+Mountain+View+Campus+Ladies+Tee
1751343.2988948135,page_view,1606286328423831,https://shop.googlemerchandisestore.com/Google+Redesign/Clearance
1751343.2988948135,page_view,1606286381467668,https://shop.googlemerchandisestore.com/Google+Redesign/Office/Google+Clear+Pen+4pack
1751343.2988948135,page_view,1606286400810029,https://shop.googlemerchandisestore.com/Google+Redesign/Apparel/Mens
1751343.2988948135,page_view,1606286424529962,https://shop.googlemerchandisestore.com/Google+Redesign/Stationery/Writing
1751343.2988948135,page_view,1606286449893634,https://shop.googlemerchandisestore.com/Google+Redesign/Office/Writing/Google+Stylus+Pen+w+LED+Light.axd
1751343.2988948135,page_view,1606286480562730,https://shop.googlemerchandisestore.com/Google+Redesign/Stationery/Writing
1753206.4696388837,view_item,1606235400297807,https://shop.googlemerchandisestore.com/Google+Redesign/Drinkware/Google+KeepCup
1753984.7605107640,page_view,1606277730395049,https://shop.googlemerchandisestore.com/Google+Redesign/Apparel/Google+Cotopaxi+Shell
1753984.7605107640,page_view,1606277743020958,https://shop.googlemerchandisestore.com/Google+Redesign/Apparel/Google+Cotopaxi+Shell
1753984.7605107640,page_view,1606277782221878,https://shop.googlemerchandisestore.com/
1753984.7605107640,page_view,1606277795950673,https://shop.googlemerchandisestore.com/Google+Redesign/Apparel/Mens
1753984.7605107640,page_view,1606277894345405,https://shop.googlemerchandisestore.com/Google+Redesign/Lifestyle/Drinkware
1753984.7605107640,page_view,1606277955915029,https://shop.googlemerchandisestore.com/Google+Redesign/Lifestyle/Small+Goods
1754851.7489018510,page_view,1606305471357453,https://googlemerchandisestore.com/
1754851.7489018510,page_view,1606305478873031,https://shop.googlemerchandisestore.com/
1754851.7489018510,page_view,1606305487480067,https://shop.googlemerchandisestore.com/Google+Redesign/Apparel
1754851.7489018510,page_view,1606305516263609,https://shop.googlemerchandisestore.com/Google+Redesign/Apparel/YouTube+Leather+Strap+Hat+Black
17583205.9222318480,purchase,1606770822072927,https://shop.googlemerchandisestore.com/ordercompleted.html
17600486.2275967341,purchase,1608618764851843,https://shop.googlemerchandisestore.com/ordercompleted.html
1767212.7081858117,page_view,1606316352375929,https://googlemerchandisestore.com/
1780184.3951567195,page_view,1606331932722038,https://shop.googlemerchandisestore.com/Google+Redesign/bags/backpacks/
17809571.4308076628,add_to_cart,1607055158687598,https://shop.googlemerchandisestore.com/Google+Redesign/Apparel/Socks
17809571.4308076628,purchase,1607055619949899,https://shop.googlemerchandisestore.com/ordercompleted.html
1786846.0574260420,page_view,1606274725964504,https://shop.googlemerchandisestore.com/
1786846.0574260420,page_view,1606274743254350,https://shop.googlemerchandisestore.com/Google+Redesign/New
1789750.3674946803,page_view,1606321376532750,https://googlemerchandisestore.com/
1790133.0292166302,page_view,1606318499980864,https://shop.googlemerchandisestore.com/Google+Redesign/Apparel/Google+Austin+Campus+Unisex+Tee
1790133.0292166302,page_view,1606318515513654,https://shop.googlemerchandisestore.com/Google+Redesign/Apparel/Mens
1790133.0292166302,page_view,1606318555401504,https://shop.googlemerchandisestore.com/Google+Redesign/Stationery
1790133.0292166302,page_view,1606318604069375,https://shop.googlemerchandisestore.com/Google+Redesign/Lifestyle
1800357.2533782758,page_view,1606337101193299,https://googlemerchandisestore.com/
1800357.2533782758,page_view,1606337111250811,https://shop.googlemerchandisestore.com/
1800357.2533782758,page_view,1606337126099899,https://shop.googlemerchandisestore.com/Google+Redesign/Apparel
1800357.2533782758,page_view,1606337131466516,https://shop.googlemerchandisestore.com/Google+Redesign/Lifestyle
1800357.2533782758,page_view,1606337199632801,https://shop.googlemerchandisestore.com/Google+Redesign/Clearance
1801471.9223253656,page_view,1606320798598169,https://shop.googlemerchandisestore.com/Google+Redesign/Shop+by+Brand/YouTube
1803200.7777857363,purchase,1609031982348844,https://shop.googlemerchandisestore.com/ordercompleted.html
1805147.5718759153,page_view,1606286582631222,https://shop.googlemerchandisestore.com/Google+Redesign/Shop+by+Brand/YouTube
18078079.4939254401,purchase,1608153887310621,https://shop.googlemerchandisestore.com/ordercompleted.html
1809031.2379719405,page_view,1606271025320060,https://googlemerchandisestore.com/
1809434.8489307034,page_view,1606327478496541,https://www.googlemerchandisestore.com/
1809434.8489307034,page_view,1606327500246677,https://shop.googlemerchandisestore.com/
1809434.8489307034,page_view,1606327518869717,https://shop.googlemerchandisestore.com/
1809434.8489307034,page_view,1606327538261901,https://shop.googlemerchandisestore.com/store-policies/frequently-asked-questions/
18096538.3296121239,purchase,1607356622045634,https://shop.googlemerchandisestore.com/ordercompleted.html
1811635.2366227718,add_to_cart,1607112847106223,https://shop.googlemerchandisestore.com/Google+Redesign/Lifestyle/Drinkware
1811635.2366227718,add_to_cart,1607113174977110,https://shop.googlemerchandisestore.com/Google+Redesign/Lifestyle/Drinkware
1813744.3260699232,purchase,1608154142548128,https://shop.googlemerchandisestore.com/ordercompleted.html
1814293.4508162233,view_item,1606255273820034,https://shop.googlemerchandisestore.com/Google+Redesign/Accessories/Google+Clear+Framed+Gray+Shades
1814293.4508162233,view_item,1606255310956908,https://shop.googlemerchandisestore.com/Google+Redesign/Office/Google+Clear+Pen+4pack
1817516.7864464285,purchase,1607931981886392,https://shop.googlemerchandisestore.com/ordercompleted.html
1820974.2134109598,page_view,1606332102605243,https://shop.googlemerchandisestore.com/Google+Redesign/Apparel
1821955.5341875512,page_view,1606276641978025,https://shop.googlemerchandisestore.com/Google+Redesign/Apparel
18229122.0912478242,add_to_cart,1607094788958124,https://shop.googlemerchandisestore.com/Google+Redesign/Stationery/Stickers
1828782.5599714980,page_view,1606345391167100,https://shop.googlemerchandisestore.com/Google+Redesign/Shop+by+Brand/Google
1828782.5599714980,page_view,1606345559541501,https://shop.googlemerchandisestore.com/store.html
1828782.5599714980,page_view,1606345564979352,https://shop.googlemerchandisestore.com/Google+Redesign/Apparel/Mens
1828782.5599714980,page_view,1606345570708779,https://shop.googlemerchandisestore.com/Google+Redesign/New
1832855.2035957845,purchase,1606740006828710,https://shop.googlemerchandisestore.com/ordercompleted.html
1832855.2035957845,purchase,1606766729092725,https://shop.googlemerchandisestore.com/ordercompleted.html
1833067.1471373705,page_view,1606306576598202,https://shop.googlemerchandisestore.com/
1833067.1471373705,page_view,1606306591723491,https://shop.googlemerchandisestore.com/Google+Redesign/Shop+by+Brand/Google
1833067.1471373705,page_view,1606306614178140,https://shop.googlemerchandisestore.com/Google+Redesign/New
1833067.1471373705,page_view,1606306619467102,https://shop.googlemerchandisestore.com/
1833122.0929295840,page_view,1606309779661285,https://shop.googlemerchandisestore.com/Google+Redesign/Small+Goods/Mommy+Works+at+Google+Book
1833122.0929295840,page_view,1606309826562122,https://shop.googlemerchandisestore.com/Google+Redesign/Clearance
1833122.0929295840,page_view,1606309928584391,https://shop.googlemerchandisestore.com/Google+Redesign/Campus+Collection
1833122.0929295840,page_view,1606309937034311,https://shop.googlemerchandisestore.com/Google+Redesign/Shop+by+Brand/Google
18340222.5020006403,purchase,1608093061845665,https://shop.googlemerchandisestore.com/ordercompleted.html
18359797.6054953015,purchase,1607092240240087,https://shop.googlemerchandisestore.com/ordercompleted.html
1836968.7888260850,purchase,1608208170410463,https://shop.googlemerchandisestore.com/ordercompleted.html
18383544.6572002162,purchase,1606562965603749,https://shop.googlemerchandisestore.com/ordercompleted.html
18489071.4831990105,purchase,1608133071578933,https://shop.googlemerchandisestore.com/ordercompleted.html
18498851.9195881231,purchase,1606746256723183,https://shop.googlemerchandisestore.com/ordercompleted.html
18562126.1110896765,purchase,1608094917878601,https://shop.googlemerchandisestore.com/ordercompleted.html
18562126.1110896765,purchase,1608096176862918,https://shop.googlemerchandisestore.com/ordercompleted.html
18562126.1110896765,purchase,1608096299018627,https://shop.googlemerchandisestore.com/ordercompleted.html
1858911.3250278211,view_item,1606227896474900,https://shop.googlemerchandisestore.com/Google+Redesign/Apparel/Google+PNW+Campus+Unisex+Tee
1858911.3250278211,view_item,1606228027576390,https://shop.googlemerchandisestore.com/Google+Redesign/Drinkware/Google+PNW+Campus+Mug
1858911.3250278211,view_item,1606228113436767,https://shop.googlemerchandisestore.com/Google+Redesign/Drinkware/Google+PNW+Campus+Bottle
1858911.3250278211,view_item,1606228138474136,https://shop.googlemerchandisestore.com/Google+Redesign/Bags/Google+PNW+Campus+Tote
1858911.3250278211,view_item,1606228175480334,https://shop.googlemerchandisestore.com/Google+Redesign/Apparel/Google+PNW+Campus+Unisex+Tee
1858911.3250278211,view_item,1606228336865491,https://shop.googlemerchandisestore.com/Google+Redesign/Apparel/Google+PNW+Campus+Unisex+Tee
1858911.3250278211,view_item,1606228341817698,https://shop.googlemerchandisestore.com/Google+Redesign/Drinkware/Google+PNW+Campus+Mug
1858911.3250278211,view_item,1606228348933310,https://shop.googlemerchandisestore.com/Google+Redesign/Bags/Google+PNW+Campus+Tote
1858911.3250278211,view_item,1606229103675022,https://shop.googlemerchandisestore.com/Google+Redesign/Apparel/Google+PNW+Campus+Unisex+Tee
18614512.0976220226,purchase,1606272618623469,https://shop.googlemerchandisestore.com/ordercompleted.html
18663613.9337289544,purchase,1605311832515252,https://shop.googlemerchandisestore.com/ordercompleted.html
1868981.8834293199,view_item,1606244846962151,https://shop.googlemerchandisestore.com/Google+Redesign/Apparel/Google+Infant+Charcoal+Onesie
1874742.4444474598,purchase,1605238419445475,https://shop.googlemerchandisestore.com/ordercompleted.html
18766586.3704506512,purchase,1605851194272434,https://shop.googlemerchandisestore.com/ordercompleted.html
18766586.3704506512,purchase,1605851194300044,https://shop.googlemerchandisestore.com/ordercompleted.html
18844012.8867221379,purchase,1607926690737515,https://shop.googlemerchandisestore.com/ordercompleted.html
1888230.0570611298,add_to_cart,1607047920151407,https://shop.googlemerchandisestore.com/Google+Redesign/Lifestyle/Drinkware
1888230.0570611298,add_to_cart,1607047930307890,https://shop.googlemerchandisestore.com/Google+Redesign/Lifestyle/Drinkware
1888230.0570611298,add_to_cart,1607047941977389,https://shop.googlemerchandisestore.com/Google+Redesign/Lifestyle/Drinkware
18954300.0486555383,purchase,1609047643658691,https://shop.googlemerchandisestore.com/ordercompleted.html
1905503.7954589529,add_to_cart,1607098526364548,https://shop.googlemerchandisestore.com/Google+Redesign/Apparel
1905503.7954589529,add_to_cart,1607098543288213,https://shop.googlemerchandisestore.com/Google+Redesign/Apparel
1905503.7954589529,add_to_cart,1607098627774523,https://shop.googlemerchandisestore.com/Google+Redesign/Apparel
1905503.7954589529,add_to_cart,1607098736990376,https://shop.googlemerchandisestore.com/Google+Redesign/Stationery
1908131629.6568085434,purchase,1605253562303126,https://shop.googlemerchandisestore.com/ordercompleted.html
19161188.2303605487,purchase,1607095966318301,https://shop.googlemerchandisestore.com/ordercompleted.html
1920180.4868045734,add_to_cart,1607087402007752,https://shop.googlemerchandisestore.com/Google+Redesign/Lifestyle/Bags
19228473.0788389972,begin_checkout,1608910899097839,https://shop.googlemerchandisestore.com/yourinfo.html
19228473.0788389972,begin_checkout,1608910899248749,https://shop.googlemerchandisestore.com/yourinfo.html
19228473.0788389972,begin_checkout,1608910899249468,https://shop.googlemerchandisestore.com/yourinfo.html
19228473.0788389972,begin_checkout,1608911065170999,https://shop.googlemerchandisestore.com/yourinfo.html
19228473.0788389972,begin_checkout,1608911065239703,https://shop.googlemerchandisestore.com/yourinfo.html
19228473.0788389972,begin_checkout,1608911065250329,https://shop.googlemerchandisestore.com/yourinfo.html
19228473.0788389972,purchase,1608911153978722,https://shop.googlemerchandisestore.com/ordercompleted.html
1924595.6444212574,begin_checkout,1612004646742889,https://shop.googlemerchandisestore.com/yourinfo.html
1924595.6444212574,begin_checkout,1612004647030514,https://shop.googlemerchandisestore.com/yourinfo.html
1924595.6444212574,begin_checkout,1612004647032553,https://shop.googlemerchandisestore.com/yourinfo.html
1924595.6444212574,begin_checkout,1612018399080314,https://shop.googlemerchandisestore.com/yourinfo.html
1924595.6444212574,begin_checkout,1612018399475407,https://shop.googlemerchandisestore.com/yourinfo.html
1924595.6444212574,begin_checkout,1612018399791223,https://shop.googlemerchandisestore.com/yourinfo.html
1924595.6444212574,begin_checkout,1612018501889249,https://shop.googlemerchandisestore.com/yourinfo.html
1924595.6444212574,begin_checkout,1612018502494160,https://shop.googlemerchandisestore.com/yourinfo.html
1924595.6444212574,begin_checkout,1612018502689661,https://shop.googlemerchandisestore.com/yourinfo.html
19419805.4591946938,purchase,1606741848141862,https://shop.googlemerchandisestore.com/ordercompleted.html
19419843.9533418841,begin_checkout,1608561030024109,https://shop.googlemerchandisestore.com/yourinfo.html
19419843.9533418841,begin_checkout,1608561030091860,https://shop.googlemerchandisestore.com/yourinfo.html
19419843.9533418841,begin_checkout,1608561030101639,https://shop.googlemerchandisestore.com/yourinfo.html
1943185.6260713896,purchase,1605874621701954,https://shop.googlemerchandisestore.com/ordercompleted.html
1943185.6260713896,purchase,1605874621741607,https://shop.googlemerchandisestore.com/ordercompleted.html
19538850.4860675683,purchase,1606308753931499,https://shop.googlemerchandisestore.com/ordercompleted.html
19560390.9842587167,add_to_cart,1607076876691954,https://shop.googlemerchandisestore.com/asearch.html
1961021.4251862365,purchase,1606773191381265,https://shop.googlemerchandisestore.com/ordercompleted.html
1961488.2199808567,purchase,1607302666627932,https://shop.googlemerchandisestore.com/ordercompleted.html
1963761.9009085010,view_item,1606209300278237,https://shop.googlemerchandisestore.com/Google+Redesign/Google+Land+and+Sea+French+Terry+Sweatshirt
19653803.6448556150,purchase,1607054714524102,https://shop.googlemerchandisestore.com/ordercompleted.html
19740989.0858763007,purchase,1607961331610752,https://shop.googlemerchandisestore.com/ordercompleted.html
1986184.5187645798,view_item,1606185376030004,https://shop.googlemerchandisestore.com/Google+Redesign/Apparel/Google+Youth+FC+Longsleeve+Charcoal
1986184.5187645798,view_item,1606185758196696,https://shop.googlemerchandisestore.com/Google+Redesign/Apparel/Google+Youth+FC+Zip+Hoodie
1986184.5187645798,view_item,1606186832955276,https://shop.googlemerchandisestore.com/Google+Redesign/Apparel/Google+Youth+FC+Longsleeve+Charcoal
1986184.5187645798,view_item,1606187198020799,https://shop.googlemerchandisestore.com/Google+Redesign/Apparel/Google+Youth+FC+Zip+Hoodie
1986184.5187645798,view_item,1606187243078079,https://shop.googlemerchandisestore.com/Google+Redesign/Apparel/Google+Youth+FC+Longsleeve+Charcoal
1986184.5187645798,view_item,1606187289669606,https://shop.googlemerchandisestore.com/Google+Redesign/Apparel/Google+Youth+FC+Pullover+Hoodie
1986184.5187645798,view_item,1606187810569490,https://shop.googlemerchandisestore.com/Google+Redesign/Apparel/Google+Youth+FC+Tee+Charcoal
19873344.4999466945,purchase,1608118706850938,https://shop.googlemerchandisestore.com/ordercompleted.html
1994473.4179397065,purchase,1608087842500962,https://shop.googlemerchandisestore.com/ordercompleted.html
2002567.7958256343,view_item,1606191366895503,https://shop.googlemerchandisestore.com/Google+Redesign/Apparel/Google+Badge+Heavyweight+Pullover+Black
2002567.7958256343,view_item,1606197080184217,https://shop.googlemerchandisestore.com/Google+Redesign/Google+Crew+Sweater+Navy
2002567.7958256343,purchase,1606197202824749,https://shop.googlemerchandisestore.com/ordercompleted.html
2002567.7958256343,purchase,1606197202863233,https://shop.googlemerchandisestore.com/ordercompleted.html
20037471.8988089326,purchase,1608622053463517,https://shop.googlemerchandisestore.com/ordercompleted.html
2004878.6108556142,add_to_cart,1607068715405677,https://shop.googlemerchandisestore.com/Google+Redesign/Apparel/Hats
2004878.6108556142,add_to_cart,1607068834896047,https://shop.googlemerchandisestore.com/Google+Redesign/Clearance
2004878.6108556142,add_to_cart,1607068842354388,https://shop.googlemerchandisestore.com/Google+Redesign/Clearance
2004878.6108556142,add_to_cart,1607068849962875,https://shop.googlemerchandisestore.com/Google+Redesign/Clearance
2004878.6108556142,add_to_cart,1607068863917754,https://shop.googlemerchandisestore.com/Google+Redesign/Clearance
2004878.6108556142,add_to_cart,1607068885964868,https://shop.googlemerchandisestore.com/Google+Redesign/Clearance
2004878.6108556142,add_to_cart,1607068896312587,https://shop.googlemerchandisestore.com/Google+Redesign/Clearance
2004878.6108556142,add_to_cart,1607069167536475,https://shop.googlemerchandisestore.com/Google+Redesign/Clearance
2004878.6108556142,purchase,1607069675287601,https://shop.googlemerchandisestore.com/ordercompleted.html
2004973.6080084453,add_to_cart,1607078996083235,https://shop.googlemerchandisestore.com/Google+Redesign/Clearance
2004973.6080084453,add_to_cart,1607079050548144,https://shop.googlemerchandisestore.com/Google+Redesign/Clearance
2004973.6080084453,add_to_cart,1607079150768436,https://shop.googlemerchandisestore.com/store.html
2004973.6080084453,add_to_cart,1607079187794128,https://shop.googlemerchandisestore.com/store.html
2004973.6080084453,add_to_cart,1607094500838356,https://shop.googlemerchandisestore.com/Google+Redesign/Clearance
2004973.6080084453,add_to_cart,1607094528195584,https://shop.googlemerchandisestore.com/Google+Redesign/Clearance
2004973.6080084453,add_to_cart,1607094539227610,https://shop.googlemerchandisestore.com/Google+Redesign/Clearance
2004973.6080084453,add_to_cart,1607094607914589,https://shop.googlemerchandisestore.com/Google+Redesign/Lifestyle/Bags
2004973.6080084453,add_to_cart,1607094713164663,https://shop.googlemerchandisestore.com/Google+Redesign/Stationery/Notebooks
2004973.6080084453,add_to_cart,1607094726111779,https://shop.googlemerchandisestore.com/Google+Redesign/Stationery/Notebooks
2004973.6080084453,add_to_cart,1607094776515757,https://shop.googlemerchandisestore.com/Google+Redesign/Stationery/Notebooks
2004973.6080084453,add_to_cart,1607094950302367,https://shop.googlemerchandisestore.com/Google+Redesign/Stationery/Notebooks
2004973.6080084453,add_to_cart,1607094973982678,https://shop.googlemerchandisestore.com/Google+Redesign/Clearance
2004973.6080084453,add_to_cart,1607095072114123,https://shop.googlemerchandisestore.com/Google+Redesign/Lifestyle/Bags
2009963.7195385463,purchase,1607918612267675,https://shop.googlemerchandisestore.com/ordercompleted.html
2014102.0670675364,view_item,1606194523942570,https://shop.googlemerchandisestore.com/Google+Redesign/Campus+Collection/Google+Mountain+View+Campus+Zip+Hoodie
2014102.0670675364,view_item,1606196029029727,https://shop.googlemerchandisestore.com/Google+Redesign/Campus+Collection/Google+Mountain+View+Campus+Zip+Hoodie
2017544.1570506370,purchase,1605591033251206,https://shop.googlemerchandisestore.com/ordercompleted.html
2026570.1660036366,purchase,1605864453915125,https://shop.googlemerchandisestore.com/ordercompleted.html
2026570.1660036366,purchase,1605864453925387,https://shop.googlemerchandisestore.com/ordercompleted.html
2027197.2609813465,purchase,1605230798053127,https://shop.googlemerchandisestore.com/ordercompleted.html
2027812590.3150467400,purchase,1605598230762862,https://shop.googlemerchandisestore.com/ordercompleted.html
2028522.0201942206,purchase,1606706887265017,https://shop.googlemerchandisestore.com/ordercompleted.html
20295806.6156999491,purchase,1606299245430316,https://shop.googlemerchandisestore.com/ordercompleted.html
2030522.5498187060,purchase,1607950738759054,https://shop.googlemerchandisestore.com/ordercompleted.html
2032755.1797244226,view_item,1606183665469568,https://shop.googlemerchandisestore.com/Google+Redesign/Apparel/Google+Speckled+Beanie+Navy
20368983.6178046546,purchase,1608124117681403,https://shop.googlemerchandisestore.com/ordercompleted.html
2049470.1567030647,purchase,1606767959629987,https://shop.googlemerchandisestore.com/ordercompleted.html
20687527.9358545857,purchase,1607055766394818,https://shop.googlemerchandisestore.com/ordercompleted.html
2071949.7215312684,view_item,1606185192992143,https://shop.googlemerchandisestore.com/Google+Redesign/Campus+Collection/Google+Sunnyvale+Campus+Zip+Hoodie
20777248.7133453876,purchase,1607353955147279,https://shop.googlemerchandisestore.com/ordercompleted.html
2077797.0559187989,purchase,1605260996608915,https://shop.googlemerchandisestore.com/ordercompleted.html
2082729.0477339221,purchase,1606730686364945,https://shop.googlemerchandisestore.com/ordercompleted.html
20875971.1554451473,purchase,1606263645150503,https://shop.googlemerchandisestore.com/ordercompleted.html
21188888.1287984736,purchase,1608222824969710,https://shop.googlemerchandisestore.com/ordercompleted.html
2128096.6237048343,purchase,1606766129582112,https://shop.googlemerchandisestore.com/ordercompleted.html
2134596.3615088936,view_item,1606180733406332,https://shop.googlemerchandisestore.com/Google+Redesign/Google+Blue+Stojo+Cup
2151615.4640508633,add_to_cart,1607075276847992,https://shop.googlemerchandisestore.com/Google+Redesign/eco+friendly
2151615.4640508633,purchase,1607075538826837,https://shop.googlemerchandisestore.com/ordercompleted.html
2151615.4640508633,purchase,1607076603618936,https://shop.googlemerchandisestore.com/ordercompleted.html
21534599.7083446640,purchase,1605230259135106,https://shop.googlemerchandisestore.com/ordercompleted.html
2165966.8215524686,begin_checkout,1608859318035823,https://shop.googlemerchandisestore.com/yourinfo.html
2165966.8215524686,begin_checkout,1608859318123598,https://shop.googlemerchandisestore.com/yourinfo.html
2165966.8215524686,begin_checkout,1608859318140630,https://shop.googlemerchandisestore.com/yourinfo.html
2167403.7906456200,begin_checkout,1608532963166548,https://shop.googlemerchandisestore.com/yourinfo.html
2167403.7906456200,begin_checkout,1608532963647145,https://shop.googlemerchandisestore.com/yourinfo.html
2167403.7906456200,begin_checkout,1608532963676889,https://shop.googlemerchandisestore.com/yourinfo.html
2167403.7906456200,begin_checkout,1608533116337592,https://shop.googlemerchandisestore.com/yourinfo.html
2167403.7906456200,begin_checkout,1608533116360167,https://shop.googlemerchandisestore.com/yourinfo.html
2167403.7906456200,begin_checkout,1608533116381234,https://shop.googlemerchandisestore.com/yourinfo.html
2167403.7906456200,begin_checkout,1608533216383540,https://shop.googlemerchandisestore.com/yourinfo.html
2167403.7906456200,begin_checkout,1608533216545394,https://shop.googlemerchandisestore.com/yourinfo.html
2167403.7906456200,begin_checkout,1608533216558724,https://shop.googlemerchandisestore.com/yourinfo.html
2167403.7906456200,purchase,1608533272703296,https://shop.googlemerchandisestore.com/ordercompleted.html
21679259.2288048672,purchase,1606283042426569,https://shop.googlemerchandisestore.com/ordercompleted.html
21679259.2288048672,purchase,1606283197846043,https://shop.googlemerchandisestore.com/ordercompleted.html
2170882.2918427094,purchase,1606777465672562,https://shop.googlemerchandisestore.com/ordercompleted.html
2172982.0369247075,purchase,1606294634250350,https://shop.googlemerchandisestore.com/ordercompleted.html
2175065.2192239255,purchase,1607956475980105,https://shop.googlemerchandisestore.com/ordercompleted.html
21872031.3119669682,purchase,1606525688414754,https://shop.googlemerchandisestore.com/ordercompleted.html
21904266.4182981661,begin_checkout,1608591998852896,https://shop.googlemerchandisestore.com/yourinfo.html
21904266.4182981661,begin_checkout,1608591998945596,https://shop.googlemerchandisestore.com/yourinfo.html
21904266.4182981661,begin_checkout,1608591998953010,https://shop.googlemerchandisestore.com/yourinfo.html
21904266.4182981661,begin_checkout,1608592094688629,https://shop.googlemerchandisestore.com/yourinfo.html
21904266.4182981661,begin_checkout,1608592094750424,https://shop.googlemerchandisestore.com/yourinfo.html
21904266.4182981661,begin_checkout,1608592094757880,https://shop.googlemerchandisestore.com/yourinfo.html
21904266.4182981661,begin_checkout,1608592119174931,https://shop.googlemerchandisestore.com/yourinfo.html
21904266.4182981661,begin_checkout,1608592119258458,https://shop.googlemerchandisestore.com/yourinfo.html
21904266.4182981661,begin_checkout,1608592119274334,https://shop.googlemerchandisestore.com/yourinfo.html
21904266.4182981661,purchase,1608592221376176,https://shop.googlemerchandisestore.com/ordercompleted.html
2200338.6338102115,add_to_cart,1607108996191987,https://shop.googlemerchandisestore.com/Google+Redesign/Clearance
2200338.6338102115,add_to_cart,1607109006093346,https://shop.googlemerchandisestore.com/Google+Redesign/Clearance
2201262.6636571339,begin_checkout,1608587961603340,https://shop.googlemerchandisestore.com/yourinfo.html
2201262.6636571339,begin_checkout,1608587961673210,https://shop.googlemerchandisestore.com/yourinfo.html
2201262.6636571339,begin_checkout,1608587961684171,https://shop.googlemerchandisestore.com/yourinfo.html
2201383.2119496784,purchase,1605627854527319,https://shop.googlemerchandisestore.com/ordercompleted.html
2206124.5804645350,purchase,1608193397032505,https://shop.googlemerchandisestore.com/ordercompleted.html
2211286.4172337240,purchase,1606246098767267,https://shop.googlemerchandisestore.com/ordercompleted.html
2211286.4172337240,view_item,1606247158847628,https://shop.googlemerchandisestore.com/Google+Redesign/Stationery/YouTube+Jotter+Task+Pad
2211286.4172337240,view_item,1606247857228844,https://shop.googlemerchandisestore.com/Google+Redesign/Google+Blue+Stojo+Cup
2211286.4172337240,view_item,1606254817014235,https://shop.googlemerchandisestore.com/Google+Redesign/Apparel/YouTube+Icon+Tee+Grey
2211286.4172337240,view_item,1606255343402903,https://shop.googlemerchandisestore.com/Google+Redesign/Apparel/YouTube+Icon+Tee+Grey
2211286.4172337240,purchase,1606255624853928,https://shop.googlemerchandisestore.com/ordercompleted.html
2212017.2642371952,view_item,1606180029635588,https://shop.googlemerchandisestore.com/Google+Redesign/Accessories/Google+Clear+Framed+Blue+Shades
2212017.2642371952,view_item,1606180427232188,https://shop.googlemerchandisestore.com/Google+Redesign/Electronics/Accessories/Keyboard+DOT+Sticker.axd
2218243.6572984750,view_item,1606224584622322,https://shop.googlemerchandisestore.com/Google+Redesign/Apparel/YouTube+Icon+Tee+Grey
2218243.6572984750,view_item,1606225001059400,https://shop.googlemerchandisestore.com/Google+Redesign/Office/Google+Phone+Stand+Bamboo
2218243.6572984750,view_item,1606225202761463,https://shop.googlemerchandisestore.com/Google+Redesign/Bags/Google+Utility+Bag+Grey
2218243.6572984750,view_item,1606225370277510,https://shop.googlemerchandisestore.com/Google+Redesign/Bags/Google+Utility+Bag+Grey
2218243.6572984750,view_item,1606225381256645,https://shop.googlemerchandisestore.com/Google+Redesign/Bags/Google+SF+Campus+Tote
2218243.6572984750,view_item,1606225520713397,https://shop.googlemerchandisestore.com/Google+Redesign/Apparel/YouTube+Icon+Tee+Grey
2218243.6572984750,purchase,1606226313113707,https://shop.googlemerchandisestore.com/ordercompleted.html
2221470.3700307056,purchase,1605605590178974,https://shop.googlemerchandisestore.com/ordercompleted.html
2221714.1060184059,purchase,1606742089607652,https://shop.googlemerchandisestore.com/ordercompleted.html
22222567.3132315095,purchase,1605911138906313,https://shop.googlemerchandisestore.com/ordercompleted.html
22222567.3132315095,purchase,1605911138907971,https://shop.googlemerchandisestore.com/ordercompleted.html
22284421.8180471572,purchase,1612008188386158,https://shop.googlemerchandisestore.com/ordercompleted.html
2232198.6371873310,purchase,1607360946344821,https://shop.googlemerchandisestore.com/ordercompleted.html
2232981444.3331731762,purchase,1608226876107851,https://shop.googlemerchandisestore.com/ordercompleted.html
2233163.7526757311,purchase,1608172366466220,https://shop.googlemerchandisestore.com/ordercompleted.html
22342515.7470426533,purchase,1606778847259375,https://shop.googlemerchandisestore.com/ordercompleted.html
2237956.5050268893,add_to_cart,1607106592528278,https://shop.googlemerchandisestore.com/Google+Redesign/Apparel/Mens
2237956.5050268893,add_to_cart,1607106601720060,https://shop.googlemerchandisestore.com/Google+Redesign/Apparel/Mens
2241964.8178177438,purchase,1606702268393660,https://shop.googlemerchandisestore.com/ordercompleted.html
2250061.2719966292,begin_checkout,1608544753471387,https://shop.googlemerchandisestore.com/yourinfo.html
2250061.2719966292,begin_checkout,1608544753555704,https://shop.googlemerchandisestore.com/yourinfo.html
2250061.2719966292,begin_checkout,1608544753568172,https://shop.googlemerchandisestore.com/yourinfo.html
2250061.2719966292,begin_checkout,1608544776230992,https://shop.googlemerchandisestore.com/yourinfo.html
2250061.2719966292,begin_checkout,1608544776325337,https://shop.googlemerchandisestore.com/yourinfo.html
2250061.2719966292,begin_checkout,1608544776334645,https://shop.googlemerchandisestore.com/yourinfo.html
2256135.9593200235,view_item,1606238843060565,https://shop.googlemerchandisestore.com/Google+Redesign/Apparel/Google+Tee+FC+Black
22624111.7119966827,begin_checkout,1608899344817890,https://shop.googlemerchandisestore.com/yourinfo.html
22624111.7119966827,begin_checkout,1608899344919210,https://shop.googlemerchandisestore.com/yourinfo.html
22624111.7119966827,begin_checkout,1608899344943804,https://shop.googlemerchandisestore.com/yourinfo.html
22626490.1144906377,purchase,1608082474034906,https://shop.googlemerchandisestore.com/ordercompleted.html
22638210.8808133147,add_to_cart,1607059238828439,https://shop.googlemerchandisestore.com/asearch.html
22638210.8808133147,add_to_cart,1607059358721730,https://shop.googlemerchandisestore.com/asearch.html
22638210.8808133147,add_to_cart,1607064511067477,https://shop.googlemerchandisestore.com/Google+Redesign/Stationery/Stickers
22638210.8808133147,add_to_cart,1607064594103953,https://shop.googlemerchandisestore.com/asearch.html
22638210.8808133147,add_to_cart,1607064649852491,https://shop.googlemerchandisestore.com/asearch.html
22638210.8808133147,purchase,1607064918841084,https://shop.googlemerchandisestore.com/ordercompleted.html
22641180.4696400962,purchase,1607315249332525,https://shop.googlemerchandisestore.com/ordercompleted.html
2264577.0020880649,purchase,1606602640135345,https://shop.googlemerchandisestore.com/ordercompleted.html
2272379.8750640009,add_to_cart,1607099090374075,https://shop.googlemerchandisestore.com/Google+Redesign/Apparel/Mens
2272379.8750640009,add_to_cart,1607099724180340,https://shop.googlemerchandisestore.com/Google+Redesign/Apparel/Kids
2272379.8750640009,add_to_cart,1607100140650092,https://shop.googlemerchandisestore.com/Google+Redesign/Stationery/Notebooks
2272379.8750640009,add_to_cart,1607100171539992,https://shop.googlemerchandisestore.com/Google+Redesign/Stationery/Stickers
2272379.8750640009,add_to_cart,1607100207787084,https://shop.googlemerchandisestore.com/Google+Redesign/Stationery/Stickers
2272379.8750640009,add_to_cart,1607100440468897,https://shop.googlemerchandisestore.com/Google+Redesign/Stationery/Writing
2272379.8750640009,add_to_cart,1607100450593959,https://shop.googlemerchandisestore.com/Google+Redesign/Stationery/Writing
2272379.8750640009,add_to_cart,1607100616255564,https://shop.googlemerchandisestore.com/Google+Redesign/Lifestyle/Bags
2272379.8750640009,add_to_cart,1607100873371611,https://shop.googlemerchandisestore.com/Google+Redesign/Lifestyle/Small+Goods
2272379.8750640009,add_to_cart,1607100885510041,https://shop.googlemerchandisestore.com/Google+Redesign/Lifestyle/Small+Goods
2272379.8750640009,add_to_cart,1607100915303703,https://shop.googlemerchandisestore.com/Google+Redesign/Lifestyle/Small+Goods
2272379.8750640009,add_to_cart,1607101355036373,https://shop.googlemerchandisestore.com/Google+Redesign/Lifestyle/Bags
2272379.8750640009,add_to_cart,1607101399607696,https://shop.googlemerchandisestore.com/Google+Redesign/Stationery/Writing
2272379.8750640009,purchase,1607101913466005,https://shop.googlemerchandisestore.com/ordercompleted.html
2274474.7611698325,view_item,1606186496976033,https://shop.googlemerchandisestore.com/Google+Redesign/Accessories/Google+Magnet
2275313.5266564172,purchase,1607316989224911,https://shop.googlemerchandisestore.com/ordercompleted.html
2278219.0388083386,purchase,1607919975292661,https://shop.googlemerchandisestore.com/ordercompleted.html
2288884.8256899308,add_to_cart,1607079497359147,https://shop.googlemerchandisestore.com/Google+Redesign/Lifestyle
2288884.8256899308,add_to_cart,1607079516715817,https://shop.googlemerchandisestore.com/Google+Redesign/Lifestyle
2288884.8256899308,add_to_cart,1607079532104357,https://shop.googlemerchandisestore.com/Google+Redesign/Lifestyle
22956458.6924241706,purchase,1608201404644850,https://shop.googlemerchandisestore.com/ordercompleted.html
22958599.0567519404,purchase,1606184970609917,https://shop.googlemerchandisestore.com/ordercompleted.html
22958599.0567519404,purchase,1606184970649743,https://shop.googlemerchandisestore.com/ordercompleted.html
23049349.8568567171,purchase,1607059425112315,https://shop.googlemerchandisestore.com/ordercompleted.html
2314652.7895916826,purchase,1606562369236470,https://shop.googlemerchandisestore.com/ordercompleted.html
2321760.0432411967,add_to_cart,1607040900833494,https://shop.googlemerchandisestore.com/Google+Redesign/Apparel/Mens
2321760.0432411967,add_to_cart,1607040941960105,https://shop.googlemerchandisestore.com/Google+Redesign/Lifestyle/Small+Goods
2321760.0432411967,add_to_cart,1607040947052970,https://shop.googlemerchandisestore.com/Google+Redesign/Lifestyle/Small+Goods
2321760.0432411967,add_to_cart,1607041003726909,https://shop.googlemerchandisestore.com/Google+Redesign/Clearance
2321760.0432411967,add_to_cart,1607041214824878,https://shop.googlemerchandisestore.com/Google+Redesign/Apparel/Kids
2321760.0432411967,add_to_cart,1607041263176599,https://shop.googlemerchandisestore.com/Google+Redesign/Apparel/Kids
2321760.0432411967,add_to_cart,1607041271452889,https://shop.googlemerchandisestore.com/Google+Redesign/Apparel/Kids
2321760.0432411967,add_to_cart,1607041319322162,https://shop.googlemerchandisestore.com/Google+Redesign/Apparel/Kids
2321760.0432411967,add_to_cart,1607041324442196,https://shop.googlemerchandisestore.com/Google+Redesign/Apparel/Kids
2321760.0432411967,add_to_cart,1607041330270801,https://shop.googlemerchandisestore.com/Google+Redesign/Apparel/Kids
2321760.0432411967,add_to_cart,1607041373728980,https://shop.googlemerchandisestore.com/Google+Redesign/Apparel/Kids
2321760.0432411967,purchase,1607054699310278,https://shop.googlemerchandisestore.com/ordercompleted.html
2323477.7085022522,purchase,1608143136373559,https://shop.googlemerchandisestore.com/ordercompleted.html
23399303.4851199483,purchase,1606285401592124,https://shop.googlemerchandisestore.com/ordercompleted.html
2342431.3325670252,view_item,1606252309536185,https://shop.googlemerchandisestore.com/Google+Redesign/Small+Goods/Daddy+Works+at+Google+Book
2344315.9352625581,add_to_cart,1607076877957109,https://shop.googlemerchandisestore.com/Google+Redesign/Lifestyle/Drinkware
2344315.9352625581,add_to_cart,1607076893752793,https://shop.googlemerchandisestore.com/Google+Redesign/Lifestyle/Drinkware
2344315.9352625581,add_to_cart,1607077010750289,https://shop.googlemerchandisestore.com/Google+Redesign/Apparel/Womens
2344315.9352625581,add_to_cart,1607077018992296,https://shop.googlemerchandisestore.com/Google+Redesign/Apparel/Womens
2344315.9352625581,add_to_cart,1607077051444198,https://shop.googlemerchandisestore.com/Google+Redesign/Apparel/Womens
2344315.9352625581,add_to_cart,1607077161306049,https://shop.googlemerchandisestore.com/Google+Redesign/Lifestyle/Bags
2344315.9352625581,add_to_cart,1607097372352573,https://shop.googlemerchandisestore.com/Google+Redesign/Lifestyle/Bags
2344315.9352625581,add_to_cart,1607097436978167,https://shop.googlemerchandisestore.com/Google+Redesign/Lifestyle/Drinkware
2344315.9352625581,add_to_cart,1607097544876787,https://shop.googlemerchandisestore.com/Google+Redesign/Lifestyle/Drinkware
2344315.9352625581,add_to_cart,1607097656728149,https://shop.googlemerchandisestore.com/Google+Redesign/Lifestyle/Bags
2344315.9352625581,add_to_cart,1607097923451418,https://shop.googlemerchandisestore.com/store.html
2345616688.3567836901,purchase,1607363358769537,https://shop.googlemerchandisestore.com/ordercompleted.html
2345616688.3567836901,purchase,1607364598210859,https://shop.googlemerchandisestore.com/ordercompleted.html
2345933.9427223568,begin_checkout,1608569753432621,https://shop.googlemerchandisestore.com/yourinfo.html
2345933.9427223568,begin_checkout,1608569753531166,https://shop.googlemerchandisestore.com/yourinfo.html
2345933.9427223568,begin_checkout,1608569753544936,https://shop.googlemerchandisestore.com/yourinfo.html
2345933.9427223568,purchase,1608569884616380,https://shop.googlemerchandisestore.com/ordercompleted.html
23468969.8705339890,purchase,1608120387912649,https://shop.googlemerchandisestore.com/ordercompleted.html
23468969.8705339890,purchase,1608130140442487,https://shop.googlemerchandisestore.com/ordercompleted.html
23495951.1863781184,purchase,1608093607542503,https://shop.googlemerchandisestore.com/ordercompleted.html
23527570.8230617970,purchase,1607352193584178,https://shop.googlemerchandisestore.com/ordercompleted.html
2355616.9460032382,view_item,1606248207747328,https://shop.googlemerchandisestore.com/Google+Redesign/Apparel/Google+Tee+Blue
2355616.9460032382,purchase,1606248931778766,https://shop.googlemerchandisestore.com/ordercompleted.html
2355998.1368568176,add_to_cart,1607105616904337,https://shop.googlemerchandisestore.com/Google+Redesign/Apparel/Mens
2355998.1368568176,add_to_cart,1607105640038943,https://shop.googlemerchandisestore.com/Google+Redesign/Apparel/Hats
2355998.1368568176,add_to_cart,1607105675875680,https://shop.googlemerchandisestore.com/Google+Redesign/Apparel/Hats
2355998.1368568176,add_to_cart,1607105694901585,https://shop.googlemerchandisestore.com/Google+Redesign/Clearance
2355998.1368568176,add_to_cart,1607105711944900,https://shop.googlemerchandisestore.com/Google+Redesign/Clearance
2355998.1368568176,add_to_cart,1607105734764303,https://shop.googlemerchandisestore.com/Google+Redesign/Clearance
2355998.1368568176,add_to_cart,1607105743530617,https://shop.googlemerchandisestore.com/Google+Redesign/Clearance
2355998.1368568176,add_to_cart,1607105753455279,https://shop.googlemerchandisestore.com/Google+Redesign/Clearance
2355998.1368568176,add_to_cart,1607105763532089,https://shop.googlemerchandisestore.com/Google+Redesign/Clearance
2355998.1368568176,add_to_cart,1607105781450948,https://shop.googlemerchandisestore.com/Google+Redesign/Clearance
2355998.1368568176,add_to_cart,1607105827117264,https://shop.googlemerchandisestore.com/Google+Redesign/Clearance
2355998.1368568176,add_to_cart,1607105837415752,https://shop.googlemerchandisestore.com/Google+Redesign/Clearance
2355998.1368568176,add_to_cart,1607105847373103,https://shop.googlemerchandisestore.com/Google+Redesign/Clearance
2355998.1368568176,add_to_cart,1607105863222961,https://shop.googlemerchandisestore.com/Google+Redesign/Clearance
2355998.1368568176,add_to_cart,1607105876081171,https://shop.googlemerchandisestore.com/Google+Redesign/Clearance
2355998.1368568176,add_to_cart,1607105900091661,https://shop.googlemerchandisestore.com/Google+Redesign/Clearance
2355998.1368568176,add_to_cart,1607105966466533,https://shop.googlemerchandisestore.com/Google+Redesign/Apparel/Womens
2355998.1368568176,add_to_cart,1607106006192883,https://shop.googlemerchandisestore.com/Google+Redesign/Apparel/Womens
2355998.1368568176,add_to_cart,1607106036406698,https://shop.googlemerchandisestore.com/Google+Redesign/Apparel/Womens
2355998.1368568176,add_to_cart,1607106152551228,https://shop.googlemerchandisestore.com/Google+Redesign/Apparel/Womens
2355998.1368568176,add_to_cart,1607106272964432,https://shop.googlemerchandisestore.com/asearch.html
2357215.0639934221,view_item,1606180076837048,https://shop.googlemerchandisestore.com/Google+Redesign/Bags/Supernatural+Paper+Tote
2357215.0639934221,view_item,1606180121319328,https://shop.googlemerchandisestore.com/Google+Redesign/Drinkware/Google+16oz+tumbler+blue
2357215.0639934221,view_item,1606180160969165,https://shop.googlemerchandisestore.com/Google+Redesign/Accessories/Android+Puzzlebot+v2
2357215.0639934221,view_item,1606180230782316,https://shop.googlemerchandisestore.com/Google+Redesign/Bags/Google+Incognito+Flap+Pack
2357215.0639934221,view_item,1606180285666811,https://shop.googlemerchandisestore.com/Google+Redesign/Office/Notebooks+Journals/Google+Metallic+Notebook+Set.axd
2357215.0639934221,view_item,1606186169080079,https://shop.googlemerchandisestore.com/Google+Redesign/Bags/Google+Hemp+Tote
2357215.0639934221,view_item,1606186241792940,https://shop.googlemerchandisestore.com/Google+Redesign/Bags/Google+Hemp+Tote
2357215.0639934221,view_item,1606186261778152,https://shop.googlemerchandisestore.com/Google+Redesign/Bags/Supernatural+Paper+Tote
2357215.0639934221,view_item,1606186289774057,https://shop.googlemerchandisestore.com/Google+Redesign/Drinkware/Google+16oz+tumbler+blue
2357215.0639934221,view_item,1606186312775053,https://shop.googlemerchandisestore.com/Google+Redesign/Bags/Google+Incognito+Flap+Pack
2357215.0639934221,view_item,1606186328998046,https://shop.googlemerchandisestore.com/Google+Redesign/Office/Notebooks+Journals/Google+Metallic+Notebook+Set.axd
2357215.0639934221,view_item,1606186361777569,https://shop.googlemerchandisestore.com/Google+Redesign/Bags/Google+Hemp+Tote
2357215.0639934221,view_item,1606186443008676,https://shop.googlemerchandisestore.com/Google+Redesign/Office/Notebooks+Journals/Google+Metallic+Notebook+Set.axd
2357215.0639934221,view_item,1606199516663819,https://shop.googlemerchandisestore.com/Google+Redesign/Bags/Supernatural+Paper+Tote
2357215.0639934221,view_item,1606199550699419,https://shop.googlemerchandisestore.com/Google+Redesign/Drinkware/Google+16oz+tumbler+blue
2357215.0639934221,view_item,1606199572784098,https://shop.googlemerchandisestore.com/Google+Redesign/Bags/Google+Incognito+Flap+Pack
2357215.0639934221,view_item,1606199590637684,https://shop.googlemerchandisestore.com/Google+Redesign/Accessories/Android+Puzzlebot+v2
2357215.0639934221,view_item,1606199606650409,https://shop.googlemerchandisestore.com/Google+Redesign/Bags/Google+Hemp+Tote
2357215.0639934221,view_item,1606199619441522,https://shop.googlemerchandisestore.com/Google+Redesign/Office/Notebooks+Journals/Google+Metallic+Notebook+Set.axd
2357215.0639934221,view_item,1606199646283587,https://shop.googlemerchandisestore.com/Google+Redesign/Bags/Supernatural+Paper+Tote
2357215.0639934221,view_item,1606216299589063,https://shop.googlemerchandisestore.com/Google+Redesign/Bags/Supernatural+Paper+Tote
2357215.0639934221,purchase,1606534316798968,https://shop.googlemerchandisestore.com/ordercompleted.html
2357729.7337895516,begin_checkout,1608512004137900,https://shop.googlemerchandisestore.com/yourinfo.html
2357729.7337895516,begin_checkout,1608512004163413,https://shop.googlemerchandisestore.com/yourinfo.html
2357729.7337895516,begin_checkout,1608512004163849,https://shop.googlemerchandisestore.com/yourinfo.html
2357729.7337895516,begin_checkout,1608512094523113,https://shop.googlemerchandisestore.com/yourinfo.html
2357729.7337895516,begin_checkout,1608512094552889,https://shop.googlemerchandisestore.com/yourinfo.html
2357729.7337895516,begin_checkout,1608512094558101,https://shop.googlemerchandisestore.com/yourinfo.html
2357729.7337895516,purchase,1608512396878869,https://shop.googlemerchandisestore.com/ordercompleted.html
23597591.7765127702,add_to_cart,1607064124643904,https://shop.googlemerchandisestore.com/Google+Redesign/Stationery/Stickers
2361302.8110868319,view_item,1606260752671903,https://shop.googlemerchandisestore.com/Google+Redesign/Accessories/Google+Campus+Bike
2364862.0108372853,purchase,1609083838087732,https://shop.googlemerchandisestore.com/ordercompleted.html
2379851873.3035650084,purchase,1607985380910803,https://shop.googlemerchandisestore.com/ordercompleted.html
23822680.9624813723,purchase,1605634955210888,https://shop.googlemerchandisestore.com/ordercompleted.html
2386369.6953594236,view_item,1606198229155246,https://shop.googlemerchandisestore.com/Google+Redesign/Apparel/Google+Land+and+Sea+Unisex+Tee
2387737.8440654529,purchase,1608221644705155,https://shop.googlemerchandisestore.com/ordercompleted.html
2400077.1013225386,purchase,1606310233491139,https://shop.googlemerchandisestore.com/ordercompleted.html
24039713.3893436235,purchase,1606739005501408,https://shop.googlemerchandisestore.com/ordercompleted.html
24051998.6799144387,purchase,1608116626869386,https://shop.googlemerchandisestore.com/ordercompleted.html
24070954.9186532223,purchase,1607366542503413,https://shop.googlemerchandisestore.com/ordercompleted.html
2409950.7772413882,view_item,1606218965469688,https://shop.googlemerchandisestore.com/Google+Redesign/Apparel/Google+Speckled+Beanie+Navy
2414029.4775008968,purchase,1606543271051678,https://shop.googlemerchandisestore.com/ordercompleted.html
2414762.3155087525,purchase,1605238468121500,https://shop.googlemerchandisestore.com/ordercompleted.html
24164594.4598368539,purchase,1605840439571793,https://shop.googlemerchandisestore.com/ordercompleted.html
24164594.4598368539,purchase,1605840439608242,https://shop.googlemerchandisestore.com/ordercompleted.html
2417622.6606802116,view_item,1606220211287743,https://shop.googlemerchandisestore.com/Google+Redesign/Bags/Essential+Canvas+Tote
2417622.6606802116,view_item,1606220330499890,https://shop.googlemerchandisestore.com/Google+Redesign/Accessories/Google+Medium+Pet+Collar+Red+Yellow
2417622.6606802116,view_item,1606220403213833,https://shop.googlemerchandisestore.com/Google+Redesign/Small+Goods/Mommy+Works+at+Google+Book
2417622.6606802116,view_item,1606220517131194,https://shop.googlemerchandisestore.com/Google+Redesign/Stationery/Google+Land+and+Sea+Journal+Set
2439663.6530207748,add_to_cart,1607091110503359,https://shop.googlemerchandisestore.com/Google+Redesign/Apparel/Mens
24406398.9461098819,purchase,1606180426434013,https://shop.googlemerchandisestore.com/ordercompleted.html
24406398.9461098819,purchase,1606180426462386,https://shop.googlemerchandisestore.com/ordercompleted.html
2443789.2199615055,view_item,1606182597234371,https://shop.googlemerchandisestore.com/Google+Redesign/Super+G+Unisex+Joggers
2443789.2199615055,view_item,1606182620779590,https://shop.googlemerchandisestore.com/Google+Redesign/Super+G+Unisex+Joggers
2443789.2199615055,view_item,1606182644721521,https://shop.googlemerchandisestore.com/Google+Redesign/Super+G+Unisex+Joggers
2448440.0955846512,purchase,1606757058054945,https://shop.googlemerchandisestore.com/ordercompleted.html
2476173.9104747305,purchase,1605245441825357,https://shop.googlemerchandisestore.com/ordercompleted.html
2476173.9104747305,purchase,1605571528532296,https://shop.googlemerchandisestore.com/ordercompleted.html
2476203.8063647408,begin_checkout,1608543462885503,https://shop.googlemerchandisestore.com/yourinfo.html
2476203.8063647408,begin_checkout,1608543463186361,https://shop.googlemerchandisestore.com/yourinfo.html
2476203.8063647408,begin_checkout,1608543463210070,https://shop.googlemerchandisestore.com/yourinfo.html
2476203.8063647408,begin_checkout,1608543500418723,https://shop.googlemerchandisestore.com/yourinfo.html
2476203.8063647408,begin_checkout,1608543500697864,https://shop.googlemerchandisestore.com/yourinfo.html
2476203.8063647408,begin_checkout,1608543500736468,https://shop.googlemerchandisestore.com/yourinfo.html
2476203.8063647408,begin_checkout,1608543537293581,https://shop.googlemerchandisestore.com/yourinfo.html
2476203.8063647408,begin_checkout,1608543537559399,https://shop.googlemerchandisestore.com/yourinfo.html
2476203.8063647408,begin_checkout,1608543537590935,https://shop.googlemerchandisestore.com/yourinfo.html
2476203.8063647408,begin_checkout,1608543813599382,https://shop.googlemerchandisestore.com/yourinfo.html
2476203.8063647408,begin_checkout,1608543813882449,https://shop.googlemerchandisestore.com/yourinfo.html
2476203.8063647408,begin_checkout,1608543813934254,https://shop.googlemerchandisestore.com/yourinfo.html
24851076.8537081033,purchase,1605600839524819,https://shop.googlemerchandisestore.com/ordercompleted.html
2486846.9299481244,purchase,1608153550577856,https://shop.googlemerchandisestore.com/ordercompleted.html
24897047.2200127337,purchase,1606285698788327,https://shop.googlemerchandisestore.com/ordercompleted.html
2502277.1517433932,purchase,1606769136284880,https://shop.googlemerchandisestore.com/ordercompleted.html
25084453.1631449315,purchase,1605308091442217,https://shop.googlemerchandisestore.com/ordercompleted.html
2509185.9771834952,purchase,1605308318307215,https://shop.googlemerchandisestore.com/ordercompleted.html
2530657.0281644902,begin_checkout,1612032314563694,https://shop.googlemerchandisestore.com/yourinfo.html
2530657.0281644902,begin_checkout,1612032314725593,https://shop.googlemerchandisestore.com/yourinfo.html
2530657.0281644902,begin_checkout,1612032314740656,https://shop.googlemerchandisestore.com/yourinfo.html
25335187.2299023217,purchase,1607327479994242,https://shop.googlemerchandisestore.com/ordercompleted.html
25363504.9539525923,purchase,1607914911015296,https://shop.googlemerchandisestore.com/ordercompleted.html
25363504.9539525923,purchase,1607915042947514,https://shop.googlemerchandisestore.com/ordercompleted.html
25363504.9539525923,purchase,1607915354738956,https://shop.googlemerchandisestore.com/ordercompleted.html
25363504.9539525923,purchase,1607915469749976,https://shop.googlemerchandisestore.com/ordercompleted.html
25363504.9539525923,purchase,1607915638798132,https://shop.googlemerchandisestore.com/ordercompleted.html
25363504.9539525923,purchase,1607915775144259,https://shop.googlemerchandisestore.com/ordercompleted.html
25363504.9539525923,purchase,1607915896714074,https://shop.googlemerchandisestore.com/ordercompleted.html
25363504.9539525923,purchase,1607916014539548,https://shop.googlemerchandisestore.com/ordercompleted.html
2550103.0739272877,view_item,1606176879074933,https://shop.googlemerchandisestore.com/Google+Redesign/BLM+Unisex+Pullover+Hoodie
25524352.7325280300,purchase,1608236906775031,https://shop.googlemerchandisestore.com/ordercompleted.html
25558125.8475774734,purchase,1608617763094175,https://shop.googlemerchandisestore.com/ordercompleted.html
2558174.5910644189,purchase,1606296141272355,https://shop.googlemerchandisestore.com/ordercompleted.html
25633552.7333010872,purchase,1605638216645885,https://shop.googlemerchandisestore.com/ordercompleted.html
25665114.3281659974,purchase,1608093186862079,https://shop.googlemerchandisestore.com/ordercompleted.html
25681781.7210716874,purchase,1605606159120195,https://shop.googlemerchandisestore.com/ordercompleted.html
25681781.7210716874,purchase,1605606359470874,https://shop.googlemerchandisestore.com/ordercompleted.html
25681781.7210716874,purchase,1605606483942485,https://shop.googlemerchandisestore.com/ordercompleted.html
2568819.2594146079,begin_checkout,1608897454407939,https://shop.googlemerchandisestore.com/yourinfo.html
2568819.2594146079,begin_checkout,1608897454708320,https://shop.googlemerchandisestore.com/yourinfo.html
2568819.2594146079,begin_checkout,1608897454741083,https://shop.googlemerchandisestore.com/yourinfo.html
25751116.8740706267,purchase,1607965143158774,https://shop.googlemerchandisestore.com/ordercompleted.html
25793231.0049767133,add_to_cart,1607044777840485,https://shop.googlemerchandisestore.com/Google+Redesign/Apparel/Socks
2579354.7588759048,add_to_cart,1607077372140076,https://shop.googlemerchandisestore.com/Google+Redesign/Lifestyle/Small+Goods
2583761.2257677610,purchase,1607331351161344,https://shop.googlemerchandisestore.com/ordercompleted.html
25930591.1422187379,purchase,1606224830111168,https://shop.googlemerchandisestore.com/ordercompleted.html
25975919.8078802563,purchase,1611967093265874,https://shop.googlemerchandisestore.com/ordercompleted.html
26028748.6639337274,purchase,1608101975277572,https://shop.googlemerchandisestore.com/ordercompleted.html
26064119.0281069258,purchase,1605830938679782,https://shop.googlemerchandisestore.com/ordercompleted.html
26064119.0281069258,purchase,1605830938712226,https://shop.googlemerchandisestore.com/ordercompleted.html
2608462.0797346127,purchase,1606186596310972,https://shop.googlemerchandisestore.com/ordercompleted.html
2608462.0797346127,purchase,1606186596357013,https://shop.googlemerchandisestore.com/ordercompleted.html
2608462.0797346127,purchase,1606187540724950,https://shop.googlemerchandisestore.com/ordercompleted.html
2608462.0797346127,purchase,1606187540760651,https://shop.googlemerchandisestore.com/ordercompleted.html
2608462.0797346127,purchase,1606188780748934,https://shop.googlemerchandisestore.com/ordercompleted.html
2608462.0797346127,purchase,1606188780790969,https://shop.googlemerchandisestore.com/ordercompleted.html
2610547.9973555647,purchase,1608236064475078,https://shop.googlemerchandisestore.com/ordercompleted.html
26146640.6553848001,purchase,1606292846520275,https://shop.googlemerchandisestore.com/ordercompleted.html
26218636.4439892320,purchase,1607381440019160,https://shop.googlemerchandisestore.com/ordercompleted.html
2621912.9557513788,add_to_cart,1607086981746473,https://shop.googlemerchandisestore.com/Google+Redesign/Apparel/Hats
2625733.8103163295,purchase,1605273818441377,https://shop.googlemerchandisestore.com/ordercompleted.html
2641867.9314009131,purchase,1605614555423907,https://shop.googlemerchandisestore.com/ordercompleted.html
26486289.7514037038,purchase,1608634681129834,https://shop.googlemerchandisestore.com/ordercompleted.html
26519562.2001786042,begin_checkout,1608563351921235,https://shop.googlemerchandisestore.com/yourinfo.html
26519562.2001786042,begin_checkout,1608563352028302,https://shop.googlemerchandisestore.com/yourinfo.html
26519562.2001786042,begin_checkout,1608563352036234,https://shop.googlemerchandisestore.com/yourinfo.html
26519562.2001786042,begin_checkout,1608563503679688,https://shop.googlemerchandisestore.com/yourinfo.html
26519562.2001786042,begin_checkout,1608563503836975,https://shop.googlemerchandisestore.com/yourinfo.html
26519562.2001786042,begin_checkout,1608563503845218,https://shop.googlemerchandisestore.com/yourinfo.html
26519562.2001786042,purchase,1608563541014670,https://shop.googlemerchandisestore.com/ordercompleted.html
2669656.5276416328,purchase,1606328736945578,https://shop.googlemerchandisestore.com/ordercompleted.html
2676882.9156197037,add_to_cart,1607084690478043,https://shop.googlemerchandisestore.com/Google+Redesign/Apparel/Mens
2676882.9156197037,add_to_cart,1607084738226130,https://shop.googlemerchandisestore.com/store.html
2678446.7398894710,view_item,1606200453073188,https://shop.googlemerchandisestore.com/Google+Redesign/Drinkware/Google+Canteen+Bottle+Black
2678446.7398894710,view_item,1606200605348726,https://shop.googlemerchandisestore.com/Google+Redesign/Drinkware/Google+Canteen+Bottle+Black
26822369.2318540291,purchase,1606710119966532,https://shop.googlemerchandisestore.com/ordercompleted.html
2684090.0831718948,purchase,1605301785231102,https://shop.googlemerchandisestore.com/ordercompleted.html
27046025.0676756993,purchase,1607340933652292,https://shop.googlemerchandisestore.com/ordercompleted.html
2704631.3551672775,purchase,1608227505237412,https://shop.googlemerchandisestore.com/ordercompleted.html
2708313.8991739258,purchase,1605630823966602,https://shop.googlemerchandisestore.com/ordercompleted.html
27150223.0167628853,begin_checkout,1608567592519678,https://shop.googlemerchandisestore.com/yourinfo.html
27150223.0167628853,begin_checkout,1608567592620255,https://shop.googlemerchandisestore.com/yourinfo.html
27150223.0167628853,begin_checkout,1608567592631048,https://shop.googlemerchandisestore.com/yourinfo.html
27150223.0167628853,begin_checkout,1608568051501387,https://shop.googlemerchandisestore.com/yourinfo.html
27150223.0167628853,begin_checkout,1608568051571041,https://shop.googlemerchandisestore.com/yourinfo.html
27150223.0167628853,begin_checkout,1608568051587739,https://shop.googlemerchandisestore.com/yourinfo.html
27150223.0167628853,purchase,1608568382612814,https://shop.googlemerchandisestore.com/ordercompleted.html
27150223.0167628853,begin_checkout,1608568441825663,https://shop.googlemerchandisestore.com/yourinfo.html
27150223.0167628853,begin_checkout,1608568441907547,https://shop.googlemerchandisestore.com/yourinfo.html
27150223.0167628853,begin_checkout,1608568441919340,https://shop.googlemerchandisestore.com/yourinfo.html
27150223.0167628853,purchase,1608568630377678,https://shop.googlemerchandisestore.com/ordercompleted.html
27150223.0167628853,begin_checkout,1608569605014878,https://shop.googlemerchandisestore.com/yourinfo.html
27150223.0167628853,begin_checkout,1608569605095384,https://shop.googlemerchandisestore.com/yourinfo.html
27150223.0167628853,begin_checkout,1608569605107726,https://shop.googlemerchandisestore.com/yourinfo.html
27150223.0167628853,purchase,1608569751126719,https://shop.googlemerchandisestore.com/ordercompleted.html
27314189.0356814830,add_to_cart,1607095984063125,https://shop.googlemerchandisestore.com/store.html
27314189.0356814830,add_to_cart,1607095997290020,https://shop.googlemerchandisestore.com/store.html
27314189.0356814830,add_to_cart,1607096008119170,https://shop.googlemerchandisestore.com/store.html
27314189.0356814830,add_to_cart,1607096918780090,https://shop.googlemerchandisestore.com/store.html
27314189.0356814830,add_to_cart,1607097016479374,https://shop.googlemerchandisestore.com/store.html
27314189.0356814830,add_to_cart,1607097022999254,https://shop.googlemerchandisestore.com/store.html
27314189.0356814830,add_to_cart,1607097033403270,https://shop.googlemerchandisestore.com/store.html
27314189.0356814830,add_to_cart,1607098790899003,https://shop.googlemerchandisestore.com/store.html
27314189.0356814830,add_to_cart,1607098806008867,https://shop.googlemerchandisestore.com/store.html
27314189.0356814830,purchase,1607100058417517,https://shop.googlemerchandisestore.com/ordercompleted.html
27314189.0356814830,add_to_cart,1607100121355994,https://shop.googlemerchandisestore.com/store.html
27314189.0356814830,add_to_cart,1607100136510397,https://shop.googlemerchandisestore.com/store.html
27314189.0356814830,add_to_cart,1607102295602202,https://shop.googlemerchandisestore.com/store.html
27314189.0356814830,purchase,1607104532799667,https://shop.googlemerchandisestore.com/ordercompleted.html
27488559.4267170544,purchase,1611988140736585,https://shop.googlemerchandisestore.com/ordercompleted.html
2750385.1330685777,add_to_cart,1607062788217367,https://shop.googlemerchandisestore.com/Google+Redesign/Lifestyle/Drinkware
2750385.1330685777,add_to_cart,1607062794433915,https://shop.googlemerchandisestore.com/Google+Redesign/Lifestyle/Drinkware
27529375.1021066476,purchase,1607359351698215,https://shop.googlemerchandisestore.com/ordercompleted.html
27561053.0859597448,purchase,1606251805466975,https://shop.googlemerchandisestore.com/ordercompleted.html
2759718.4913896268,add_to_cart,1607113256699376,https://shop.googlemerchandisestore.com/Google+Redesign/Apparel/Mens
2759718.4913896268,add_to_cart,1607113265337936,https://shop.googlemerchandisestore.com/Google+Redesign/Apparel/Mens
2759718.4913896268,add_to_cart,1607113289571831,https://shop.googlemerchandisestore.com/Google+Redesign/Apparel/Mens
2759718.4913896268,add_to_cart,1607113311160588,https://shop.googlemerchandisestore.com/Google+Redesign/Apparel/Mens
2759718.4913896268,add_to_cart,1607113317421544,https://shop.googlemerchandisestore.com/Google+Redesign/Apparel/Mens
2765238449.6586996303,purchase,1606240520062447,https://shop.googlemerchandisestore.com/ordercompleted.html
2765238449.6586996303,purchase,1606240520089908,https://shop.googlemerchandisestore.com/ordercompleted.html
27672883.7917801712,purchase,1607934290589683,https://shop.googlemerchandisestore.com/ordercompleted.html
27683683.6299831306,purchase,1606294681696224,https://shop.googlemerchandisestore.com/ordercompleted.html
2768703.4866675938,view_item,1606223873724282,https://shop.googlemerchandisestore.com/Google+Redesign/Lifestyle/Google+Land+and+Sea+Nalgene+Water+Bottle+LS
2768703.4866675938,purchase,1606224806054146,https://shop.googlemerchandisestore.com/ordercompleted.html
2768703.4866675938,purchase,1606224806080724,https://shop.googlemerchandisestore.com/ordercompleted.html
2773071.4697881312,view_item,1606204427898020,https://shop.googlemerchandisestore.com/Google+Redesign/Lifestyle/Google+Bear+Baby+Blanket+Beige
27754794.4046505931,purchase,1606186765411275,https://shop.googlemerchandisestore.com/ordercompleted.html
27754794.4046505931,purchase,1606186765423576,https://shop.googlemerchandisestore.com/ordercompleted.html
2777419.8942359599,add_to_cart,1607077457755971,https://shop.googlemerchandisestore.com/Google+Redesign/eco+friendly
2777419.8942359599,add_to_cart,1607077479413699,https://shop.googlemerchandisestore.com/Google+Redesign/Apparel/Mens
2779209.0075261161,purchase,1607076717177756,https://shop.googlemerchandisestore.com/ordercompleted.html
2780497.7559610842,add_to_cart,1607125572422459,https://shop.googlemerchandisestore.com/Google+Redesign/Clearance
2780497.7559610842,add_to_cart,1607125580467635,https://shop.googlemerchandisestore.com/Google+Redesign/Clearance
2780497.7559610842,add_to_cart,1607125617851431,https://shop.googlemerchandisestore.com/Google+Redesign/Clearance
2780497.7559610842,add_to_cart,1607125623791704,https://shop.googlemerchandisestore.com/Google+Redesign/Clearance
27840388.1253175055,add_to_cart,1607066030473231,https://shop.googlemerchandisestore.com/Google+Redesign/Stationery/Stickers
27849359.1629027567,purchase,1607064102239990,https://shop.googlemerchandisestore.com/ordercompleted.html
27849359.1629027567,purchase,1607064224802574,https://shop.googlemerchandisestore.com/ordercompleted.html
27934793.9232963542,purchase,1608083236733664,https://shop.googlemerchandisestore.com/ordercompleted.html
2794121.3808098678,purchase,1605301571494307,https://shop.googlemerchandisestore.com/ordercompleted.html
27980720.8947731814,purchase,1607108658801188,https://shop.googlemerchandisestore.com/ordercompleted.html
2801511.1336263011,purchase,1608132435902995,https://shop.googlemerchandisestore.com/ordercompleted.html
28108956.4390354387,purchase,1608149921854124,https://shop.googlemerchandisestore.com/ordercompleted.html
28108956.4390354387,purchase,1608150423002752,https://shop.googlemerchandisestore.com/ordercompleted.html
28171746.6331452217,purchase,1608159015760966,https://shop.googlemerchandisestore.com/ordercompleted.html
2817905.8623001125,purchase,1607359341120708,https://shop.googlemerchandisestore.com/ordercompleted.html
28193094.1619179501,purchase,1606526401229497,https://shop.googlemerchandisestore.com/ordercompleted.html
2819497.0596567487,purchase,1608085788367890,https://shop.googlemerchandisestore.com/ordercompleted.html
2821555.9094814117,add_to_cart,1607077382927828,https://shop.googlemerchandisestore.com/Google+Redesign/Lifestyle
2821555.9094814117,add_to_cart,1607077456867905,https://shop.googlemerchandisestore.com/Google+Redesign/Clearance
2821555.9094814117,add_to_cart,1607077607267211,https://shop.googlemerchandisestore.com/Google+Redesign/Shop+by+Brand/YouTube
2821555.9094814117,add_to_cart,1607077614030314,https://shop.googlemerchandisestore.com/Google+Redesign/Shop+by+Brand/YouTube
2821555.9094814117,add_to_cart,1607077631009940,https://shop.googlemerchandisestore.com/Google+Redesign/Shop+by+Brand/YouTube
2821555.9094814117,add_to_cart,1607077716870972,https://shop.googlemerchandisestore.com/Google+Redesign/Shop+by+Brand/YouTube
2821555.9094814117,add_to_cart,1607077754165762,https://shop.googlemerchandisestore.com/Google+Redesign/Shop+by+Brand/YouTube
2821555.9094814117,add_to_cart,1607077795906760,https://shop.googlemerchandisestore.com/Google+Redesign/Shop+by+Brand/YouTube
28250200.9798495385,purchase,1606744420555342,https://shop.googlemerchandisestore.com/ordercompleted.html
28284205.9810024272,purchase,1608619815881525,https://shop.googlemerchandisestore.com/ordercompleted.html
2835172.7364314428,view_item,1606241780874609,https://shop.googlemerchandisestore.com/Google+Redesign/Super+G+Unisex+Joggers
2835172.7364314428,view_item,1606241792586289,https://shop.googlemerchandisestore.com/Google+Redesign/Google+Land+and+Sea+Tech+Taco
2835172.7364314428,view_item,1606241812569861,https://shop.googlemerchandisestore.com/Google+Redesign/Google+Blue+Stojo+Cup
2835172.7364314428,view_item,1606241831668552,https://shop.googlemerchandisestore.com/Google+Redesign/Google+Land+and+Sea+Mug
2835172.7364314428,view_item,1606241848406964,https://shop.googlemerchandisestore.com/Google+Redesign/Google+Land+and+Sea+French+Terry+Sweatshirt
2835172.7364314428,view_item,1606241869523213,https://shop.googlemerchandisestore.com/Google+Redesign/Apparel/Google+Land+and+Sea+Cotton+Cap+LS
2835172.7364314428,view_item,1606241892470695,https://shop.googlemerchandisestore.com/Google+Redesign/Lifestyle/Google+Land+and+Sea+Tote+Bag
2835172.7364314428,view_item,1606241914964463,https://shop.googlemerchandisestore.com/Google+Redesign/Stationery/Google+Land+and+Sea+Journal+Set
2835172.7364314428,view_item,1606241931088738,https://shop.googlemerchandisestore.com/Google+Redesign/Lifestyle/Google+Land+and+Sea+Nalgene+Water+Bottle+LS
2835172.7364314428,view_item,1606241951807058,https://shop.googlemerchandisestore.com/Google+Redesign/Apparel/Google+Land+and+Sea+Unisex+Tee
2835172.7364314428,view_item,1606242001397797,https://shop.googlemerchandisestore.com/Google+RMG+Redesign/Lifestyle/Mural+Food+Container
2835172.7364314428,view_item,1606242073736873,https://shop.googlemerchandisestore.com/Google+Redesign/Apparel/Google+Campus+Bike+Eco+Tee+Navy
2835172.7364314428,view_item,1606242087161029,https://shop.googlemerchandisestore.com/Google+Redesign/Apparel/Google+Leather+Strap+Hat+Black
2835172.7364314428,view_item,1606242108591024,https://shop.googlemerchandisestore.com/Google+Redesign/Apparel/Google+Sherpa+Zip+Hoodie+Charcoal
2835172.7364314428,view_item,1606242124770139,https://shop.googlemerchandisestore.com/Google+Redesign/Apparel/Google+Heathered+Pom+Beanie
2835172.7364314428,view_item,1606242186931975,https://shop.googlemerchandisestore.com/Google+Redesign/Apparel/Google+FC+Longsleeve+Charcoal
2835172.7364314428,view_item,1606242201924271,https://shop.googlemerchandisestore.com/Google+Redesign/Apparel/Google+Speckled+Beanie+Navy
2835172.7364314428,view_item,1606242214309297,https://shop.googlemerchandisestore.com/Google+Redesign/Apparel/YouTube+Twill+Cap+Sandwich+Black
2835172.7364314428,view_item,1606242227062925,https://shop.googlemerchandisestore.com/Google+Redesign/Apparel/Google+Leather+Strap+Hat+Blue
2835172.7364314428,view_item,1606242237846965,https://shop.googlemerchandisestore.com/Google+Redesign/Apparel/YouTube+Leather+Strap+Hat+Black
2835172.7364314428,view_item,1606242274359945,https://shop.googlemerchandisestore.com/Google+Redesign/Apparel/Android+Iconic+Hat+V2+Black
2835172.7364314428,view_item,1606242289417085,https://shop.googlemerchandisestore.com/Google+Redesign/Apparel/Android+Iconic+Beanie
2835172.7364314428,view_item,1606242303090884,https://shop.googlemerchandisestore.com/Google+Redesign/Apparel/Android+Iconic+Hat+Green
2835172.7364314428,view_item,1606242319698936,https://shop.googlemerchandisestore.com/Google+Redesign/Apparel/Android+Iconic+Hat+White
2835172.7364314428,view_item,1606242340332029,https://shop.googlemerchandisestore.com/Google+Redesign/Apparel/Google+Infant+Charcoal+Onesie
2835172.7364314428,view_item,1606242377986476,https://shop.googlemerchandisestore.com/Google+Redesign/Apparel/Google+Infant+Hero+Tee+Olive
2835172.7364314428,view_item,1606242397767083,https://shop.googlemerchandisestore.com/Google+Redesign/Apparel/Google+Youth+Hero+Tee+Grey
2835172.7364314428,view_item,1606242419058681,https://shop.googlemerchandisestore.com/Google+Redesign/Apparel/Google+Toddler+FC+Zip+Hoodie
2835172.7364314428,view_item,1606242445655192,https://shop.googlemerchandisestore.com/Google+Redesign/Apparel/Google+Youth+FC+Tee+Charcoal
2835172.7364314428,view_item,1606242472748500,https://shop.googlemerchandisestore.com/Google+Redesign/Apparel/Google+Youth+FC+Longsleeve+Charcoal
2835172.7364314428,view_item,1606242494962460,https://shop.googlemerchandisestore.com/Google+Redesign/Apparel/Google+Toddler+Tee+White
2835172.7364314428,view_item,1606242516826738,https://shop.googlemerchandisestore.com/Google+Redesign/Apparel/Google+Toddler+FC+Tee+Charcoal
2835172.7364314428,view_item,1606242537922900,https://shop.googlemerchandisestore.com/Google+Redesign/Apparel/Google+Toddler+Hero+Tee+Olive
2835172.7364314428,view_item,1606242554936720,https://shop.googlemerchandisestore.com/Google+Redesign/Apparel/Google+Youth+Hero+Tee+Maroon
2835172.7364314428,view_item,1606242569028254,https://shop.googlemerchandisestore.com/Google+Redesign/Apparel/Google+Toddler+Hero+Tee+Black
2835172.7364314428,view_item,1606242599323974,https://shop.googlemerchandisestore.com/Google+Redesign/Apparel/Google+Sherpa+Zip+Hoodie+Navy
2835172.7364314428,view_item,1606242651147187,https://shop.googlemerchandisestore.com/Google+Redesign/Apparel/Google+Crew+Socks
2835172.7364314428,view_item,1606242663900220,https://shop.googlemerchandisestore.com/Google+Redesign/Apparel/YouTube+Crew+Socks
2835172.7364314428,view_item,1606242674544711,https://shop.googlemerchandisestore.com/Google+Redesign/Apparel/Google+Google+Crew+Striped+Athletic+Sock
2835172.7364314428,view_item,1606242688100071,https://shop.googlemerchandisestore.com/Google+Redesign/Apparel/Google+Google+Crew+Combed+Cotton+Sock
2835172.7364314428,view_item,1606242700388044,https://shop.googlemerchandisestore.com/Google+Redesign/Apparel/Android+Iconic+Sock
2835172.7364314428,view_item,1606242716174407,https://shop.googlemerchandisestore.com/Google+Redesign/Apparel/Google+Mural+Socks
2835172.7364314428,view_item,1606242729639086,https://shop.googlemerchandisestore.com/Google+Redesign/Apparel/IamRemarkable+Hoodie
2835172.7364314428,view_item,1606242845362022,https://shop.googlemerchandisestore.com/Google+Redesign/Apparel/IamRemarkable+Ladies+T-Shirt
2835172.7364314428,view_item,1606242908063051,https://shop.googlemerchandisestore.com/Google+Redesign/Apparel/YouTube+Twill+Cap+Sandwich+Black
2835172.7364314428,view_item,1606242974077547,https://shop.googlemerchandisestore.com/Google+Redesign/Lifestyle/Fun/Google+Kick+Ball.axd
2844031.7480387802,purchase,1608085148537169,https://shop.googlemerchandisestore.com/ordercompleted.html
28469804.2841019579,purchase,1606290374656697,https://shop.googlemerchandisestore.com/ordercompleted.html
2861916.5058017546,purchase,1605233418418678,https://shop.googlemerchandisestore.com/ordercompleted.html
28624446.9980540301,purchase,1607074093229790,https://shop.googlemerchandisestore.com/ordercompleted.html
28624446.9980540301,purchase,1607082198958241,https://shop.googlemerchandisestore.com/ordercompleted.html
28696018.6212868353,begin_checkout,1608578164676091,https://shop.googlemerchandisestore.com/yourinfo.html
28696018.6212868353,begin_checkout,1608578165247296,https://shop.googlemerchandisestore.com/yourinfo.html
28696018.6212868353,begin_checkout,1608578165253523,https://shop.googlemerchandisestore.com/yourinfo.html
2873862.9309388718,purchase,1606713356883648,https://shop.googlemerchandisestore.com/ordercompleted.html
2873862.9309388718,purchase,1606714370536484,https://shop.googlemerchandisestore.com/ordercompleted.html
2873862.9309388718,purchase,1606714718251959,https://shop.googlemerchandisestore.com/ordercompleted.html
2876583.5568477554,begin_checkout,1608888536967140,https://shop.googlemerchandisestore.com/yourinfo.html
2876583.5568477554,begin_checkout,1608888537210592,https://shop.googlemerchandisestore.com/yourinfo.html
2876583.5568477554,begin_checkout,1608888537242076,https://shop.googlemerchandisestore.com/yourinfo.html
2876583.5568477554,begin_checkout,1608888623598608,https://shop.googlemerchandisestore.com/yourinfo.html
2876583.5568477554,begin_checkout,1608888623816508,https://shop.googlemerchandisestore.com/yourinfo.html
2876583.5568477554,begin_checkout,1608888623835273,https://shop.googlemerchandisestore.com/yourinfo.html
2876583.5568477554,begin_checkout,1608888647294061,https://shop.googlemerchandisestore.com/yourinfo.html
2876583.5568477554,begin_checkout,1608888647409662,https://shop.googlemerchandisestore.com/yourinfo.html
2876583.5568477554,begin_checkout,1608888647434277,https://shop.googlemerchandisestore.com/yourinfo.html
2876583.5568477554,purchase,1608888766442281,https://shop.googlemerchandisestore.com/ordercompleted.html
2883925.1936581750,view_item,1606232735183999,https://shop.googlemerchandisestore.com/Google+Redesign/Bags/Google+Flat+Front+Bag+Grey
2883925.1936581750,view_item,1606232748513566,https://shop.googlemerchandisestore.com/Google+Redesign/Bags/Google+Utility+BackPack
2883925.1936581750,view_item,1606232766065978,https://shop.googlemerchandisestore.com/Google+Redesign/Bags/Google+Flat+Front+Bag+Grey
2883925.1936581750,view_item,1606232784442942,https://shop.googlemerchandisestore.com/Google+Redesign/Bags/Google+Flat+Front+Bag+Grey
2883925.1936581750,view_item,1606232796673581,https://shop.googlemerchandisestore.com/Google+Redesign/Bags/Google+Incognito+Flap+Pack
2883925.1936581750,view_item,1606232806729128,https://shop.googlemerchandisestore.com/Google+Redesign/Bags/Google+Utility+BackPack
2883925.1936581750,view_item,1606232821584810,https://shop.googlemerchandisestore.com/Google+Redesign/Bags/Google+Incognito+Zippack+V2
2883925.1936581750,view_item,1606232832248568,https://shop.googlemerchandisestore.com/Google+Redesign/Bags/Google+Flat+Front+Bag+Grey
2883925.1936581750,view_item,1606232868905416,https://shop.googlemerchandisestore.com/Google+Redesign/Office/Stickers/Google+Laptop+and+Cell+Phone+Stickers.axd
2883925.1936581750,view_item,1606232918254145,https://shop.googlemerchandisestore.com/Google+Redesign/Apparel/Google+Sherpa+Zip+Hoodie+Navy
2883925.1936581750,view_item,1606232962682311,https://shop.googlemerchandisestore.com/Google+Redesign/Bags/Google+Incognito+Messenger+Bag
2883925.1936581750,view_item,1606233230167346,https://shop.googlemerchandisestore.com/Google+Redesign/Apparel/Google+FC+Longsleeve+Charcoal
2883925.1936581750,view_item,1606233254409550,https://shop.googlemerchandisestore.com/Google+Redesign/Apparel/Google+Sherpa+Zip+Hoodie+Navy
28886785.0437982110,purchase,1606212981696612,https://shop.googlemerchandisestore.com/ordercompleted.html
2891577.7100321280,view_item,1606245522783392,https://shop.googlemerchandisestore.com/Google+Redesign/Bags/Google+Packable+Bag+Black
2898030.5890806292,add_to_cart,1607060601321142,https://shop.googlemerchandisestore.com/Google+Redesign/Apparel/Hats
2899284.4539654492,add_to_cart,1607096434388520,https://shop.googlemerchandisestore.com/Google+Redesign/Stationery
29060606.3557290149,add_to_cart,1607097624083498,https://shop.googlemerchandisestore.com/Google+Redesign/Stationery/Stickers
29060606.3557290149,add_to_cart,1607097630939282,https://shop.googlemerchandisestore.com/Google+Redesign/Stationery/Stickers
29066864.4014292306,purchase,1608132712074804,https://shop.googlemerchandisestore.com/ordercompleted.html
2907335.1964311271,view_item,1606179495055060,https://shop.googlemerchandisestore.com/Google+Redesign/Office/Google+Google+Color+Block+Notebook
2907335.1964311271,view_item,1606179545529155,https://shop.googlemerchandisestore.com/Google+Redesign/Office/Google+Black+Cork+Journal
2907335.1964311271,view_item,1606179574243495,https://shop.googlemerchandisestore.com/Google+Redesign/Office/Google+Google+Confetti+Task+Pad
2907335.1964311271,view_item,1606179620291193,https://shop.googlemerchandisestore.com/Google+Redesign/Stationery/Google+Land+and+Sea+Journal+Set
2907335.1964311271,view_item,1606179665058172,https://shop.googlemerchandisestore.com/Google+Redesign/Office/Google+Small+Standard+Journal+Navy
2907335.1964311271,view_item,1606179791248875,https://shop.googlemerchandisestore.com/Google+Redesign/Apparel/Google+Land+and+Sea+Unisex+Tee
2907335.1964311271,view_item,1606179883557240,https://shop.googlemerchandisestore.com/Google+Redesign/Accessories/Google+Clear+Framed+Blue+Shades
2921448.2882892445,purchase,1606566372218714,https://shop.googlemerchandisestore.com/ordercompleted.html
2935483.4809296529,begin_checkout,1608859768045925,https://shop.googlemerchandisestore.com/yourinfo.html
2935483.4809296529,begin_checkout,1608859768161615,https://shop.googlemerchandisestore.com/yourinfo.html
2935483.4809296529,begin_checkout,1608859768172343,https://shop.googlemerchandisestore.com/yourinfo.html
2935483.4809296529,begin_checkout,1608859817659869,https://shop.googlemerchandisestore.com/yourinfo.html
2935483.4809296529,begin_checkout,1608859817708097,https://shop.googlemerchandisestore.com/yourinfo.html
2935483.4809296529,begin_checkout,1608859817724813,https://shop.googlemerchandisestore.com/yourinfo.html
2935483.4809296529,purchase,1608859897121393,https://shop.googlemerchandisestore.com/ordercompleted.html
2941370.9700661406,purchase,1606289725703596,https://shop.googlemerchandisestore.com/ordercompleted.html
2941419.2721878659,add_to_cart,1607092344695663,https://shop.googlemerchandisestore.com/Google+Redesign/Apparel/Hats
2941419.2721878659,add_to_cart,1607092372178200,https://shop.googlemerchandisestore.com/Google+Redesign/Apparel/Hats
2946528.9540561362,view_item,1606244257705488,https://shop.googlemerchandisestore.com/Google+Redesign/Apparel/Google+Infant+Charcoal+Onesie
2946528.9540561362,view_item,1606244333599161,https://shop.googlemerchandisestore.com/Google+Redesign/Bags/Supernatural+Paper+Backpack
29578272.7881196478,purchase,1605611038430988,https://shop.googlemerchandisestore.com/ordercompleted.html
2963253.5021141584,purchase,1607974313245223,https://shop.googlemerchandisestore.com/ordercompleted.html
2992162.7816495834,purchase,1605307539605888,https://shop.googlemerchandisestore.com/ordercompleted.html
2992162.7816495834,purchase,1605307666725081,https://shop.googlemerchandisestore.com/ordercompleted.html
2992162.7816495834,purchase,1606568658631387,https://shop.googlemerchandisestore.com/ordercompleted.html
2994751.6580189667,begin_checkout,1608520560178390,https://shop.googlemerchandisestore.com/yourinfo.html
2994751.6580189667,begin_checkout,1608520560418380,https://shop.googlemerchandisestore.com/yourinfo.html
2994751.6580189667,begin_checkout,1608520560452175,https://shop.googlemerchandisestore.com/yourinfo.html
2994751.6580189667,begin_checkout,1608520611104703,https://shop.googlemerchandisestore.com/yourinfo.html
2994751.6580189667,begin_checkout,1608520611351023,https://shop.googlemerchandisestore.com/yourinfo.html
2994751.6580189667,begin_checkout,1608520611380746,https://shop.googlemerchandisestore.com/yourinfo.html
2994751.6580189667,purchase,1608520816198630,https://shop.googlemerchandisestore.com/ordercompleted.html
29962874.3306778183,begin_checkout,1608564105331007,https://shop.googlemerchandisestore.com/yourinfo.html
29962874.3306778183,begin_checkout,1608564105362788,https://shop.googlemerchandisestore.com/yourinfo.html
29962874.3306778183,begin_checkout,1608564105363779,https://shop.googlemerchandisestore.com/yourinfo.html
29962874.3306778183,begin_checkout,1608564245482857,https://shop.googlemerchandisestore.com/yourinfo.html
29962874.3306778183,begin_checkout,1608564245513190,https://shop.googlemerchandisestore.com/yourinfo.html
29962874.3306778183,begin_checkout,1608564245515831,https://shop.googlemerchandisestore.com/yourinfo.html
29973724.4702575659,purchase,1606224583990328,https://shop.googlemerchandisestore.com/ordercompleted.html
30015563.8542768971,purchase,1607985919971421,https://shop.googlemerchandisestore.com/ordercompleted.html
30091999.6062128760,purchase,1607977070784492,https://shop.googlemerchandisestore.com/ordercompleted.html
3018471.2187154322,purchase,1605286712329111,https://shop.googlemerchandisestore.com/ordercompleted.html
3018471.2187154322,purchase,1605287887378434,https://shop.googlemerchandisestore.com/ordercompleted.html
3018471.2187154322,purchase,1606277324814872,https://shop.googlemerchandisestore.com/ordercompleted.html
30199985.4509664101,purchase,1605909949951935,https://shop.googlemerchandisestore.com/ordercompleted.html
30199985.4509664101,purchase,1605909949983791,https://shop.googlemerchandisestore.com/ordercompleted.html
30220372.7620678894,purchase,1605890587735191,https://shop.googlemerchandisestore.com/ordercompleted.html
30220372.7620678894,purchase,1605890587758156,https://shop.googlemerchandisestore.com/ordercompleted.html
30279612.0796589091,purchase,1607340268869375,https://shop.googlemerchandisestore.com/ordercompleted.html
3041494.0908353891,purchase,1605862092991645,https://shop.googlemerchandisestore.com/ordercompleted.html
3041494.0908353891,purchase,1605862093016081,https://shop.googlemerchandisestore.com/ordercompleted.html
3041494.0908353891,begin_checkout,1608553173144459,https://shop.googlemerchandisestore.com/yourinfo.html
3041494.0908353891,begin_checkout,1608553173277279,https://shop.googlemerchandisestore.com/yourinfo.html
3041494.0908353891,begin_checkout,1608553173277570,https://shop.googlemerchandisestore.com/yourinfo.html
3041494.0908353891,purchase,1608553333516698,https://shop.googlemerchandisestore.com/ordercompleted.html
3041494.0908353891,begin_checkout,1608553719983578,https://shop.googlemerchandisestore.com/yourinfo.html
3041494.0908353891,begin_checkout,1608553720096609,https://shop.googlemerchandisestore.com/yourinfo.html
3041494.0908353891,begin_checkout,1608553720117804,https://shop.googlemerchandisestore.com/yourinfo.html
3041494.0908353891,begin_checkout,1608554249576458,https://shop.googlemerchandisestore.com/yourinfo.html
3041494.0908353891,begin_checkout,1608554249644588,https://shop.googlemerchandisestore.com/yourinfo.html
3041494.0908353891,begin_checkout,1608554249654124,https://shop.googlemerchandisestore.com/yourinfo.html
30498398.9352285320,purchase,1606589159667619,https://shop.googlemerchandisestore.com/ordercompleted.html
3055730.7915438788,begin_checkout,1608902511118137,https://shop.googlemerchandisestore.com/yourinfo.html
3055730.7915438788,begin_checkout,1608902511212960,https://shop.googlemerchandisestore.com/yourinfo.html
3055730.7915438788,begin_checkout,1608902511218200,https://shop.googlemerchandisestore.com/yourinfo.html
3055730.7915438788,begin_checkout,1608902657975895,https://shop.googlemerchandisestore.com/yourinfo.html
3055730.7915438788,begin_checkout,1608902658122642,https://shop.googlemerchandisestore.com/yourinfo.html
3055730.7915438788,begin_checkout,1608902658133723,https://shop.googlemerchandisestore.com/yourinfo.html
3055730.7915438788,begin_checkout,1608903245356537,https://shop.googlemerchandisestore.com/yourinfo.html
3055730.7915438788,begin_checkout,1608903245469578,https://shop.googlemerchandisestore.com/yourinfo.html
3055730.7915438788,begin_checkout,1608903245481129,https://shop.googlemerchandisestore.com/yourinfo.html
3055730.7915438788,purchase,1608903290799806,https://shop.googlemerchandisestore.com/ordercompleted.html
3056225.3189844617,add_to_cart,1607100893967096,https://shop.googlemerchandisestore.com/Google+Redesign/Apparel/Hats
3056225.3189844617,add_to_cart,1607100913505160,https://shop.googlemerchandisestore.com/Google+Redesign/Apparel/Hats
30675676.3150878065,purchase,1605835002633675,https://shop.googlemerchandisestore.com/ordercompleted.html
30675676.3150878065,purchase,1605835002664719,https://shop.googlemerchandisestore.com/ordercompleted.html
3086397.9583021338,purchase,1607328355411841,https://shop.googlemerchandisestore.com/ordercompleted.html
3090061.7241121971,purchase,1606285725827476,https://shop.googlemerchandisestore.com/ordercompleted.html
30956870.6460404440,add_to_cart,1607064022350549,https://shop.googlemerchandisestore.com/asearch.html
30956870.6460404440,add_to_cart,1607064032529532,https://shop.googlemerchandisestore.com/asearch.html
30956870.6460404440,add_to_cart,1607064053561107,https://shop.googlemerchandisestore.com/asearch.html
30956870.6460404440,add_to_cart,1607064070543680,https://shop.googlemerchandisestore.com/asearch.html
30956870.6460404440,add_to_cart,1607064100070161,https://shop.googlemerchandisestore.com/asearch.html
30956870.6460404440,add_to_cart,1607064174616749,https://shop.googlemerchandisestore.com/Google+Redesign/Apparel/Socks
30956870.6460404440,add_to_cart,1607064184911372,https://shop.googlemerchandisestore.com/Google+Redesign/Apparel/Socks
30956870.6460404440,add_to_cart,1607064732347040,https://shop.googlemerchandisestore.com/Google+Redesign/Apparel/Socks
30956870.6460404440,add_to_cart,1607064746520286,https://shop.googlemerchandisestore.com/Google+Redesign/Apparel/Socks
3096891.2753343567,purchase,1608648789245051,https://shop.googlemerchandisestore.com/ordercompleted.html
30986155.2819672189,purchase,1608082333167085,https://shop.googlemerchandisestore.com/ordercompleted.html
31012311.2048194530,purchase,1608160062120010,https://shop.googlemerchandisestore.com/ordercompleted.html
3101468.1933689593,view_item,1606184968916069,https://shop.googlemerchandisestore.com/Google+Redesign/Bags/Android+Iconic+Backpack
31022795.7870947773,purchase,1607318579672633,https://shop.googlemerchandisestore.com/ordercompleted.html
31035575.9910731807,purchase,1605876329252006,https://shop.googlemerchandisestore.com/ordercompleted.html
31060017.1204528024,purchase,1607329604778644,https://shop.googlemerchandisestore.com/ordercompleted.html
3106779.0237895488,add_to_cart,1607109204707966,https://shop.googlemerchandisestore.com/Google+Redesign/Apparel/Hats
3106779.0237895488,add_to_cart,1607109243355508,https://shop.googlemerchandisestore.com/Google+Redesign/Apparel/Hats
3106779.0237895488,add_to_cart,1607109307601210,https://shop.googlemerchandisestore.com/Google+Redesign/Lifestyle/Drinkware
3111676283.5909814874,purchase,1607952719186148,https://shop.googlemerchandisestore.com/ordercompleted.html
31298789.9980288359,purchase,1606596243439217,https://shop.googlemerchandisestore.com/ordercompleted.html
3133775.9156295221,purchase,1607368458683090,https://shop.googlemerchandisestore.com/ordercompleted.html
31396025.2931510776,purchase,1609082708532954,https://shop.googlemerchandisestore.com/ordercompleted.html
3140118.5893635246,view_item,1606205493589938,https://shop.googlemerchandisestore.com/Google+Redesign/Super+G+Unisex+Joggers
3140118.5893635246,view_item,1606205502456866,https://shop.googlemerchandisestore.com/Google+Redesign/Google+Land+and+Sea+Tech+Taco
3140118.5893635246,view_item,1606205510997109,https://shop.googlemerchandisestore.com/Google+Redesign/Google+Blue+Stojo+Cup
3140118.5893635246,view_item,1606205520070144,https://shop.googlemerchandisestore.com/Google+Redesign/Google+Land+and+Sea+Mug
3140118.5893635246,view_item,1606205528841173,https://shop.googlemerchandisestore.com/Google+Redesign/Google+Land+and+Sea+French+Terry+Sweatshirt
3140118.5893635246,view_item,1606205538933066,https://shop.googlemerchandisestore.com/Google+Redesign/Apparel/Google+Land+and+Sea+Cotton+Cap+LS
3140118.5893635246,view_item,1606205547081816,https://shop.googlemerchandisestore.com/Google+Redesign/Lifestyle/Google+Land+and+Sea+Tote+Bag
3140118.5893635246,view_item,1606205556890961,https://shop.googlemerchandisestore.com/Google+Redesign/Stationery/Google+Land+and+Sea+Journal+Set
3140118.5893635246,view_item,1606205566101706,https://shop.googlemerchandisestore.com/Google+Redesign/Lifestyle/Google+Land+and+Sea+Nalgene+Water+Bottle+LS
3140118.5893635246,view_item,1606205574968039,https://shop.googlemerchandisestore.com/Google+Redesign/Apparel/Google+Land+and+Sea+Unisex+Tee
3140118.5893635246,view_item,1606205593478897,https://shop.googlemerchandisestore.com/Google+RMG+Redesign/Lifestyle/Mural+Food+Container
3140118.5893635246,view_item,1606205623361489,https://shop.googlemerchandisestore.com/Google+Redesign/Apparel/Google+Navy+Speckled+Tee
3140118.5893635246,view_item,1606205633162792,https://shop.googlemerchandisestore.com/Google+Redesign/Apparel/Google+Campus+Bike+Eco+Tee+Navy
3140118.5893635246,view_item,1606205644890057,https://shop.googlemerchandisestore.com/Google+Redesign/Apparel/Google+Leather+Strap+Hat+Black
3140118.5893635246,view_item,1606205655922231,https://shop.googlemerchandisestore.com/Google+Redesign/Apparel/Google+Sherpa+Zip+Hoodie+Charcoal
3140118.5893635246,view_item,1606205665237426,https://shop.googlemerchandisestore.com/Google+Redesign/Apparel/Google+Heathered+Pom+Beanie
3140118.5893635246,view_item,1606205704570572,https://shop.googlemerchandisestore.com/Google+Redesign/Apparel/Google+Heather+Green+Speckled+Tee
3140118.5893635246,view_item,1606205713837588,https://shop.googlemerchandisestore.com/Google+Redesign/Apparel/YouTube+Twill+Cap+Sandwich+Black
3140118.5893635246,view_item,1606205722840941,https://shop.googlemerchandisestore.com/Google+Redesign/Apparel/Google+Leather+Strap+Hat+Blue
3140118.5893635246,view_item,1606205732092539,https://shop.googlemerchandisestore.com/Google+Redesign/Apparel/YouTube+Leather+Strap+Hat+Black
3140118.5893635246,view_item,1606205741372450,https://shop.googlemerchandisestore.com/Google+Redesign/Apparel/Google+Speckled+Beanie+Navy
3140118.5893635246,view_item,1606205759811344,https://shop.googlemerchandisestore.com/Google+Redesign/Apparel/Android+Iconic+Hat+V2+Black
3140118.5893635246,view_item,1606205769142516,https://shop.googlemerchandisestore.com/Google+Redesign/Apparel/Android+Iconic+Beanie
3140118.5893635246,view_item,1606205778420932,https://shop.googlemerchandisestore.com/Google+Redesign/Apparel/Android+Iconic+Hat+Green
3140118.5893635246,view_item,1606205787649988,https://shop.googlemerchandisestore.com/Google+Redesign/Apparel/Android+Iconic+Hat+White
3140118.5893635246,view_item,1606205797214163,https://shop.googlemerchandisestore.com/Google+Redesign/Apparel/Google+Infant+Charcoal+Onesie
3140118.5893635246,view_item,1606205816117429,https://shop.googlemerchandisestore.com/Google+Redesign/Apparel/Google+Infant+Hero+Tee+Olive
3140118.5893635246,view_item,1606205825929350,https://shop.googlemerchandisestore.com/Google+Redesign/Apparel/Google+Youth+Hero+Tee+Grey
3140118.5893635246,view_item,1606205835745939,https://shop.googlemerchandisestore.com/Google+Redesign/Apparel/Google+Toddler+FC+Zip+Hoodie
3140118.5893635246,view_item,1606205852751456,https://shop.googlemerchandisestore.com/Google+Redesign/Apparel/Google+Youth+FC+Tee+Charcoal
3140118.5893635246,view_item,1606205863844738,https://shop.googlemerchandisestore.com/Google+Redesign/Apparel/Google+Toddler+Tee+White
3140118.5893635246,view_item,1606205873653612,https://shop.googlemerchandisestore.com/Google+Redesign/Apparel/Google+Toddler+FC+Tee+Charcoal
3140118.5893635246,view_item,1606205882844434,https://shop.googlemerchandisestore.com/Google+Redesign/Apparel/Google+Youth+FC+Longsleeve+Charcoal
3140118.5893635246,view_item,1606205892367089,https://shop.googlemerchandisestore.com/Google+Redesign/Apparel/Google+Toddler+Hero+Tee+Olive
3140118.5893635246,view_item,1606205902241431,https://shop.googlemerchandisestore.com/Google+Redesign/Apparel/Google+Youth+Hero+Tee+Maroon
3140118.5893635246,view_item,1606205911860157,https://shop.googlemerchandisestore.com/Google+Redesign/Apparel/Google+Toddler+Hero+Tee+Black
3140118.5893635246,view_item,1606205921353178,https://shop.googlemerchandisestore.com/Google+Redesign/Apparel/Google+Sherpa+Zip+Hoodie+Navy
3140118.5893635246,view_item,1606205931069050,https://shop.googlemerchandisestore.com/Google+Redesign/Apparel/Google+Crewneck+Sweatshirt+Green
3140118.5893635246,view_item,1606205949902040,https://shop.googlemerchandisestore.com/Google+Redesign/Apparel/Google+Crew+Socks
3140118.5893635246,view_item,1606205958929411,https://shop.googlemerchandisestore.com/Google+Redesign/Apparel/YouTube+Crew+Socks
3140118.5893635246,view_item,1606205967605036,https://shop.googlemerchandisestore.com/Google+Redesign/Apparel/Google+Google+Crew+Striped+Athletic+Sock
3140118.5893635246,view_item,1606205976373027,https://shop.googlemerchandisestore.com/Google+Redesign/Apparel/Google+Google+Crew+Combed+Cotton+Sock
3140118.5893635246,view_item,1606205985604664,https://shop.googlemerchandisestore.com/Google+Redesign/Apparel/Android+Iconic+Sock
3140118.5893635246,view_item,1606205994548587,https://shop.googlemerchandisestore.com/Google+Redesign/Apparel/Google+Mural+Socks
3140118.5893635246,view_item,1606206003697430,https://shop.googlemerchandisestore.com/Google+Redesign/Apparel/IamRemarkable+Hoodie
3140118.5893635246,view_item,1606206051932056,https://shop.googlemerchandisestore.com/Google+Redesign/ApparelGoogle+Beekeepers+Tee+Mint
3140118.5893635246,view_item,1606206084295426,https://shop.googlemerchandisestore.com/Google+Redesign/Apparel/IamRemarkable+Ladies+T-Shirt
3140118.5893635246,view_item,1606206143539976,https://shop.googlemerchandisestore.com/Google+Redesign/Apparel/YouTube+Twill+Cap+Sandwich+Black
3140118.5893635246,view_item,1606206190933370,https://shop.googlemerchandisestore.com/Google+Redesign/Lifestyle/Fun/Google+Kick+Ball.axd
31450884.9129417592,purchase,1608080355431663,https://shop.googlemerchandisestore.com/ordercompleted.html
31556860.5592810420,add_to_cart,1607077606100851,https://shop.googlemerchandisestore.com/asearch.html
31556860.5592810420,add_to_cart,1607078106573293,https://shop.googlemerchandisestore.com/asearch.html
31556860.5592810420,purchase,1607078831101592,https://shop.googlemerchandisestore.com/ordercompleted.html
31556860.5592810420,add_to_cart,1607079047491762,https://shop.googlemerchandisestore.com/asearch.html
31556860.5592810420,purchase,1607080036127451,https://shop.googlemerchandisestore.com/ordercompleted.html
31743724.0178994523,begin_checkout,1608541780616294,https://shop.googlemerchandisestore.com/yourinfo.html
31743724.0178994523,begin_checkout,1608541780833212,https://shop.googlemerchandisestore.com/yourinfo.html
31743724.0178994523,begin_checkout,1608541780838844,https://shop.googlemerchandisestore.com/yourinfo.html
31743724.0178994523,begin_checkout,1608541787120323,https://shop.googlemerchandisestore.com/yourinfo.html
31743724.0178994523,begin_checkout,1608541787232304,https://shop.googlemerchandisestore.com/yourinfo.html
31743724.0178994523,begin_checkout,1608541787244316,https://shop.googlemerchandisestore.com/yourinfo.html
31743724.0178994523,begin_checkout,1608541790490402,https://shop.googlemerchandisestore.com/yourinfo.html
31743724.0178994523,begin_checkout,1608541790618168,https://shop.googlemerchandisestore.com/yourinfo.html
31743724.0178994523,begin_checkout,1608541790630877,https://shop.googlemerchandisestore.com/yourinfo.html
31743724.0178994523,begin_checkout,1608541805416007,https://shop.googlemerchandisestore.com/yourinfo.html
31743724.0178994523,begin_checkout,1608541805612324,https://shop.googlemerchandisestore.com/yourinfo.html
31743724.0178994523,begin_checkout,1608541805634935,https://shop.googlemerchandisestore.com/yourinfo.html
31743724.0178994523,begin_checkout,1608541947194153,https://shop.googlemerchandisestore.com/yourinfo.html
31743724.0178994523,begin_checkout,1608541947486152,https://shop.googlemerchandisestore.com/yourinfo.html
31743724.0178994523,begin_checkout,1608541947499399,https://shop.googlemerchandisestore.com/yourinfo.html
31743724.0178994523,begin_checkout,1608542068847940,https://shop.googlemerchandisestore.com/yourinfo.html
31743724.0178994523,begin_checkout,1608542068970910,https://shop.googlemerchandisestore.com/yourinfo.html
31743724.0178994523,begin_checkout,1608542068981113,https://shop.googlemerchandisestore.com/yourinfo.html
31743724.0178994523,purchase,1608542223558510,https://shop.googlemerchandisestore.com/ordercompleted.html
3178736.6661466531,purchase,1606283289676379,https://shop.googlemerchandisestore.com/ordercompleted.html
3181213.5173298187,purchase,1608077844480449,https://shop.googlemerchandisestore.com/ordercompleted.html
31825674.2113685011,purchase,1606759883824507,https://shop.googlemerchandisestore.com/ordercompleted.html
31825674.2113685011,purchase,1606760454254065,https://shop.googlemerchandisestore.com/ordercompleted.html
31825674.2113685011,purchase,1606760628631140,https://shop.googlemerchandisestore.com/ordercompleted.html
3188737051.8836428627,purchase,1605631627394274,https://shop.googlemerchandisestore.com/ordercompleted.html
31890386.5353531582,purchase,1608629113246624,https://shop.googlemerchandisestore.com/ordercompleted.html
31903614.8832440737,purchase,1608170718092437,https://shop.googlemerchandisestore.com/ordercompleted.html
3193748.4688093203,purchase,1605251859210991,https://shop.googlemerchandisestore.com/ordercompleted.html
3198843.0611848527,purchase,1608088893285319,https://shop.googlemerchandisestore.com/ordercompleted.html
3200576.6010249056,begin_checkout,1611965474706520,https://shop.googlemerchandisestore.com/yourinfo.html
3200576.6010249056,begin_checkout,1611965474731090,https://shop.googlemerchandisestore.com/yourinfo.html
3200576.6010249056,purchase,1611965612805010,https://shop.googlemerchandisestore.com/ordercompleted.html
3203761.6086307577,view_item,1606191609377028,https://shop.googlemerchandisestore.com/Google+Redesign/Accessories/Android+Puzzlebot+v2
3211830.1153763654,purchase,1606780198570463,https://shop.googlemerchandisestore.com/ordercompleted.html
32150941.2960979703,purchase,1608636591249702,https://shop.googlemerchandisestore.com/ordercompleted.html
32154989.6806202027,begin_checkout,1608560842830686,https://shop.googlemerchandisestore.com/yourinfo.html
32154989.6806202027,begin_checkout,1608560842957043,https://shop.googlemerchandisestore.com/yourinfo.html
32154989.6806202027,begin_checkout,1608560842976017,https://shop.googlemerchandisestore.com/yourinfo.html
32154989.6806202027,purchase,1608560924685636,https://shop.googlemerchandisestore.com/ordercompleted.html
3216886.8311598059,purchase,1606705938719775,https://shop.googlemerchandisestore.com/ordercompleted.html
3231609.9615457151,purchase,1606267187697330,https://shop.googlemerchandisestore.com/ordercompleted.html
3232772.8900017776,purchase,1608614576548387,https://shop.googlemerchandisestore.com/ordercompleted.html
3237193.2779307989,purchase,1606572070506441,https://shop.googlemerchandisestore.com/ordercompleted.html
32439085.2055424151,begin_checkout,1608570089126500,https://shop.googlemerchandisestore.com/yourinfo.html
32439085.2055424151,begin_checkout,1608570089198488,https://shop.googlemerchandisestore.com/yourinfo.html
32439085.2055424151,begin_checkout,1608570089203729,https://shop.googlemerchandisestore.com/yourinfo.html
32439085.2055424151,begin_checkout,1608570220415940,https://shop.googlemerchandisestore.com/yourinfo.html
32439085.2055424151,begin_checkout,1608570220534015,https://shop.googlemerchandisestore.com/yourinfo.html
32439085.2055424151,begin_checkout,1608570220535917,https://shop.googlemerchandisestore.com/yourinfo.html
32439085.2055424151,begin_checkout,1608570237486451,https://shop.googlemerchandisestore.com/yourinfo.html
32439085.2055424151,begin_checkout,1608570237594206,https://shop.googlemerchandisestore.com/yourinfo.html
32439085.2055424151,begin_checkout,1608570237599812,https://shop.googlemerchandisestore.com/yourinfo.html
32439085.2055424151,begin_checkout,1608573083733379,https://shop.googlemerchandisestore.com/yourinfo.html
32439085.2055424151,begin_checkout,1608573083819397,https://shop.googlemerchandisestore.com/yourinfo.html
32439085.2055424151,begin_checkout,1608573083831438,https://shop.googlemerchandisestore.com/yourinfo.html
32439085.2055424151,begin_checkout,1608573095196575,https://shop.googlemerchandisestore.com/yourinfo.html
32439085.2055424151,begin_checkout,1608573095282785,https://shop.googlemerchandisestore.com/yourinfo.html
32439085.2055424151,begin_checkout,1608573095289039,https://shop.googlemerchandisestore.com/yourinfo.html
32439085.2055424151,begin_checkout,1608573138359072,https://shop.googlemerchandisestore.com/yourinfo.html
32439085.2055424151,begin_checkout,1608573138465317,https://shop.googlemerchandisestore.com/yourinfo.html
32439085.2055424151,begin_checkout,1608573138477010,https://shop.googlemerchandisestore.com/yourinfo.html
32439085.2055424151,begin_checkout,1608573165860735,https://shop.googlemerchandisestore.com/yourinfo.html
32439085.2055424151,begin_checkout,1608573165947931,https://shop.googlemerchandisestore.com/yourinfo.html
32439085.2055424151,begin_checkout,1608573165958052,https://shop.googlemerchandisestore.com/yourinfo.html
32439085.2055424151,begin_checkout,1608573193094369,https://shop.googlemerchandisestore.com/yourinfo.html
32439085.2055424151,begin_checkout,1608573193147503,https://shop.googlemerchandisestore.com/yourinfo.html
32439085.2055424151,begin_checkout,1608573193168681,https://shop.googlemerchandisestore.com/yourinfo.html
32439085.2055424151,begin_checkout,1608573280799007,https://shop.googlemerchandisestore.com/yourinfo.html
32439085.2055424151,begin_checkout,1608573280902166,https://shop.googlemerchandisestore.com/yourinfo.html
32439085.2055424151,begin_checkout,1608573280908652,https://shop.googlemerchandisestore.com/yourinfo.html
32439085.2055424151,begin_checkout,1608573289960331,https://shop.googlemerchandisestore.com/yourinfo.html
32439085.2055424151,begin_checkout,1608573290063491,https://shop.googlemerchandisestore.com/yourinfo.html
32439085.2055424151,begin_checkout,1608573290069970,https://shop.googlemerchandisestore.com/yourinfo.html
32439085.2055424151,begin_checkout,1608573522305337,https://shop.googlemerchandisestore.com/yourinfo.html
32439085.2055424151,begin_checkout,1608573522419459,https://shop.googlemerchandisestore.com/yourinfo.html
32439085.2055424151,begin_checkout,1608573522426802,https://shop.googlemerchandisestore.com/yourinfo.html
32439085.2055424151,purchase,1608573608484759,https://shop.googlemerchandisestore.com/ordercompleted.html
3258717.0468068089,add_to_cart,1607087167395536,https://shop.googlemerchandisestore.com/Google+Redesign/Apparel
3258717.0468068089,add_to_cart,1607087186806706,https://shop.googlemerchandisestore.com/Google+Redesign/Apparel
3258717.0468068089,add_to_cart,1607087194830971,https://shop.googlemerchandisestore.com/Google+Redesign/Apparel
3258717.0468068089,add_to_cart,1607087200271121,https://shop.googlemerchandisestore.com/Google+Redesign/Apparel
3258717.0468068089,add_to_cart,1607087205694048,https://shop.googlemerchandisestore.com/Google+Redesign/Apparel
3268862.3173694017,begin_checkout,1611985334143151,https://shop.googlemerchandisestore.com/yourinfo.html
3268862.3173694017,begin_checkout,1611985334168833,https://shop.googlemerchandisestore.com/yourinfo.html
3268862.3173694017,purchase,1611985508509002,https://shop.googlemerchandisestore.com/ordercompleted.html
32729600.8935787540,purchase,1607342515830346,https://shop.googlemerchandisestore.com/ordercompleted.html
3274035.7886971888,add_to_cart,1607058876742392,https://shop.googlemerchandisestore.com/Google+Redesign/Lifestyle
3274035.7886971888,add_to_cart,1607058933602032,https://shop.googlemerchandisestore.com/Google+Redesign/Clearance
3274035.7886971888,add_to_cart,1607058948291835,https://shop.googlemerchandisestore.com/Google+Redesign/Clearance
3285062.2387469131,purchase,1606766694592662,https://shop.googlemerchandisestore.com/ordercompleted.html
3285136.3156651238,add_to_cart,1607094006570339,https://shop.googlemerchandisestore.com/Google+Redesign/Apparel/Hats
3285136.3156651238,add_to_cart,1607094027931721,https://shop.googlemerchandisestore.com/Google+Redesign/Apparel/Hats
3289980.2582612645,view_item,1606195526302265,https://shop.googlemerchandisestore.com/Google+Redesign/Google+Land+and+Sea+Tech+Taco
3291666.2185697988,purchase,1608645037305070,https://shop.googlemerchandisestore.com/ordercompleted.html
33022040.1288126111,purchase,1607971934059098,https://shop.googlemerchandisestore.com/ordercompleted.html
3305083.2235887426,view_item,1606252854719686,https://shop.googlemerchandisestore.com/Google+Redesign/Super+G+Unisex+Joggers+MD
3306493.6869699768,purchase,1606733863537751,https://shop.googlemerchandisestore.com/ordercompleted.html
3310339.4446432370,add_to_cart,1607080770057891,https://shop.googlemerchandisestore.com/Google+Redesign/Campus+Collection
3310339.4446432370,add_to_cart,1607080827314390,https://shop.googlemerchandisestore.com/Google+Redesign/Campus+Collection
3310339.4446432370,add_to_cart,1607080834011808,https://shop.googlemerchandisestore.com/Google+Redesign/Campus+Collection
3310339.4446432370,add_to_cart,1607080847816413,https://shop.googlemerchandisestore.com/Google+Redesign/Campus+Collection
3310339.4446432370,add_to_cart,1607080855190285,https://shop.googlemerchandisestore.com/Google+Redesign/Campus+Collection
3310339.4446432370,add_to_cart,1607081059363896,https://shop.googlemerchandisestore.com/Google+Redesign/New
3310339.4446432370,add_to_cart,1607081169643012,https://shop.googlemerchandisestore.com/Google+Redesign/Apparel/Kids
3310339.4446432370,add_to_cart,1607081182074698,https://shop.googlemerchandisestore.com/Google+Redesign/Apparel/Kids
3310339.4446432370,add_to_cart,1607081187345635,https://shop.googlemerchandisestore.com/Google+Redesign/Apparel/Kids
3310339.4446432370,add_to_cart,1607081205254111,https://shop.googlemerchandisestore.com/Google+Redesign/Apparel/Kids
3310339.4446432370,add_to_cart,1607081216400079,https://shop.googlemerchandisestore.com/Google+Redesign/Apparel/Kids
3310339.4446432370,add_to_cart,1607081223022105,https://shop.googlemerchandisestore.com/Google+Redesign/Apparel/Kids
3310339.4446432370,add_to_cart,1607081239117533,https://shop.googlemerchandisestore.com/Google+Redesign/Apparel/Kids
3310339.4446432370,add_to_cart,1607081674223622,https://shop.googlemerchandisestore.com/Google+Redesign/Lifestyle/Small+Goods
3310339.4446432370,add_to_cart,1607081683229259,https://shop.googlemerchandisestore.com/Google+Redesign/Lifestyle/Small+Goods
3310339.4446432370,add_to_cart,1607081702703320,https://shop.googlemerchandisestore.com/Google+Redesign/Lifestyle/Small+Goods
3310339.4446432370,add_to_cart,1607081723276034,https://shop.googlemerchandisestore.com/Google+Redesign/Lifestyle/Small+Goods
3310339.4446432370,add_to_cart,1607081762902996,https://shop.googlemerchandisestore.com/Google+Redesign/Lifestyle/Small+Goods
3310339.4446432370,add_to_cart,1607081771470829,https://shop.googlemerchandisestore.com/Google+Redesign/Lifestyle/Small+Goods
3310339.4446432370,add_to_cart,1607083095377712,https://shop.googlemerchandisestore.com/Google+Redesign/Lifestyle/Small+Goods
3310339.4446432370,add_to_cart,1607083104047450,https://shop.googlemerchandisestore.com/Google+Redesign/Lifestyle/Small+Goods
3310339.4446432370,add_to_cart,1607083111992050,https://shop.googlemerchandisestore.com/Google+Redesign/Lifestyle/Small+Goods
3310339.4446432370,add_to_cart,1607083122429008,https://shop.googlemerchandisestore.com/Google+Redesign/Lifestyle/Small+Goods
3310339.4446432370,add_to_cart,1607083135101992,https://shop.googlemerchandisestore.com/Google+Redesign/Lifestyle/Small+Goods
3310339.4446432370,add_to_cart,1607083214967915,https://shop.googlemerchandisestore.com/Google+Redesign/Lifestyle/Small+Goods
3310339.4446432370,add_to_cart,1607083233197071,https://shop.googlemerchandisestore.com/Google+Redesign/Lifestyle/Small+Goods
3310339.4446432370,add_to_cart,1607083511041869,https://shop.googlemerchandisestore.com/Google+Redesign/Stationery/Notebooks
3310339.4446432370,add_to_cart,1607083543057331,https://shop.googlemerchandisestore.com/Google+Redesign/Stationery/Stickers
3310339.4446432370,add_to_cart,1607083601653923,https://shop.googlemerchandisestore.com/Google+Redesign/Shop+by+Brand/YouTube
3310339.4446432370,add_to_cart,1607084494271194,https://shop.googlemerchandisestore.com/Google+Redesign/Apparel/Womens
3310339.4446432370,add_to_cart,1607084557718164,https://shop.googlemerchandisestore.com/Google+Redesign/Apparel/Kids
3310339.4446432370,add_to_cart,1607084572238041,https://shop.googlemerchandisestore.com/Google+Redesign/Apparel/Kids
3310339.4446432370,add_to_cart,1607084582225860,https://shop.googlemerchandisestore.com/Google+Redesign/Apparel/Kids
3310339.4446432370,add_to_cart,1607084589118046,https://shop.googlemerchandisestore.com/Google+Redesign/Apparel/Kids
3310339.4446432370,add_to_cart,1607084608570745,https://shop.googlemerchandisestore.com/Google+Redesign/Apparel/Kids
3310339.4446432370,add_to_cart,1607084627290872,https://shop.googlemerchandisestore.com/Google+Redesign/Lifestyle/Small+Goods
3310339.4446432370,add_to_cart,1607084643299997,https://shop.googlemerchandisestore.com/Google+Redesign/Lifestyle/Small+Goods
3310339.4446432370,add_to_cart,1607084657395081,https://shop.googlemerchandisestore.com/Google+Redesign/Lifestyle/Small+Goods
3310339.4446432370,purchase,1607084981249122,https://shop.googlemerchandisestore.com/ordercompleted.html
33154801.3376023064,add_to_cart,1607080906513968,https://shop.googlemerchandisestore.com/store.html
33154801.3376023064,purchase,1607081242916531,https://shop.googlemerchandisestore.com/ordercompleted.html
3315775.4887916908,purchase,1608231517244200,https://shop.googlemerchandisestore.com/ordercompleted.html
3319193.5383281209,purchase,1608090775234691,https://shop.googlemerchandisestore.com/ordercompleted.html
3327202.0943712796,purchase,1606754819548098,https://shop.googlemerchandisestore.com/ordercompleted.html
33519070.9701128272,purchase,1607095372019739,https://shop.googlemerchandisestore.com/ordercompleted.html
3365134.0673833488,purchase,1608188462582330,https://shop.googlemerchandisestore.com/ordercompleted.html
3365134.0673833488,purchase,1608188499581458,https://shop.googlemerchandisestore.com/ordercompleted.html
3365134.0673833488,purchase,1608188573138434,https://shop.googlemerchandisestore.com/ordercompleted.html
3369677.7037992281,view_item,1606204677465414,https://shop.googlemerchandisestore.com/Google+Redesign/BLM+Unisex+Pullover+Hoodie
33738162.6871557290,purchase,1608174246785968,https://shop.googlemerchandisestore.com/ordercompleted.html
3375496.0648813714,add_to_cart,1607079748387846,https://shop.googlemerchandisestore.com/Google+Redesign/Apparel/Mens
3375496.0648813714,add_to_cart,1607079797674755,https://shop.googlemerchandisestore.com/Google+Redesign/Clearance
3375496.0648813714,add_to_cart,1607079808146353,https://shop.googlemerchandisestore.com/Google+Redesign/Clearance
3375496.0648813714,add_to_cart,1607079819535679,https://shop.googlemerchandisestore.com/Google+Redesign/Clearance
3375496.0648813714,add_to_cart,1607079834845508,https://shop.googlemerchandisestore.com/Google+Redesign/Clearance
3375496.0648813714,add_to_cart,1607079846292282,https://shop.googlemerchandisestore.com/Google+Redesign/Clearance
3375496.0648813714,add_to_cart,1607079868626816,https://shop.googlemerchandisestore.com/Google+Redesign/Clearance
3375496.0648813714,add_to_cart,1607079881024495,https://shop.googlemerchandisestore.com/Google+Redesign/Clearance
3375496.0648813714,add_to_cart,1607079960122200,https://shop.googlemerchandisestore.com/Google+Redesign/Apparel/Mens
3375496.0648813714,add_to_cart,1607080121574693,https://shop.googlemerchandisestore.com/Google+Redesign/Apparel/Kids
3375496.0648813714,add_to_cart,1607080168001252,https://shop.googlemerchandisestore.com/Google+Redesign/Apparel/Hats
3375496.0648813714,add_to_cart,1607080396221510,https://shop.googlemerchandisestore.com/store.html
3375496.0648813714,add_to_cart,1607080436882727,https://shop.googlemerchandisestore.com/store.html
3375496.0648813714,purchase,1607080562066764,https://shop.googlemerchandisestore.com/ordercompleted.html
3381218.2783863118,view_item,1606177151242162,https://shop.googlemerchandisestore.com/Google+Redesign/Apparel/Google+Raincoat+Navy
3388152.7416415006,purchase,1607986525079422,https://shop.googlemerchandisestore.com/ordercompleted.html
3392018.9796964611,purchase,1605286462732761,https://shop.googlemerchandisestore.com/ordercompleted.html
3392018.9796964611,purchase,1605291849354111,https://shop.googlemerchandisestore.com/ordercompleted.html
3392018.9796964611,purchase,1605299314939392,https://shop.googlemerchandisestore.com/ordercompleted.html
3392018.9796964611,purchase,1605300072130393,https://shop.googlemerchandisestore.com/ordercompleted.html
3396468.5841648021,add_to_cart,1607051969942410,https://shop.googlemerchandisestore.com/Google+Redesign/Lifestyle/Drinkware
3396468.5841648021,add_to_cart,1607051982158743,https://shop.googlemerchandisestore.com/Google+Redesign/Lifestyle/Drinkware
3396468.5841648021,add_to_cart,1607052009311729,https://shop.googlemerchandisestore.com/Google+Redesign/Lifestyle/Drinkware
3396468.5841648021,add_to_cart,1607052128422415,https://shop.googlemerchandisestore.com/Google+Redesign/Apparel/Hats
3396468.5841648021,add_to_cart,1607052134637430,https://shop.googlemerchandisestore.com/Google+Redesign/Apparel/Hats
33967208.3195174744,purchase,1605913504242953,https://shop.googlemerchandisestore.com/ordercompleted.html
33967208.3195174744,purchase,1605913504246072,https://shop.googlemerchandisestore.com/ordercompleted.html
3398852635.9428651409,begin_checkout,1608589306483123,https://shop.googlemerchandisestore.com/yourinfo.html
3398852635.9428651409,begin_checkout,1608589306729604,https://shop.googlemerchandisestore.com/yourinfo.html
3398852635.9428651409,begin_checkout,1608589306744854,https://shop.googlemerchandisestore.com/yourinfo.html
3398852635.9428651409,purchase,1608590091575345,https://shop.googlemerchandisestore.com/ordercompleted.html
34023241.0497666523,purchase,1605643725718786,https://shop.googlemerchandisestore.com/ordercompleted.html
3412220.6161181119,purchase,1608238803095962,https://shop.googlemerchandisestore.com/ordercompleted.html
34140706.2517225165,purchase,1606754279405945,https://shop.googlemerchandisestore.com/ordercompleted.html
3414474.3739440974,purchase,1608675480725022,https://shop.googlemerchandisestore.com/ordercompleted.html
3414474.3739440974,purchase,1608676533635446,https://shop.googlemerchandisestore.com/ordercompleted.html
3415609.9717719748,purchase,1606552803065013,https://shop.googlemerchandisestore.com/ordercompleted.html
3416587.0930328961,add_to_cart,1607076424597141,https://shop.googlemerchandisestore.com/Google+Redesign/Shop+by+Brand
34267479.4710386287,purchase,1607985127271176,https://shop.googlemerchandisestore.com/ordercompleted.html
34267479.4710386287,purchase,1607988302928597,https://shop.googlemerchandisestore.com/ordercompleted.html
3432659.9858672821,purchase,1605599948903270,https://shop.googlemerchandisestore.com/ordercompleted.html
3433100.8818167338,add_to_cart,1607052044285051,https://shop.googlemerchandisestore.com/Google+Redesign/Apparel/Hats
3433100.8818167338,add_to_cart,1607052087919508,https://shop.googlemerchandisestore.com/Google+Redesign/Apparel/Hats
3438099.2382579677,view_item,1606240223147939,https://shop.googlemerchandisestore.com/Google+Redesign/Google+Land+and+Sea+Tech+Taco
3441773.4810399029,purchase,1606572371453004,https://shop.googlemerchandisestore.com/ordercompleted.html
34490273.5966302679,purchase,1606227427692256,https://shop.googlemerchandisestore.com/ordercompleted.html
34490273.5966302679,purchase,1606227778970509,https://shop.googlemerchandisestore.com/ordercompleted.html
34490273.5966302679,purchase,1606228066374835,https://shop.googlemerchandisestore.com/ordercompleted.html
34490273.5966302679,purchase,1606229208850393,https://shop.googlemerchandisestore.com/ordercompleted.html
34490273.5966302679,purchase,1606229593392225,https://shop.googlemerchandisestore.com/ordercompleted.html
34490273.5966302679,purchase,1606232236493988,https://shop.googlemerchandisestore.com/ordercompleted.html
34497430.3741988669,purchase,1605853754463748,https://shop.googlemerchandisestore.com/ordercompleted.html
34566418.3175234997,purchase,1607963131808037,https://shop.googlemerchandisestore.com/ordercompleted.html
3464318.2948075686,add_to_cart,1607066626919683,https://shop.googlemerchandisestore.com/Google+Redesign/Apparel/Mens
3464318.2948075686,add_to_cart,1607066634449452,https://shop.googlemerchandisestore.com/Google+Redesign/Apparel/Mens
3464318.2948075686,add_to_cart,1607066649491497,https://shop.googlemerchandisestore.com/Google+Redesign/Apparel/Mens
3464318.2948075686,add_to_cart,1607066660679313,https://shop.googlemerchandisestore.com/Google+Redesign/Apparel/Mens
34756247.3212719194,purchase,1606771821097381,https://shop.googlemerchandisestore.com/ordercompleted.html
35064550.9410834862,purchase,1608145240380152,https://shop.googlemerchandisestore.com/ordercompleted.html
3507860.1870168218,purchase,1607313488349530,https://shop.googlemerchandisestore.com/ordercompleted.html
3519862.5500955315,purchase,1606768901818266,https://shop.googlemerchandisestore.com/ordercompleted.html
35315894.9355065326,purchase,1606555956441084,https://shop.googlemerchandisestore.com/ordercompleted.html
35315894.9355065326,purchase,1606556123645011,https://shop.googlemerchandisestore.com/ordercompleted.html
3532429.4239931034,view_item,1606221855123735,https://shop.googlemerchandisestore.com/Google+Redesign/Apparel/Google+Black+Tee
3534695.1368743879,purchase,1606696085905802,https://shop.googlemerchandisestore.com/ordercompleted.html
35388939.9653515999,purchase,1605627495489224,https://shop.googlemerchandisestore.com/ordercompleted.html
35449521.7467347527,purchase,1605647513634016,https://shop.googlemerchandisestore.com/ordercompleted.html
3555628.5886474906,view_item,1606218608548099,https://shop.googlemerchandisestore.com/Google+Redesign/Apparel/Google+Speckled+Beanie+Navy
3555628.5886474906,view_item,1606218617683482,https://shop.googlemerchandisestore.com/Google+Redesign/Apparel/Google+Heathered+Pom+Beanie
3555628.5886474906,view_item,1606218963838000,https://shop.googlemerchandisestore.com/Google+Redesign/Bags/Google+Incognito+Laptop+Organizer+V2
3555628.5886474906,view_item,1606219008761878,https://shop.googlemerchandisestore.com/Google+Redesign/Bags/Google+Totepak
3555628.5886474906,view_item,1606219035095916,https://shop.googlemerchandisestore.com/Google+Redesign/Bags/Google+Incognito+Zippack+V2
3555628.5886474906,view_item,1606219382001018,https://shop.googlemerchandisestore.com/Google+Redesign/Accessories/Google+Laptop+Sleeve+Charcoal
3555628.5886474906,view_item,1606219417096023,https://shop.googlemerchandisestore.com/Google+Redesign/Accessories/Google+Campus+Bike
3555628.5886474906,view_item,1606219824221976,https://shop.googlemerchandisestore.com/Google+Redesign/Google+Crew+Sweater+Navy
3559702.8102516207,purchase,1608139844107465,https://shop.googlemerchandisestore.com/ordercompleted.html
3560826.6054676225,view_item,1606243396217460,https://shop.googlemerchandisestore.com/Google+Redesign/Accessories/YouTube+Iconic+Play+Pin
3560826.6054676225,view_item,1606243644072753,https://shop.googlemerchandisestore.com/Google+Redesign/Office/Google+Recycled+Pen+Black
3560826.6054676225,purchase,1606244565368113,https://shop.googlemerchandisestore.com/ordercompleted.html
35710256.3477753994,purchase,1606340146425478,https://shop.googlemerchandisestore.com/ordercompleted.html
35733270.6791628940,purchase,1606713830892355,https://shop.googlemerchandisestore.com/ordercompleted.html
3577198.3654081165,begin_checkout,1611990163181539,https://shop.googlemerchandisestore.com/yourinfo.html
3577198.3654081165,begin_checkout,1611990163197596,https://shop.googlemerchandisestore.com/yourinfo.html
3577198.3654081165,begin_checkout,1611990259233701,https://shop.googlemerchandisestore.com/yourinfo.html
3577198.3654081165,begin_checkout,1611990259243499,https://shop.googlemerchandisestore.com/yourinfo.html
3577198.3654081165,begin_checkout,1611990413844129,https://shop.googlemerchandisestore.com/yourinfo.html
3577198.3654081165,begin_checkout,1611990413851658,https://shop.googlemerchandisestore.com/yourinfo.html
3577198.3654081165,begin_checkout,1611990454164358,https://shop.googlemerchandisestore.com/yourinfo.html
3577198.3654081165,begin_checkout,1611990454181369,https://shop.googlemerchandisestore.com/yourinfo.html
3577198.3654081165,begin_checkout,1611990667635871,https://shop.googlemerchandisestore.com/yourinfo.html
3577198.3654081165,begin_checkout,1611990667644491,https://shop.googlemerchandisestore.com/yourinfo.html
3577198.3654081165,purchase,1611990763346882,https://shop.googlemerchandisestore.com/ordercompleted.html
3577198.3654081165,begin_checkout,1611990885718429,https://shop.googlemerchandisestore.com/yourinfo.html
3577198.3654081165,begin_checkout,1611990885730084,https://shop.googlemerchandisestore.com/yourinfo.html
3577198.3654081165,purchase,1611991083589403,https://shop.googlemerchandisestore.com/ordercompleted.html
3577198.3654081165,begin_checkout,1611991190642033,https://shop.googlemerchandisestore.com/yourinfo.html
3577198.3654081165,begin_checkout,1611991190654554,https://shop.googlemerchandisestore.com/yourinfo.html
3577198.3654081165,begin_checkout,1611991835080725,https://shop.googlemerchandisestore.com/yourinfo.html
3577198.3654081165,begin_checkout,1611991835086105,https://shop.googlemerchandisestore.com/yourinfo.html
3577198.3654081165,begin_checkout,1611992434655572,https://shop.googlemerchandisestore.com/yourinfo.html
3577198.3654081165,begin_checkout,1611992434663837,https://shop.googlemerchandisestore.com/yourinfo.html
3577198.3654081165,purchase,1611992541086081,https://shop.googlemerchandisestore.com/ordercompleted.html
35776748.8724446726,purchase,1608197836073881,https://shop.googlemerchandisestore.com/ordercompleted.html
3578162.0623899917,purchase,1605844971826638,https://shop.googlemerchandisestore.com/ordercompleted.html
3578162.0623899917,purchase,1605844971852041,https://shop.googlemerchandisestore.com/ordercompleted.html
35862721.9988627980,purchase,1606180926360296,https://shop.googlemerchandisestore.com/ordercompleted.html
35862721.9988627980,purchase,1606180926380767,https://shop.googlemerchandisestore.com/ordercompleted.html
3591282.5710466002,add_to_cart,1607106051208521,https://shop.googlemerchandisestore.com/Google+Redesign/Apparel/Mens
3591282.5710466002,add_to_cart,1607106057308395,https://shop.googlemerchandisestore.com/Google+Redesign/Apparel/Mens
3591282.5710466002,add_to_cart,1607106085249492,https://shop.googlemerchandisestore.com/Google+Redesign/Apparel/Mens
3591282.5710466002,add_to_cart,1607106168640264,https://shop.googlemerchandisestore.com/Google+Redesign/Apparel/Mens
3591282.5710466002,purchase,1607106484859813,https://shop.googlemerchandisestore.com/ordercompleted.html
3594919.2851713420,view_item,1606198319414674,https://shop.googlemerchandisestore.com/Google+Redesign/Gift+Cards/Gift+Card++50.00.axd
35966519.5288664403,purchase,1606271961734758,https://shop.googlemerchandisestore.com/ordercompleted.html
36156512.6793363107,purchase,1608643214304346,https://shop.googlemerchandisestore.com/ordercompleted.html
3628419.4816997781,purchase,1606769067024664,https://shop.googlemerchandisestore.com/ordercompleted.html
36297239.9102278771,purchase,1606181218630036,https://shop.googlemerchandisestore.com/ordercompleted.html
36297239.9102278771,purchase,1606181218665570,https://shop.googlemerchandisestore.com/ordercompleted.html
3634157.4216714547,view_item,1606254188557186,https://shop.googlemerchandisestore.com//Google+Redesign/Office/Writing/Maze+Pen.axd
36346292.3024843816,purchase,1607352236239139,https://shop.googlemerchandisestore.com/ordercompleted.html
36464327.8378331602,add_to_cart,1607100050142768,https://shop.googlemerchandisestore.com/asearch.html
36464327.8378331602,add_to_cart,1607100645617823,https://shop.googlemerchandisestore.com/asearch.html
36464327.8378331602,add_to_cart,1607100812488867,https://shop.googlemerchandisestore.com/store.html
36464327.8378331602,add_to_cart,1607105975060511,https://shop.googlemerchandisestore.com/asearch.html
36464327.8378331602,add_to_cart,1607106002530122,https://shop.googlemerchandisestore.com/asearch.html
36563255.8188004692,purchase,1605613300101106,https://shop.googlemerchandisestore.com/ordercompleted.html
3665062.7998103355,view_item,1606215569868936,https://shop.googlemerchandisestore.com/Google+Redesign/Apparel/Google+PNW+Campus+Unisex+Tee
3670839.0267796655,purchase,1607907102318948,https://shop.googlemerchandisestore.com/ordercompleted.html
36790372.3558551324,begin_checkout,1608567421703286,https://shop.googlemerchandisestore.com/yourinfo.html
36790372.3558551324,begin_checkout,1608567421842301,https://shop.googlemerchandisestore.com/yourinfo.html
36790372.3558551324,begin_checkout,1608567421842573,https://shop.googlemerchandisestore.com/yourinfo.html
36790372.3558551324,begin_checkout,1608567575886055,https://shop.googlemerchandisestore.com/yourinfo.html
36790372.3558551324,begin_checkout,1608567576020038,https://shop.googlemerchandisestore.com/yourinfo.html
36790372.3558551324,begin_checkout,1608567576030545,https://shop.googlemerchandisestore.com/yourinfo.html
36794743.0115266107,purchase,1606207425265661,https://shop.googlemerchandisestore.com/ordercompleted.html
36794743.0115266107,purchase,1606207425334623,https://shop.googlemerchandisestore.com/ordercompleted.html
3680421.4213771360,purchase,1605886886829891,https://shop.googlemerchandisestore.com/ordercompleted.html
3680421.4213771360,purchase,1605886886854586,https://shop.googlemerchandisestore.com/ordercompleted.html
3683161.9949842915,view_item,1606212314912848,https://shop.googlemerchandisestore.com/Google+Redesign/Accessories/Google+Large+Pet+Leash+Red+Yellow
3683161.9949842915,view_item,1606212344771633,https://shop.googlemerchandisestore.com/Google+Redesign/Accessories/Google+Large+Pet+Leash+Red+Yellow
3690714.0566002703,view_item,1606243586911699,https://shop.googlemerchandisestore.com/Google+Redesign/Drinkware/Google+16oz+tumbler+blue
3690714.0566002703,view_item,1606243644647267,https://shop.googlemerchandisestore.com/Google+Redesign/Drinkware/Google+16oz+tumbler+blue
36921495.1660009263,purchase,1605840125187034,https://shop.googlemerchandisestore.com/ordercompleted.html
3696210.6519531491,add_to_cart,1607082419553238,https://shop.googlemerchandisestore.com/Google+Redesign/Clearance
3696210.6519531491,add_to_cart,1607082701868968,https://shop.googlemerchandisestore.com/Google+Redesign/Apparel/Womens
3701512.7921503812,begin_checkout,1608511780903807,https://shop.googlemerchandisestore.com/yourinfo.html
3701512.7921503812,begin_checkout,1608511781627447,https://shop.googlemerchandisestore.com/yourinfo.html
3701512.7921503812,begin_checkout,1608511781627732,https://shop.googlemerchandisestore.com/yourinfo.html
3701512.7921503812,begin_checkout,1608511821148253,https://shop.googlemerchandisestore.com/yourinfo.html
3701512.7921503812,begin_checkout,1608511822112900,https://shop.googlemerchandisestore.com/yourinfo.html
3701512.7921503812,begin_checkout,1608511822113197,https://shop.googlemerchandisestore.com/yourinfo.html
3701512.7921503812,purchase,1608511949647399,https://shop.googlemerchandisestore.com/ordercompleted.html
37200331.0541488328,purchase,1607083859990141,https://shop.googlemerchandisestore.com/ordercompleted.html
37274779.4842178220,purchase,1607980916582177,https://shop.googlemerchandisestore.com/ordercompleted.html
37295810.5629224960,purchase,1605850232182538,https://shop.googlemerchandisestore.com/ordercompleted.html
37295810.5629224960,purchase,1605850232214156,https://shop.googlemerchandisestore.com/ordercompleted.html
3729857539.9270422454,add_to_cart,1607041011517379,https://shop.googlemerchandisestore.com/store.html
3729857539.9270422454,purchase,1607041137140701,https://shop.googlemerchandisestore.com/ordercompleted.html
37312730.1216270172,purchase,1606243167653020,https://shop.googlemerchandisestore.com/ordercompleted.html
3737037.4973971496,view_item,1606235632903022,https://shop.googlemerchandisestore.com/Google+Redesign/Office/Notebooks+Journals/Google+Metallic+Notebook+Set.axd
37383357.2206535308,purchase,1607323971431433,https://shop.googlemerchandisestore.com/ordercompleted.html
37409739.2479799624,purchase,1608174149960689,https://shop.googlemerchandisestore.com/ordercompleted.html
3747261.2026065155,view_item,1606243881276481,https://shop.googlemerchandisestore.com/Google+Redesign/Drinkware/Google+Perk+Thermal+Cup
37489725.2971505043,begin_checkout,1608577906249290,https://shop.googlemerchandisestore.com/yourinfo.html
37489725.2971505043,begin_checkout,1608577906371882,https://shop.googlemerchandisestore.com/yourinfo.html
37489725.2971505043,begin_checkout,1608577906382870,https://shop.googlemerchandisestore.com/yourinfo.html
3753718.6689753633,view_item,1606233926144756,https://shop.googlemerchandisestore.com/Google+Redesign/Apparel/Google+SF+Campus+Zip+Hoodie
3753718.6689753633,view_item,1606233995768872,https://shop.googlemerchandisestore.com/Google+Redesign/Apparel/Google+SF+Campus+Unisex+Tee
3753745.9846842656,view_item,1606251399545211,https://shop.googlemerchandisestore.com/Google+Redesign/Apparel/Google+Heathered+Pom+Beanie
377360457.8254199418,purchase,1605251443909180,https://shop.googlemerchandisestore.com/ordercompleted.html
3776548.7070412643,purchase,1607947014779441,https://shop.googlemerchandisestore.com/ordercompleted.html
3780147.6952597406,view_item,1606205944593755,https://shop.googlemerchandisestore.com/Google+Redesign/Drinkware/Google+Canteen+Bottle+Black
37858547.0848590713,purchase,1607108686184595,https://shop.googlemerchandisestore.com/ordercompleted.html
3789961.0713323156,view_item,1606184125826534,https://shop.googlemerchandisestore.com/Google+Redesign/Super+G+Unisex+Joggers
3796114.1797009282,add_to_cart,1607045501666715,https://shop.googlemerchandisestore.com/Google+Redesign/Clearance
3796114.1797009282,add_to_cart,1607045521437151,https://shop.googlemerchandisestore.com/Google+Redesign/Clearance
3796114.1797009282,add_to_cart,1607045595515708,https://shop.googlemerchandisestore.com/Google+Redesign/Clearance
3796114.1797009282,add_to_cart,1607045610237790,https://shop.googlemerchandisestore.com/Google+Redesign/Clearance
3796114.1797009282,add_to_cart,1607045629262778,https://shop.googlemerchandisestore.com/Google+Redesign/Clearance
37978348.7910375072,purchase,1605260277263873,https://shop.googlemerchandisestore.com/ordercompleted.html
3800477.2831507239,begin_checkout,1608548995781860,https://shop.googlemerchandisestore.com/yourinfo.html
3800477.2831507239,begin_checkout,1608548995878961,https://shop.googlemerchandisestore.com/yourinfo.html
3800477.2831507239,begin_checkout,1608548995885147,https://shop.googlemerchandisestore.com/yourinfo.html
3800477.2831507239,begin_checkout,1608549179486786,https://shop.googlemerchandisestore.com/yourinfo.html
3800477.2831507239,begin_checkout,1608549179597937,https://shop.googlemerchandisestore.com/yourinfo.html
3800477.2831507239,begin_checkout,1608549179604112,https://shop.googlemerchandisestore.com/yourinfo.html
3800893.0734397867,purchase,1606753636180547,https://shop.googlemerchandisestore.com/ordercompleted.html
38018259.3746869511,purchase,1606768181558851,https://shop.googlemerchandisestore.com/ordercompleted.html
3808964.8830918987,begin_checkout,1608902351360227,https://shop.googlemerchandisestore.com/yourinfo.html
3808964.8830918987,begin_checkout,1608902351502434,https://shop.googlemerchandisestore.com/yourinfo.html
3808964.8830918987,begin_checkout,1608902351517191,https://shop.googlemerchandisestore.com/yourinfo.html
3808964.8830918987,purchase,1608902444628640,https://shop.googlemerchandisestore.com/ordercompleted.html
3810063772.2479894157,purchase,1606241317887768,https://shop.googlemerchandisestore.com/ordercompleted.html
38120148.2885726823,purchase,1607379014097582,https://shop.googlemerchandisestore.com/ordercompleted.html
3817511.9866467352,view_item,1606199158892094,https://shop.googlemerchandisestore.com/Google+Redesign/Bags/Google+Mesh+Bag+Blue
3817511.9866467352,view_item,1606199191234545,https://shop.googlemerchandisestore.com/Google+Redesign/Bags/Google+Mesh+Bag+Blue
3821554.9305104939,purchase,1609112077411728,https://shop.googlemerchandisestore.com/ordercompleted.html
38282273.1536713376,purchase,1606289392000427,https://shop.googlemerchandisestore.com/ordercompleted.html
38310647.6108465759,purchase,1607947537240008,https://shop.googlemerchandisestore.com/ordercompleted.html
38310647.6108465759,purchase,1607948310430010,https://shop.googlemerchandisestore.com/ordercompleted.html
3833171.6184728360,purchase,1607307429579447,https://shop.googlemerchandisestore.com/ordercompleted.html
3833171.6184728360,purchase,1607308621596276,https://shop.googlemerchandisestore.com/ordercompleted.html
38411914.4791743908,purchase,1607936617935786,https://shop.googlemerchandisestore.com/ordercompleted.html
38420537.7216639441,purchase,1605880587806822,https://shop.googlemerchandisestore.com/ordercompleted.html
38420537.7216639441,purchase,1605880587957509,https://shop.googlemerchandisestore.com/ordercompleted.html
38464629.8960208190,purchase,1605891406589800,https://shop.googlemerchandisestore.com/ordercompleted.html
3855802.7614622201,add_to_cart,1607043930174920,https://shop.googlemerchandisestore.com/Google+Redesign/Shop+by+Brand
38579036.9404376300,purchase,1607357769905837,https://shop.googlemerchandisestore.com/ordercompleted.html
38579036.9404376300,purchase,1607358137943936,https://shop.googlemerchandisestore.com/ordercompleted.html
38579036.9404376300,purchase,1607358317010364,https://shop.googlemerchandisestore.com/ordercompleted.html
38579036.9404376300,purchase,1607358465771372,https://shop.googlemerchandisestore.com/ordercompleted.html
38597663.4917826189,purchase,1606200433374834,https://shop.googlemerchandisestore.com/ordercompleted.html
38597663.4917826189,purchase,1606200433413368,https://shop.googlemerchandisestore.com/ordercompleted.html
38689221.9127976575,begin_checkout,1608580016047075,https://shop.googlemerchandisestore.com/yourinfo.html
38689221.9127976575,begin_checkout,1608580016218555,https://shop.googlemerchandisestore.com/yourinfo.html
38689221.9127976575,begin_checkout,1608580016234393,https://shop.googlemerchandisestore.com/yourinfo.html
38689221.9127976575,begin_checkout,1608580196384752,https://shop.googlemerchandisestore.com/yourinfo.html
38689221.9127976575,begin_checkout,1608580196451558,https://shop.googlemerchandisestore.com/yourinfo.html
38689221.9127976575,begin_checkout,1608580196461874,https://shop.googlemerchandisestore.com/yourinfo.html
38693124.8629644455,purchase,1608664113384733,https://shop.googlemerchandisestore.com/ordercompleted.html
38940697.0285959050,purchase,1608680210988063,https://shop.googlemerchandisestore.com/ordercompleted.html
39055352.8212242473,purchase,1606266691151420,https://shop.googlemerchandisestore.com/ordercompleted.html
3915569.0674172470,view_item,1606221636319381,https://shop.googlemerchandisestore.com/Google+Redesign/Lifestyle/Google+Bear+Baby+Blanket+Beige
3915569.0674172470,view_item,1606221677657903,https://shop.googlemerchandisestore.com/Google+Redesign/Lifestyle/Google+Bear+Baby+Blanket+Beige
3925352.7354106331,purchase,1605592669188256,https://shop.googlemerchandisestore.com/ordercompleted.html
3933089.0445454866,begin_checkout,1608579508970068,https://shop.googlemerchandisestore.com/yourinfo.html
3933089.0445454866,begin_checkout,1608579509184228,https://shop.googlemerchandisestore.com/yourinfo.html
3933089.0445454866,begin_checkout,1608579509249361,https://shop.googlemerchandisestore.com/yourinfo.html
3933089.0445454866,begin_checkout,1608579806815279,https://shop.googlemerchandisestore.com/yourinfo.html
3933089.0445454866,begin_checkout,1608579807112597,https://shop.googlemerchandisestore.com/yourinfo.html
3933089.0445454866,begin_checkout,1608579807128051,https://shop.googlemerchandisestore.com/yourinfo.html
39355591.8399830036,purchase,1606760690019675,https://shop.googlemerchandisestore.com/ordercompleted.html
3938933.9449134391,purchase,1606533856563012,https://shop.googlemerchandisestore.com/ordercompleted.html
3947154.5391055800,view_item,1606234948603617,https://shop.googlemerchandisestore.com/Google+Redesign/Apparel/Google+Raincoat+Navy
3949544.2182643123,add_to_cart,1607040513233842,https://shop.googlemerchandisestore.com/Google+Redesign/Apparel/Mens
3949544.2182643123,add_to_cart,1607040521048464,https://shop.googlemerchandisestore.com/Google+Redesign/Apparel/Mens
3949544.2182643123,purchase,1607040603161156,https://shop.googlemerchandisestore.com/ordercompleted.html
39520514.9339206269,purchase,1605831694759841,https://shop.googlemerchandisestore.com/ordercompleted.html
39520514.9339206269,purchase,1605831694794044,https://shop.googlemerchandisestore.com/ordercompleted.html
39602761.4128729087,purchase,1605914284628079,https://shop.googlemerchandisestore.com/ordercompleted.html
39602761.4128729087,purchase,1605914284650386,https://shop.googlemerchandisestore.com/ordercompleted.html
39602761.4128729087,purchase,1608239583992603,https://shop.googlemerchandisestore.com/ordercompleted.html
39631980.9180761075,purchase,1607355881542783,https://shop.googlemerchandisestore.com/ordercompleted.html
39689879.5114355808,purchase,1608238749815903,https://shop.googlemerchandisestore.com/ordercompleted.html
39816785.0776255763,purchase,1606339628286322,https://shop.googlemerchandisestore.com/ordercompleted.html
39816785.0776255763,purchase,1606339904904344,https://shop.googlemerchandisestore.com/ordercompleted.html
39913337.5078425632,purchase,1605603071544066,https://shop.googlemerchandisestore.com/ordercompleted.html
3992214.0329365184,purchase,1608225282698271,https://shop.googlemerchandisestore.com/ordercompleted.html
4004821.1634262975,view_item,1606249229451686,https://shop.googlemerchandisestore.com/Google+Redesign/Electronics/Accessories/Keyboard+DOT+Sticker.axd
40059472.6231450399,begin_checkout,1608904196698374,https://shop.googlemerchandisestore.com/yourinfo.html
40059472.6231450399,begin_checkout,1608904196835576,https://shop.googlemerchandisestore.com/yourinfo.html
40059472.6231450399,begin_checkout,1608904196848068,https://shop.googlemerchandisestore.com/yourinfo.html
40059472.6231450399,begin_checkout,1608904813261064,https://shop.googlemerchandisestore.com/yourinfo.html
40059472.6231450399,begin_checkout,1608904813345371,https://shop.googlemerchandisestore.com/yourinfo.html
40059472.6231450399,begin_checkout,1608904813356286,https://shop.googlemerchandisestore.com/yourinfo.html
40059472.6231450399,begin_checkout,1608904837671746,https://shop.googlemerchandisestore.com/yourinfo.html
40059472.6231450399,begin_checkout,1608904837736229,https://shop.googlemerchandisestore.com/yourinfo.html
40059472.6231450399,begin_checkout,1608904837749795,https://shop.googlemerchandisestore.com/yourinfo.html
40059472.6231450399,begin_checkout,1608905255643672,https://shop.googlemerchandisestore.com/yourinfo.html
40059472.6231450399,begin_checkout,1608905255730935,https://shop.googlemerchandisestore.com/yourinfo.html
40059472.6231450399,begin_checkout,1608905255742105,https://shop.googlemerchandisestore.com/yourinfo.html
40059472.6231450399,purchase,1608905313725567,https://shop.googlemerchandisestore.com/ordercompleted.html
4006408.4191828877,purchase,1606575332527709,https://shop.googlemerchandisestore.com/ordercompleted.html
40073340.7794376474,purchase,1606224652375524,https://shop.googlemerchandisestore.com/ordercompleted.html
4021523.4328735122,add_to_cart,1607074239910277,https://shop.googlemerchandisestore.com/Google+Redesign/Lifestyle/Drinkware
4021523.4328735122,add_to_cart,1607074334198123,https://shop.googlemerchandisestore.com/Google+Redesign/Stationery/Notebooks
4021523.4328735122,add_to_cart,1607074414213678,https://shop.googlemerchandisestore.com/Google+Redesign/Stationery/Notebooks
4021523.4328735122,add_to_cart,1607074633778555,https://shop.googlemerchandisestore.com/Google+Redesign/Clearance
4021523.4328735122,add_to_cart,1607074882466129,https://shop.googlemerchandisestore.com/Google+Redesign/Stationery
4021523.4328735122,add_to_cart,1607074960906795,https://shop.googlemerchandisestore.com/Google+Redesign/Stationery/Writing
4021523.4328735122,add_to_cart,1607075475538887,https://shop.googlemerchandisestore.com/Google+Redesign/Lifestyle/Small+Goods
4021523.4328735122,add_to_cart,1607075601126237,https://shop.googlemerchandisestore.com/Google+Redesign/Lifestyle/Small+Goods
4021523.4328735122,add_to_cart,1607075783255180,https://shop.googlemerchandisestore.com/store.html
4021523.4328735122,add_to_cart,1607075815569009,https://shop.googlemerchandisestore.com/store.html
4021523.4328735122,add_to_cart,1607075892573339,https://shop.googlemerchandisestore.com/Google+Redesign/Stationery/Notebooks
40280978.2975171300,begin_checkout,1608564722485362,https://shop.googlemerchandisestore.com/yourinfo.html
40280978.2975171300,begin_checkout,1608564722918386,https://shop.googlemerchandisestore.com/yourinfo.html
40280978.2975171300,begin_checkout,1608564722975405,https://shop.googlemerchandisestore.com/yourinfo.html
4031468.2204724824,purchase,1605231377870367,https://shop.googlemerchandisestore.com/ordercompleted.html
40346918.5536032263,purchase,1605580021491284,https://shop.googlemerchandisestore.com/ordercompleted.html
40360384.0007417112,purchase,1608186586727487,https://shop.googlemerchandisestore.com/ordercompleted.html
4042858.3888779946,purchase,1606201420951766,https://shop.googlemerchandisestore.com/ordercompleted.html
4042858.3888779946,purchase,1606201421008761,https://shop.googlemerchandisestore.com/ordercompleted.html
4049303306.2165018214,purchase,1607307733377734,https://shop.googlemerchandisestore.com/ordercompleted.html
40499246.5701945231,begin_checkout,1608567669978541,https://shop.googlemerchandisestore.com/yourinfo.html
40499246.5701945231,begin_checkout,1608567670231277,https://shop.googlemerchandisestore.com/yourinfo.html
40499246.5701945231,begin_checkout,1608567670247694,https://shop.googlemerchandisestore.com/yourinfo.html
40499246.5701945231,begin_checkout,1608567715206054,https://shop.googlemerchandisestore.com/yourinfo.html
40499246.5701945231,begin_checkout,1608567715450416,https://shop.googlemerchandisestore.com/yourinfo.html
40499246.5701945231,begin_checkout,1608567715479470,https://shop.googlemerchandisestore.com/yourinfo.html
40499246.5701945231,purchase,1608567826294815,https://shop.googlemerchandisestore.com/ordercompleted.html
4055961.2903422421,view_item,1606228967212909,https://shop.googlemerchandisestore.com/Google+Redesign/Drinkware/Stainless+Bent+Straw+and+Cleaner
4055961.2903422421,view_item,1606229016814066,https://shop.googlemerchandisestore.com/Google+RMG+Redesign/Lifestyle/Mural+Food+Container
4055961.2903422421,view_item,1606229129115619,https://shop.googlemerchandisestore.com/Google+Redesign/Accessories/Google+LoveHandle+Black
4055961.2903422421,view_item,1606229150153159,https://shop.googlemerchandisestore.com/Google+Redesign/Accessories/Google+See+no+hear+no+set
4055961.2903422421,view_item,1606229163137284,https://shop.googlemerchandisestore.com/Google+Redesign/Accessories/Google+Small+Cable+Organizer+Blue
4055961.2903422421,view_item,1606229220167463,https://shop.googlemerchandisestore.com/Google+Redesign/Small+Goods/Mommy+Works+at+Google+Book
4055961.2903422421,view_item,1606229240122904,https://shop.googlemerchandisestore.com/Google+Redesign/Small+Goods/Daddy+Works+at+Google+Book
4055961.2903422421,view_item,1606229397156798,https://shop.googlemerchandisestore.com/Google+Redesign/Accessories/Google+Utensil+Set
4055961.2903422421,view_item,1606240804608849,https://shop.googlemerchandisestore.com/Google+Redesign/Lifestyle/Google+Bear+Baby+Blanket+Beige
4055961.2903422421,view_item,1606240832954295,https://shop.googlemerchandisestore.com/Google+Redesign/Google+Land+and+Sea+Tech+Taco
4055961.2903422421,purchase,1606241726439191,https://shop.googlemerchandisestore.com/ordercompleted.html
4057017.7445500408,purchase,1607965126118826,https://shop.googlemerchandisestore.com/ordercompleted.html
40733555.3406191674,purchase,1607337890095711,https://shop.googlemerchandisestore.com/ordercompleted.html
4076743.7906823551,view_item,1606242445230939,https://shop.googlemerchandisestore.com/Google+Redesign/Apparel/Google+Youth+FC+Zip+Hoodie
4076743.7906823551,view_item,1606242475044391,https://shop.googlemerchandisestore.com/Google+Redesign/Apparel/Google+Youth+Hero+Tee+Maroon
4076743.7906823551,view_item,1606242505371040,https://shop.googlemerchandisestore.com/Google+Redesign/Apparel/Android+Pocket+Youth+Tee+Navy
4076743.7906823551,view_item,1606242519810741,https://shop.googlemerchandisestore.com/Google+Redesign/Apparel/Google+Google+Kids+Playful+Tee
4076743.7906823551,view_item,1606242538018421,https://shop.googlemerchandisestore.com/Google+Redesign/Apparel/Android+Pocket+Youth+Tee+Green
4076743.7906823551,view_item,1606242582238399,https://shop.googlemerchandisestore.com/Google+Redesign/Apparel/Google+Youth+Jumbo+Print+Tee+White
4076743.7906823551,view_item,1606242617709036,https://shop.googlemerchandisestore.com/Google+Redesign/Apparel/Google+Tonal+Tee+Coral
4076743.7906823551,view_item,1606242655204354,https://shop.googlemerchandisestore.com/Google+Redesign/ApparelGoogle+Beekeepers+Tee+Mint
4076743.7906823551,view_item,1606242697796657,https://shop.googlemerchandisestore.com/Google+Redesign/Drinkware/Android+Buoy+Bottle
4087853.4038187978,add_to_cart,1607069163185066,https://shop.googlemerchandisestore.com/Google+Redesign/Clearance
4087853.4038187978,add_to_cart,1607069196685240,https://shop.googlemerchandisestore.com/Google+Redesign/Clearance
4087853.4038187978,add_to_cart,1607069202238458,https://shop.googlemerchandisestore.com/Google+Redesign/Clearance
4087853.4038187978,add_to_cart,1607069208896330,https://shop.googlemerchandisestore.com/Google+Redesign/Clearance
4087853.4038187978,add_to_cart,1607069227363369,https://shop.googlemerchandisestore.com/Google+Redesign/Clearance
4087853.4038187978,add_to_cart,1607069246292865,https://shop.googlemerchandisestore.com/Google+Redesign/Clearance
4087853.4038187978,add_to_cart,1607069259314646,https://shop.googlemerchandisestore.com/Google+Redesign/Clearance
4087853.4038187978,add_to_cart,1607069278921616,https://shop.googlemerchandisestore.com/Google+Redesign/Clearance
4087853.4038187978,add_to_cart,1607069407582383,https://shop.googlemerchandisestore.com/Google+Redesign/Clearance
40901811.1171290722,purchase,1607078699388506,https://shop.googlemerchandisestore.com/ordercompleted.html
4093390.4018374057,purchase,1605841275295555,https://shop.googlemerchandisestore.com/ordercompleted.html
4093390.4018374057,purchase,1605841275329236,https://shop.googlemerchandisestore.com/ordercompleted.html
4096423.2647740834,purchase,1606744980328429,https://shop.googlemerchandisestore.com/ordercompleted.html
40980474.3890528687,begin_checkout,1608900816929475,https://shop.googlemerchandisestore.com/yourinfo.html
40980474.3890528687,begin_checkout,1608900817011113,https://shop.googlemerchandisestore.com/yourinfo.html
40980474.3890528687,begin_checkout,1608900817022098,https://shop.googlemerchandisestore.com/yourinfo.html
40980474.3890528687,begin_checkout,1608901035477474,https://shop.googlemerchandisestore.com/yourinfo.html
40980474.3890528687,begin_checkout,1608901035534135,https://shop.googlemerchandisestore.com/yourinfo.html
40980474.3890528687,begin_checkout,1608901035542435,https://shop.googlemerchandisestore.com/yourinfo.html
40980474.3890528687,begin_checkout,1608901093037570,https://shop.googlemerchandisestore.com/yourinfo.html
40980474.3890528687,begin_checkout,1608901093118358,https://shop.googlemerchandisestore.com/yourinfo.html
40980474.3890528687,begin_checkout,1608901093129482,https://shop.googlemerchandisestore.com/yourinfo.html
40980474.3890528687,begin_checkout,1608901336746129,https://shop.googlemerchandisestore.com/yourinfo.html
40980474.3890528687,begin_checkout,1608901336802386,https://shop.googlemerchandisestore.com/yourinfo.html
40980474.3890528687,begin_checkout,1608901336816340,https://shop.googlemerchandisestore.com/yourinfo.html
40980474.3890528687,purchase,1608901411464180,https://shop.googlemerchandisestore.com/ordercompleted.html
4103364.9302246103,purchase,1605256826339781,https://shop.googlemerchandisestore.com/ordercompleted.html
4103910.2839140013,view_item,1606212303242840,https://shop.googlemerchandisestore.com/Google+Redesign/Office/Google+Pen+White
4108803108.5870431970,purchase,1607333681381275,https://shop.googlemerchandisestore.com/ordercompleted.html
41102711.3636908428,add_to_cart,1607065149984890,https://shop.googlemerchandisestore.com/Google+Redesign/Apparel/Socks
4116330.8284421143,add_to_cart,1607053359064064,https://shop.googlemerchandisestore.com/Google+Redesign/Clearance
4116330.8284421143,add_to_cart,1607053368089702,https://shop.googlemerchandisestore.com/Google+Redesign/Clearance
4116330.8284421143,add_to_cart,1607053464268479,https://shop.googlemerchandisestore.com/Google+Redesign/Clearance
4116330.8284421143,add_to_cart,1607053676500341,https://shop.googlemerchandisestore.com/Google+Redesign/Apparel/Mens
4116330.8284421143,add_to_cart,1607053747316217,https://shop.googlemerchandisestore.com/Google+Redesign/Clearance
4116330.8284421143,add_to_cart,1607053754633331,https://shop.googlemerchandisestore.com/Google+Redesign/Clearance
4116330.8284421143,add_to_cart,1607053803569973,https://shop.googlemerchandisestore.com/Google+Redesign/Clearance
4116330.8284421143,add_to_cart,1607053812308073,https://shop.googlemerchandisestore.com/Google+Redesign/Clearance
4116330.8284421143,add_to_cart,1607054111128429,https://shop.googlemerchandisestore.com/store.html
4116330.8284421143,add_to_cart,1607054119170804,https://shop.googlemerchandisestore.com/store.html
4116330.8284421143,add_to_cart,1607054127062301,https://shop.googlemerchandisestore.com/store.html
4116825.4321746815,view_item,1606180893843294,https://shop.googlemerchandisestore.com/Google+Redesign/Super+G+Unisex+Joggers
4116825.4321746815,purchase,1608164832393375,https://shop.googlemerchandisestore.com/ordercompleted.html
4116825.4321746815,purchase,1608165194347932,https://shop.googlemerchandisestore.com/ordercompleted.html
4116825.4321746815,purchase,1608187632565551,https://shop.googlemerchandisestore.com/ordercompleted.html
4116825.4321746815,purchase,1608188018411522,https://shop.googlemerchandisestore.com/ordercompleted.html
4116825.4321746815,purchase,1608188224595891,https://shop.googlemerchandisestore.com/ordercompleted.html
4116825.4321746815,purchase,1608188377695183,https://shop.googlemerchandisestore.com/ordercompleted.html
4116825.4321746815,purchase,1608188565957409,https://shop.googlemerchandisestore.com/ordercompleted.html
4116825.4321746815,purchase,1608188736391443,https://shop.googlemerchandisestore.com/ordercompleted.html
41170608.3749741399,begin_checkout,1608566896131268,https://shop.googlemerchandisestore.com/yourinfo.html
41170608.3749741399,begin_checkout,1608566896255075,https://shop.googlemerchandisestore.com/yourinfo.html
41170608.3749741399,begin_checkout,1608566896268977,https://shop.googlemerchandisestore.com/yourinfo.html
41170608.3749741399,purchase,1608567081670177,https://shop.googlemerchandisestore.com/ordercompleted.html
4118528.2594121459,add_to_cart,1607041889594252,https://shop.googlemerchandisestore.com/Google+Redesign/Apparel/Mens
4118528.2594121459,add_to_cart,1607041893029006,https://shop.googlemerchandisestore.com/Google+Redesign/Apparel/Mens
41219861.0962256916,purchase,1606264293442389,https://shop.googlemerchandisestore.com/ordercompleted.html
41280451.5966697273,purchase,1606289164416698,https://shop.googlemerchandisestore.com/ordercompleted.html
4128126.1844504539,view_item,1606180567213389,https://shop.googlemerchandisestore.com/Google+Redesign/Office/Google+Google+Color+Block+Notebook
41365261.9493282861,purchase,1607355448599982,https://shop.googlemerchandisestore.com/ordercompleted.html
4138636.4341461287,begin_checkout,1608863458376447,https://shop.googlemerchandisestore.com/yourinfo.html
4138636.4341461287,begin_checkout,1608863458757717,https://shop.googlemerchandisestore.com/yourinfo.html
4138636.4341461287,begin_checkout,1608863458765596,https://shop.googlemerchandisestore.com/yourinfo.html
4149245.7981707612,view_item,1606255871476032,https://shop.googlemerchandisestore.com/Google+Redesign/Stationery/YouTube+Jotter+Task+Pad
4149245.7981707612,view_item,1606255997477631,https://shop.googlemerchandisestore.com/Google+Redesign/Apparel/YouTube+Transmission+Journal+Red
4150239.8062420238,add_to_cart,1607059197119937,https://shop.googlemerchandisestore.com/Google+Redesign/Lifestyle/Small+Goods
4150239.8062420238,add_to_cart,1607059202178526,https://shop.googlemerchandisestore.com/Google+Redesign/Lifestyle/Small+Goods
41505885.3117323516,add_to_cart,1607044954953717,https://shop.googlemerchandisestore.com/store.html
41505885.3117323516,add_to_cart,1607118025304183,https://shop.googlemerchandisestore.com/store.html
41651272.6663629996,purchase,1607965926874624,https://shop.googlemerchandisestore.com/ordercompleted.html
4181862.5710073931,purchase,1607058112415453,https://shop.googlemerchandisestore.com/ordercompleted.html
4186517.6481556302,add_to_cart,1607045389772573,https://shop.googlemerchandisestore.com/Google+Redesign/Clearance
4186517.6481556302,add_to_cart,1607045397016179,https://shop.googlemerchandisestore.com/Google+Redesign/Clearance
4186517.6481556302,add_to_cart,1607045402282417,https://shop.googlemerchandisestore.com/Google+Redesign/Clearance
4186517.6481556302,add_to_cart,1607045423300093,https://shop.googlemerchandisestore.com/Google+Redesign/Clearance
4186517.6481556302,add_to_cart,1607045431085898,https://shop.googlemerchandisestore.com/Google+Redesign/Clearance
4186517.6481556302,add_to_cart,1607045457273994,https://shop.googlemerchandisestore.com/Google+Redesign/Clearance
4186517.6481556302,add_to_cart,1607045551222843,https://shop.googlemerchandisestore.com/Google+Redesign/Clearance
4186517.6481556302,purchase,1607045949292770,https://shop.googlemerchandisestore.com/ordercompleted.html
4186566475.6049578820,begin_checkout,1608587414053593,https://shop.googlemerchandisestore.com/yourinfo.html
4186566475.6049578820,begin_checkout,1608587414561366,https://shop.googlemerchandisestore.com/yourinfo.html
4186566475.6049578820,begin_checkout,1608587414618945,https://shop.googlemerchandisestore.com/yourinfo.html
4186566475.6049578820,begin_checkout,1608587464907330,https://shop.googlemerchandisestore.com/yourinfo.html
4186566475.6049578820,begin_checkout,1608587464989185,https://shop.googlemerchandisestore.com/yourinfo.html
4186566475.6049578820,begin_checkout,1608587464994774,https://shop.googlemerchandisestore.com/yourinfo.html
4186566475.6049578820,begin_checkout,1608587484379055,https://shop.googlemerchandisestore.com/yourinfo.html
4186566475.6049578820,begin_checkout,1608587484835102,https://shop.googlemerchandisestore.com/yourinfo.html
4186566475.6049578820,begin_checkout,1608587484835263,https://shop.googlemerchandisestore.com/yourinfo.html
4186566475.6049578820,purchase,1608587595694767,https://shop.googlemerchandisestore.com/ordercompleted.html
41904644.7032979505,purchase,1606187044833087,https://shop.googlemerchandisestore.com/ordercompleted.html
41904644.7032979505,purchase,1606187044881882,https://shop.googlemerchandisestore.com/ordercompleted.html
4191504.8974147364,purchase,1608138827302332,https://shop.googlemerchandisestore.com/ordercompleted.html
42091261.9216222861,purchase,1607369438007386,https://shop.googlemerchandisestore.com/ordercompleted.html
42167462.4250653874,purchase,1608139061421834,https://shop.googlemerchandisestore.com/ordercompleted.html
42202949.1792651105,purchase,1608157226033753,https://shop.googlemerchandisestore.com/ordercompleted.html
4225728.0151759118,purchase,1607111198102479,https://shop.googlemerchandisestore.com/ordercompleted.html
4225728.0151759118,purchase,1607111523932091,https://shop.googlemerchandisestore.com/ordercompleted.html
4233545.8359021426,add_to_cart,1607066311331665,https://shop.googlemerchandisestore.com/Google+Redesign/Apparel/Womens
4233545.8359021426,add_to_cart,1607066478495061,https://shop.googlemerchandisestore.com/Google+Redesign/Apparel/Kids
42345555.1307000410,purchase,1609112548532381,https://shop.googlemerchandisestore.com/ordercompleted.html
42372741.7725745796,purchase,1609071626557113,https://shop.googlemerchandisestore.com/ordercompleted.html
42393609.9505932976,purchase,1607066448544568,https://shop.googlemerchandisestore.com/ordercompleted.html
4243708.2068286631,add_to_cart,1607074714878811,https://shop.googlemerchandisestore.com/Google+Redesign/Apparel/Kids
4243708.2068286631,add_to_cart,1607074732979627,https://shop.googlemerchandisestore.com/Google+Redesign/Apparel/Kids
4243708.2068286631,purchase,1607075101893562,https://shop.googlemerchandisestore.com/ordercompleted.html
4248989.9848824091,view_item,1606260080952323,https://shop.googlemerchandisestore.com/Google+Redesign/Drinkware/Google+Cork+Base+Tumbler
42669696.4294515505,purchase,1606715245717205,https://shop.googlemerchandisestore.com/ordercompleted.html
4268698.4893393516,view_item,1606247447722419,https://shop.googlemerchandisestore.com/Google+Redesign/Accessories/Google+NYC+Campus+Sticker
4268698.4893393516,purchase,1606247864140636,https://shop.googlemerchandisestore.com/ordercompleted.html
42744232.1088543265,purchase,1607360551556552,https://shop.googlemerchandisestore.com/ordercompleted.html
42744232.1088543265,purchase,1607361046025541,https://shop.googlemerchandisestore.com/ordercompleted.html
42744232.1088543265,purchase,1607361626157669,https://shop.googlemerchandisestore.com/ordercompleted.html
42744232.1088543265,purchase,1607362076495509,https://shop.googlemerchandisestore.com/ordercompleted.html
42744232.1088543265,purchase,1607377647903400,https://shop.googlemerchandisestore.com/ordercompleted.html
42744232.1088543265,purchase,1607378513170575,https://shop.googlemerchandisestore.com/ordercompleted.html
42744232.1088543265,purchase,1607378728453650,https://shop.googlemerchandisestore.com/ordercompleted.html
42744232.1088543265,purchase,1607378865686451,https://shop.googlemerchandisestore.com/ordercompleted.html
42744232.1088543265,purchase,1607378958702055,https://shop.googlemerchandisestore.com/ordercompleted.html
42803854.7029077775,purchase,1607365993074563,https://shop.googlemerchandisestore.com/ordercompleted.html
4284305324.1896487358,purchase,1606233990493627,https://shop.googlemerchandisestore.com/ordercompleted.html
42898775.5372388229,purchase,1606711860996658,https://shop.googlemerchandisestore.com/ordercompleted.html
4295503.4410846501,purchase,1605283525110296,https://shop.googlemerchandisestore.com/ordercompleted.html
4297256.3583247994,purchase,1608110177468771,https://shop.googlemerchandisestore.com/ordercompleted.html
4300488.4056873382,add_to_cart,1607071373916279,https://shop.googlemerchandisestore.com/Google+Redesign/Apparel/Mens
4300488.4056873382,add_to_cart,1607071430102001,https://shop.googlemerchandisestore.com/Google+Redesign/Apparel/Socks
4300488.4056873382,add_to_cart,1607071441878998,https://shop.googlemerchandisestore.com/Google+Redesign/Apparel/Socks
43046171.3957940556,purchase,1605619601991318,https://shop.googlemerchandisestore.com/ordercompleted.html
43084392.6309586985,begin_checkout,1608548190309227,https://shop.googlemerchandisestore.com/yourinfo.html
43084392.6309586985,begin_checkout,1608548190429327,https://shop.googlemerchandisestore.com/yourinfo.html
43084392.6309586985,begin_checkout,1608548190436808,https://shop.googlemerchandisestore.com/yourinfo.html
43084392.6309586985,begin_checkout,1608548310324519,https://shop.googlemerchandisestore.com/yourinfo.html
43084392.6309586985,begin_checkout,1608548310336185,https://shop.googlemerchandisestore.com/yourinfo.html
43084392.6309586985,begin_checkout,1608548310353298,https://shop.googlemerchandisestore.com/yourinfo.html
43084392.6309586985,begin_checkout,1608548607081434,https://shop.googlemerchandisestore.com/yourinfo.html
43084392.6309586985,begin_checkout,1608548607093886,https://shop.googlemerchandisestore.com/yourinfo.html
43084392.6309586985,begin_checkout,1608548607101588,https://shop.googlemerchandisestore.com/yourinfo.html
43084392.6309586985,purchase,1608548647622702,https://shop.googlemerchandisestore.com/ordercompleted.html
4316193.2547744108,view_item,1606213745198560,https://shop.googlemerchandisestore.com/Google+Redesign/Campus+Collection/Google+Sunnyvale+Campus+Zip+Hoodie
4325314.4909952472,purchase,1606542242106535,https://shop.googlemerchandisestore.com/ordercompleted.html
43259288.5905790888,purchase,1607107316487059,https://shop.googlemerchandisestore.com/ordercompleted.html
4327054.6013924240,add_to_cart,1607100926402597,https://shop.googlemerchandisestore.com/Google+Redesign/Apparel/Womens
4327054.6013924240,add_to_cart,1607100966571460,https://shop.googlemerchandisestore.com/Google+Redesign/Apparel/Womens
4327054.6013924240,add_to_cart,1607100998226057,https://shop.googlemerchandisestore.com/Google+Redesign/Apparel/Womens
4327054.6013924240,add_to_cart,1607101005318461,https://shop.googlemerchandisestore.com/Google+Redesign/Apparel/Womens
4327054.6013924240,purchase,1607101577174401,https://shop.googlemerchandisestore.com/ordercompleted.html
4327707.3138884195,purchase,1606759406145579,https://shop.googlemerchandisestore.com/ordercompleted.html
4335558.7768891561,add_to_cart,1607068177811983,https://shop.googlemerchandisestore.com/Google+Redesign/Clearance
4335558.7768891561,add_to_cart,1607068206362443,https://shop.googlemerchandisestore.com/Google+Redesign/Clearance
4335558.7768891561,add_to_cart,1607068219006149,https://shop.googlemerchandisestore.com/Google+Redesign/Clearance
4335558.7768891561,add_to_cart,1607068282106519,https://shop.googlemerchandisestore.com/Google+Redesign/Clearance
4335558.7768891561,add_to_cart,1607068327424549,https://shop.googlemerchandisestore.com/Google+Redesign/Apparel/Mens
4335558.7768891561,add_to_cart,1607068347139529,https://shop.googlemerchandisestore.com/Google+Redesign/Apparel/Mens
4335558.7768891561,add_to_cart,1607068374228523,https://shop.googlemerchandisestore.com/Google+Redesign/Stationery/Notebooks
4335558.7768891561,add_to_cart,1607068385877449,https://shop.googlemerchandisestore.com/Google+Redesign/Stationery/Notebooks
4335558.7768891561,purchase,1607069549774699,https://shop.googlemerchandisestore.com/ordercompleted.html
43491287.8048650889,begin_checkout,1608562841470819,https://shop.googlemerchandisestore.com/yourinfo.html
43491287.8048650889,begin_checkout,1608562841516705,https://shop.googlemerchandisestore.com/yourinfo.html
43491287.8048650889,begin_checkout,1608562841516958,https://shop.googlemerchandisestore.com/yourinfo.html
43491287.8048650889,begin_checkout,1608562898710914,https://shop.googlemerchandisestore.com/yourinfo.html
43491287.8048650889,begin_checkout,1608562898752145,https://shop.googlemerchandisestore.com/yourinfo.html
43491287.8048650889,begin_checkout,1608562898760318,https://shop.googlemerchandisestore.com/yourinfo.html
43491287.8048650889,purchase,1608563082664026,https://shop.googlemerchandisestore.com/ordercompleted.html
4366554.6078100134,add_to_cart,1607075253213118,https://shop.googlemerchandisestore.com/Google+Redesign/Apparel/Socks
4366554.6078100134,add_to_cart,1607075283568116,https://shop.googlemerchandisestore.com/Google+Redesign/Lifestyle/Drinkware
4366554.6078100134,add_to_cart,1607075360090693,https://shop.googlemerchandisestore.com/Google+Redesign/Stationery/Notebooks
4366554.6078100134,purchase,1608218953179402,https://shop.googlemerchandisestore.com/ordercompleted.html
4366554.6078100134,purchase,1608219281575559,https://shop.googlemerchandisestore.com/ordercompleted.html
4366554.6078100134,purchase,1608219484906840,https://shop.googlemerchandisestore.com/ordercompleted.html
43719217.6938465168,purchase,1606747432659098,https://shop.googlemerchandisestore.com/ordercompleted.html
43925286.2421542089,purchase,1608093759366796,https://shop.googlemerchandisestore.com/ordercompleted.html
43930190.6916774543,purchase,1605579791535437,https://shop.googlemerchandisestore.com/ordercompleted.html
43966159.2083605981,begin_checkout,1608553215166055,https://shop.googlemerchandisestore.com/yourinfo.html
43966159.2083605981,begin_checkout,1608553215367581,https://shop.googlemerchandisestore.com/yourinfo.html
43966159.2083605981,begin_checkout,1608553215441128,https://shop.googlemerchandisestore.com/yourinfo.html
4396894.6112781516,purchase,1608224391861994,https://shop.googlemerchandisestore.com/ordercompleted.html
4396894.6112781516,purchase,1608645781767974,https://shop.googlemerchandisestore.com/ordercompleted.html
4405280.4717578167,purchase,1607370759675339,https://shop.googlemerchandisestore.com/ordercompleted.html
44220779.5067468026,purchase,1607327739178368,https://shop.googlemerchandisestore.com/ordercompleted.html
44227277.9722264913,purchase,1608601888905830,https://shop.googlemerchandisestore.com/ordercompleted.html
4429575.3550051489,add_to_cart,1607082723210698,https://shop.googlemerchandisestore.com/Google+Redesign/Clearance
4429575.3550051489,add_to_cart,1607082730842422,https://shop.googlemerchandisestore.com/Google+Redesign/Clearance
4429575.3550051489,add_to_cart,1607083174395717,https://shop.googlemerchandisestore.com/Google+Redesign/Clearance
4429575.3550051489,add_to_cart,1607083439294038,https://shop.googlemerchandisestore.com/Google+Redesign/Shop+by+Brand/Android
4429575.3550051489,purchase,1607083672759087,https://shop.googlemerchandisestore.com/ordercompleted.html
44316604.1189096693,purchase,1608615639319059,https://shop.googlemerchandisestore.com/ordercompleted.html
4439067.5136465605,add_to_cart,1607092972983827,https://shop.googlemerchandisestore.com/Google+Redesign/Apparel/Mens
4449681.9212786049,purchase,1605839177924645,https://shop.googlemerchandisestore.com/ordercompleted.html
4449681.9212786049,purchase,1605839177973431,https://shop.googlemerchandisestore.com/ordercompleted.html
44574139.0210963180,purchase,1606228464251150,https://shop.googlemerchandisestore.com/ordercompleted.html
4463451705.5977494978,purchase,1607300673218228,https://shop.googlemerchandisestore.com/ordercompleted.html
4464438.3217455173,purchase,1608081453367117,https://shop.googlemerchandisestore.com/ordercompleted.html
4468716.9279152438,view_item,1606232167296715,https://shop.googlemerchandisestore.com/Google+Redesign/Super+G+Unisex+Joggers
4482460.5528133026,view_item,1606221609329093,https://shop.googlemerchandisestore.com/Google+Redesign/Accessories/Noogler+Android+Figure+2019
4482460.5528133026,view_item,1606221648549231,https://shop.googlemerchandisestore.com/Google+Redesign/Accessories/Noogler+Android+Figure+2019
44827519.0721046563,purchase,1607089520735436,https://shop.googlemerchandisestore.com/ordercompleted.html
4487780.9759536757,view_item,1606215106422825,https://shop.googlemerchandisestore.com/Google+Redesign/Apparel/Google+Tee+Red
4487780.9759536757,view_item,1606215119060556,https://shop.googlemerchandisestore.com/Google+Redesign/Apparel/Google+Black+Tee
4487780.9759536757,view_item,1606215129235319,https://shop.googlemerchandisestore.com/Google+Redesign/Apparel/Google+Tonal+Tee+Coral
4487780.9759536757,view_item,1606215139263058,https://shop.googlemerchandisestore.com/Google+Redesign/Apparel/Google+Tee+FC+Black
4487780.9759536757,view_item,1606215149132442,https://shop.googlemerchandisestore.com/Google+Redesign/Apparel/Google+Mountain+View+Tee+Red
4487780.9759536757,view_item,1606215153232184,https://shop.googlemerchandisestore.com/Google+Redesign/Apparel/Google+Mountain+View+Tee+Blue
4487780.9759536757,view_item,1606215165164833,https://shop.googlemerchandisestore.com/Google+Redesign/Apparel/Google+Tee+Dark+Blue
4496172.6192980454,view_item,1606211835117430,https://shop.googlemerchandisestore.com/Google+Redesign/Apparel/YouTube+Twill+Cap+Sandwich+Black
45048252.2420963640,begin_checkout,1608867649154557,https://shop.googlemerchandisestore.com/yourinfo.html
45048252.2420963640,begin_checkout,1608867649658337,https://shop.googlemerchandisestore.com/yourinfo.html
45048252.2420963640,begin_checkout,1608867649659400,https://shop.googlemerchandisestore.com/yourinfo.html
45048252.2420963640,begin_checkout,1608867740356837,https://shop.googlemerchandisestore.com/yourinfo.html
45048252.2420963640,begin_checkout,1608867740447555,https://shop.googlemerchandisestore.com/yourinfo.html
45048252.2420963640,begin_checkout,1608867740462026,https://shop.googlemerchandisestore.com/yourinfo.html
45048252.2420963640,purchase,1608867811742420,https://shop.googlemerchandisestore.com/ordercompleted.html
4512359.7827967805,view_item,1606213666851925,https://shop.googlemerchandisestore.com/Google+Redesign/Apparel/YouTube+Twill+Cap+Sandwich+Black
45237746.5667441680,purchase,1606530982491846,https://shop.googlemerchandisestore.com/ordercompleted.html
4528310.8249730232,view_item,1606240621301485,https://shop.googlemerchandisestore.com/Google+Redesign/Drinkware/Google+Super+G+Tumbler+Blue+Lid
45329201.6542192387,add_to_cart,1607043400827764,https://shop.googlemerchandisestore.com/asearch.html
45350993.6558584379,purchase,1605605452914810,https://shop.googlemerchandisestore.com/ordercompleted.html
45408917.7275708611,purchase,1606574853550780,https://shop.googlemerchandisestore.com/ordercompleted.html
45440207.6630333190,purchase,1606732078507254,https://shop.googlemerchandisestore.com/ordercompleted.html
45452162.3941392032,purchase,1608126280587984,https://shop.googlemerchandisestore.com/ordercompleted.html
4555820.1379098642,add_to_cart,1607057714854030,https://shop.googlemerchandisestore.com/Google+Redesign/Lifestyle/Drinkware
4555820.1379098642,add_to_cart,1607057724190450,https://shop.googlemerchandisestore.com/Google+Redesign/Lifestyle/Drinkware
4555820.1379098642,add_to_cart,1607057731714814,https://shop.googlemerchandisestore.com/Google+Redesign/Lifestyle/Drinkware
4570994.5660099908,purchase,1607967456227189,https://shop.googlemerchandisestore.com/ordercompleted.html
4574328.4761446902,view_item,1606187166598666,https://shop.googlemerchandisestore.com/Google+Redesign/Accessories/Noogler+Android+Figure+2019
4574328.4761446902,view_item,1606248282703514,https://shop.googlemerchandisestore.com/Google+Redesign/Accessories/Noogler+Android+Figure+2019
4578297.2888813807,add_to_cart,1607093393194592,https://shop.googlemerchandisestore.com/Google+Redesign/Apparel/Hats
45812920.1745374710,purchase,1607963700664853,https://shop.googlemerchandisestore.com/ordercompleted.html
4594297.6618190263,purchase,1605283965655117,https://shop.googlemerchandisestore.com/ordercompleted.html
4598956.2090906849,purchase,1608634527522648,https://shop.googlemerchandisestore.com/ordercompleted.html
4607573.3755007907,view_item,1606186444322004,https://shop.googlemerchandisestore.com/Google+Redesign/BLM+Unisex+Pullover+Hoodie
4607573.3755007907,view_item,1606186473523744,https://shop.googlemerchandisestore.com/Google+Redesign/Apparel/Google+Infant+Charcoal+Onesie
4607573.3755007907,view_item,1606186539913068,https://shop.googlemerchandisestore.com/Google+Redesign/Apparel/Google+Infant+Hero+Tee+Olive
4607573.3755007907,view_item,1606186588657586,https://shop.googlemerchandisestore.com/Google+Redesign/Apparel/Google+Infant+Charcoal+Onesie
4609442.9277670026,view_item,1606235175985023,https://shop.googlemerchandisestore.com/Google+Redesign/Accessories/Google+Campus+Bike
46104581.7287269838,purchase,1608213066650561,https://shop.googlemerchandisestore.com/ordercompleted.html
4612979.8417176355,purchase,1605231093635041,https://shop.googlemerchandisestore.com/ordercompleted.html
46234784.3243120445,purchase,1607084105306884,https://shop.googlemerchandisestore.com/ordercompleted.html
46252928.2409079037,purchase,1607118436701095,https://shop.googlemerchandisestore.com/ordercompleted.html
4638232.0352195209,purchase,1605623437353270,https://shop.googlemerchandisestore.com/ordercompleted.html
4645081.6751269573,purchase,1608197810510960,https://shop.googlemerchandisestore.com/ordercompleted.html
4651234.6787037490,purchase,1608198925105936,https://shop.googlemerchandisestore.com/ordercompleted.html
46589160.1790293902,purchase,1605619648883624,https://shop.googlemerchandisestore.com/ordercompleted.html
4661274.4897769266,purchase,1612042693988852,https://shop.googlemerchandisestore.com/ordercompleted.html
46622969.7099107810,purchase,1607060115282754,https://shop.googlemerchandisestore.com/ordercompleted.html
4670216.5107610379,add_to_cart,1607042244676005,https://shop.googlemerchandisestore.com/Google+Redesign/Apparel/Socks
4670216.5107610379,add_to_cart,1607042678365091,https://shop.googlemerchandisestore.com/Google+Redesign/Apparel/Hats
4670216.5107610379,add_to_cart,1607042687349893,https://shop.googlemerchandisestore.com/Google+Redesign/Apparel/Socks
4670216.5107610379,purchase,1607043359384279,https://shop.googlemerchandisestore.com/ordercompleted.html
46713699.8088713367,purchase,1606715371975130,https://shop.googlemerchandisestore.com/ordercompleted.html
46714149.5501637443,begin_checkout,1608558078727148,https://shop.googlemerchandisestore.com/yourinfo.html
46714149.5501637443,begin_checkout,1608558078781975,https://shop.googlemerchandisestore.com/yourinfo.html
46714149.5501637443,begin_checkout,1608558078787501,https://shop.googlemerchandisestore.com/yourinfo.html
46714149.5501637443,begin_checkout,1608558101444299,https://shop.googlemerchandisestore.com/yourinfo.html
46714149.5501637443,begin_checkout,1608558101551716,https://shop.googlemerchandisestore.com/yourinfo.html
46714149.5501637443,begin_checkout,1608558101556974,https://shop.googlemerchandisestore.com/yourinfo.html
46714149.5501637443,begin_checkout,1608558119834187,https://shop.googlemerchandisestore.com/yourinfo.html
46714149.5501637443,begin_checkout,1608558119927634,https://shop.googlemerchandisestore.com/yourinfo.html
46714149.5501637443,begin_checkout,1608558119933152,https://shop.googlemerchandisestore.com/yourinfo.html
46714149.5501637443,purchase,1608558195520093,https://shop.googlemerchandisestore.com/ordercompleted.html
46728708.0760649808,purchase,1605231912571923,https://shop.googlemerchandisestore.com/ordercompleted.html
4682716.1664917634,view_item,1606187857460680,https://shop.googlemerchandisestore.com/Google+Redesign/Small+Goods/Daddy+Works+at+Google+Book
4702179.3119635990,add_to_cart,1607094723654835,https://shop.googlemerchandisestore.com/Google+Redesign/Apparel/Hats
4707239.1008432127,purchase,1605862168416610,https://shop.googlemerchandisestore.com/ordercompleted.html
4707239.1008432127,purchase,1605862168441889,https://shop.googlemerchandisestore.com/ordercompleted.html
4707239.1008432127,purchase,1605862839845140,https://shop.googlemerchandisestore.com/ordercompleted.html
4707239.1008432127,purchase,1605862839866019,https://shop.googlemerchandisestore.com/ordercompleted.html
4708662.4152953682,add_to_cart,1607099261579695,https://shop.googlemerchandisestore.com/Google+Redesign/Apparel/Mens
4708662.4152953682,add_to_cart,1607099294319328,https://shop.googlemerchandisestore.com/Google+Redesign/Apparel/Mens
4708662.4152953682,add_to_cart,1607099398270382,https://shop.googlemerchandisestore.com/Google+Redesign/Apparel/Mens
4708662.4152953682,add_to_cart,1607099452862518,https://shop.googlemerchandisestore.com/Google+Redesign/Apparel/Mens
4708662.4152953682,purchase,1607099687947443,https://shop.googlemerchandisestore.com/ordercompleted.html
4709275.8875557274,purchase,1608115317719111,https://shop.googlemerchandisestore.com/ordercompleted.html
47123059.7487136972,purchase,1607985808666729,https://shop.googlemerchandisestore.com/ordercompleted.html
4730992.8722407824,begin_checkout,1608594487158812,https://shop.googlemerchandisestore.com/yourinfo.html
4730992.8722407824,begin_checkout,1608594487192579,https://shop.googlemerchandisestore.com/yourinfo.html
4730992.8722407824,begin_checkout,1608594487200902,https://shop.googlemerchandisestore.com/yourinfo.html
4730992.8722407824,begin_checkout,1608594864568996,https://shop.googlemerchandisestore.com/yourinfo.html
4730992.8722407824,begin_checkout,1608594864746124,https://shop.googlemerchandisestore.com/yourinfo.html
4730992.8722407824,begin_checkout,1608594864754972,https://shop.googlemerchandisestore.com/yourinfo.html
4730992.8722407824,purchase,1608595951668239,https://shop.googlemerchandisestore.com/ordercompleted.html
47320569.5663739973,purchase,1608188627482616,https://shop.googlemerchandisestore.com/ordercompleted.html
47411552.9654999884,add_to_cart,1607083172869880,https://shop.googlemerchandisestore.com/asearch.html
47411552.9654999884,purchase,1607083336546194,https://shop.googlemerchandisestore.com/ordercompleted.html
4759698.0893899584,view_item,1606228725194519,https://shop.googlemerchandisestore.com/Google+Redesign/Office/Google+Pen+Neon+Coral
47604125.6375976952,purchase,1606211102916327,https://shop.googlemerchandisestore.com/ordercompleted.html
47643991.6432442348,purchase,1607961762650142,https://shop.googlemerchandisestore.com/ordercompleted.html
4769532.2724009973,purchase,1608168989399326,https://shop.googlemerchandisestore.com/ordercompleted.html
4771492.6317553335,view_item,1606192516273665,https://shop.googlemerchandisestore.com/Google+Redesign/Lifestyle/Google+Bear+Baby+Blanket+Beige
4776410.5429224587,view_item,1606217405001727,https://shop.googlemerchandisestore.com/Google+Redesign/Drinkware/YouTube+Play+Mug
4777652.2980568851,purchase,1608145470167325,https://shop.googlemerchandisestore.com/ordercompleted.html
4780795.9777028932,view_item,1606212501338195,https://shop.googlemerchandisestore.com/Google+Redesign/Apparel/Flamingo+and+Friends+Tee+Blue
4782127.8379477531,purchase,1605913973214253,https://shop.googlemerchandisestore.com/ordercompleted.html
47827228.0917478260,add_to_cart,1607108578286889,https://shop.googlemerchandisestore.com/store.html
47827228.0917478260,add_to_cart,1607108787315319,https://shop.googlemerchandisestore.com/store.html
47832970.6690268280,purchase,1607104766687905,https://shop.googlemerchandisestore.com/ordercompleted.html
47832970.6690268280,purchase,1608665515774426,https://shop.googlemerchandisestore.com/ordercompleted.html
48154162.5010970818,purchase,1606728026275093,https://shop.googlemerchandisestore.com/ordercompleted.html
48159916.2278332378,purchase,1608111724848880,https://shop.googlemerchandisestore.com/ordercompleted.html
48159916.2278332378,purchase,1608112857380874,https://shop.googlemerchandisestore.com/ordercompleted.html
48339324.0547985746,purchase,1612010678377366,https://shop.googlemerchandisestore.com/ordercompleted.html
4866372.2502689559,view_item,1606214348259362,https://shop.googlemerchandisestore.com/Google+Redesign/Drinkware/Youtube+25oz+gear+cap+bottle+black
48838373.9495436619,purchase,1607983776595244,https://shop.googlemerchandisestore.com/ordercompleted.html
48879002.2084859201,purchase,1606279387967900,https://shop.googlemerchandisestore.com/ordercompleted.html
48907950.3864926902,purchase,1606253013980367,https://shop.googlemerchandisestore.com/ordercompleted.html
4891052.7770205544,begin_checkout,1608870795953679,https://shop.googlemerchandisestore.com/yourinfo.html
4891052.7770205544,begin_checkout,1608870796042347,https://shop.googlemerchandisestore.com/yourinfo.html
4891052.7770205544,begin_checkout,1608870796044749,https://shop.googlemerchandisestore.com/yourinfo.html
4891052.7770205544,begin_checkout,1608870824082465,https://shop.googlemerchandisestore.com/yourinfo.html
4891052.7770205544,begin_checkout,1608870824157123,https://shop.googlemerchandisestore.com/yourinfo.html
4891052.7770205544,begin_checkout,1608870824165870,https://shop.googlemerchandisestore.com/yourinfo.html
48950292.7220423425,purchase,1607327633169205,https://shop.googlemerchandisestore.com/ordercompleted.html
49060364.7793501464,purchase,1606327030095083,https://shop.googlemerchandisestore.com/ordercompleted.html
49129255.3105543415,purchase,1606317580230503,https://shop.googlemerchandisestore.com/ordercompleted.html
4915314.7588707209,purchase,1609051797745622,https://shop.googlemerchandisestore.com/ordercompleted.html
4921679.6988965991,purchase,1605847080977223,https://shop.googlemerchandisestore.com/ordercompleted.html
4926862.7997021695,purchase,1605236422328132,https://shop.googlemerchandisestore.com/ordercompleted.html
4930396.5461821948,purchase,1607926619814522,https://shop.googlemerchandisestore.com/ordercompleted.html
49354846.0718560012,purchase,1608094336021706,https://shop.googlemerchandisestore.com/ordercompleted.html
4939164.6753897903,purchase,1607052849462849,https://shop.googlemerchandisestore.com/ordercompleted.html
4947085.9387818903,purchase,1608148966320291,https://shop.googlemerchandisestore.com/ordercompleted.html
4951108.2778514025,purchase,1605657047548661,https://shop.googlemerchandisestore.com/ordercompleted.html
4951866.2739429239,view_item,1606226079501207,https://shop.googlemerchandisestore.com/Google+Redesign/Apparel/IamRemarkable+Ladies+T-Shirt
4951866.2739429239,view_item,1606226157625198,https://shop.googlemerchandisestore.com/Google+Redesign/Apparel/YouTube+Twill+Cap+Sandwich+Black
4951866.2739429239,view_item,1606226213851654,https://shop.googlemerchandisestore.com/Google+Redesign/Lifestyle/Fun/Google+Kick+Ball.axd
4956831.5685051736,purchase,1606773203757235,https://shop.googlemerchandisestore.com/ordercompleted.html
4958713.6586294189,purchase,1606258093639596,https://shop.googlemerchandisestore.com/ordercompleted.html
49625864.9176816663,purchase,1606551599016493,https://shop.googlemerchandisestore.com/ordercompleted.html
4977139.8804366424,begin_checkout,1608924693083065,https://shop.googlemerchandisestore.com/yourinfo.html
4977139.8804366424,begin_checkout,1608924693221101,https://shop.googlemerchandisestore.com/yourinfo.html
4977139.8804366424,begin_checkout,1608924693241591,https://shop.googlemerchandisestore.com/yourinfo.html
4977139.8804366424,purchase,1608924802650517,https://shop.googlemerchandisestore.com/ordercompleted.html
4977232.4990575638,purchase,1605837080068376,https://shop.googlemerchandisestore.com/ordercompleted.html
4977232.4990575638,purchase,1605837080155178,https://shop.googlemerchandisestore.com/ordercompleted.html
4983865.9578536501,purchase,1605246316819923,https://shop.googlemerchandisestore.com/ordercompleted.html
4983865.9578536501,purchase,1605247565324450,https://shop.googlemerchandisestore.com/ordercompleted.html
4983865.9578536501,purchase,1605247875316999,https://shop.googlemerchandisestore.com/ordercompleted.html
4983865.9578536501,purchase,1605248151405782,https://shop.googlemerchandisestore.com/ordercompleted.html
4983865.9578536501,purchase,1605262957912788,https://shop.googlemerchandisestore.com/ordercompleted.html
49948590.1657747391,purchase,1608601709224249,https://shop.googlemerchandisestore.com/ordercompleted.html
5002787.9583537280,purchase,1605599701561690,https://shop.googlemerchandisestore.com/ordercompleted.html
5002787.9583537280,purchase,1606258558812538,https://shop.googlemerchandisestore.com/ordercompleted.html
5005953.2994495562,view_item,1606203194840069,https://shop.googlemerchandisestore.com/Google+Redesign/Apparel/Google+Mountain+View+Tee+Red
5005953.2994495562,view_item,1606203228495021,https://shop.googlemerchandisestore.com/Google+Redesign/Apparel/Google+Unisex+Google+Pocket+Tee+Grey
5005953.2994495562,view_item,1606203255891020,https://shop.googlemerchandisestore.com/Google+Redesign/Apparel/Google+Unisex+Google+Pocket+Tee+Grey
50121199.4323445332,purchase,1606768820019528,https://shop.googlemerchandisestore.com/ordercompleted.html
50131723.8552639593,purchase,1606737355678693,https://shop.googlemerchandisestore.com/ordercompleted.html
50169177.1164239240,purchase,1607977725615334,https://shop.googlemerchandisestore.com/ordercompleted.html
50183692.6751135595,purchase,1608120293542227,https://shop.googlemerchandisestore.com/ordercompleted.html
50211779.9982683242,purchase,1609061996238278,https://shop.googlemerchandisestore.com/ordercompleted.html
5022550.6379112620,view_item,1606255124212972,https://shop.googlemerchandisestore.com/Google+Redesign/Apparel/YouTube+Twill+Cap+Sandwich+Black
50264907.6315911120,purchase,1606714533512799,https://shop.googlemerchandisestore.com/ordercompleted.html
50264907.6315911120,purchase,1606714943341950,https://shop.googlemerchandisestore.com/ordercompleted.html
50264907.6315911120,purchase,1606715276030652,https://shop.googlemerchandisestore.com/ordercompleted.html
50264907.6315911120,purchase,1607917091617873,https://shop.googlemerchandisestore.com/ordercompleted.html
5027137.8356570660,purchase,1606559863762334,https://shop.googlemerchandisestore.com/ordercompleted.html
5027939.6135498733,view_item,1606259733446070,https://shop.googlemerchandisestore.com/Google+Redesign/Super+G+Unisex+Joggers
5033537.2274612786,begin_checkout,1611965579330494,https://shop.googlemerchandisestore.com/yourinfo.html
5033537.2274612786,begin_checkout,1611965579468572,https://shop.googlemerchandisestore.com/yourinfo.html
5033537.2274612786,begin_checkout,1611965579476389,https://shop.googlemerchandisestore.com/yourinfo.html
5038082.1213644469,purchase,1608078217821970,https://shop.googlemerchandisestore.com/ordercompleted.html
5041130.4127815311,purchase,1607958830114849,https://shop.googlemerchandisestore.com/ordercompleted.html
5044121.9570928383,begin_checkout,1608586649741829,https://shop.googlemerchandisestore.com/yourinfo.html
5044121.9570928383,begin_checkout,1608586649942946,https://shop.googlemerchandisestore.com/yourinfo.html
5044121.9570928383,begin_checkout,1608586649948008,https://shop.googlemerchandisestore.com/yourinfo.html
5044121.9570928383,purchase,1608586706424853,https://shop.googlemerchandisestore.com/ordercompleted.html
5050584.3771338630,purchase,1606695754159414,https://shop.googlemerchandisestore.com/ordercompleted.html
5051981.5649537648,purchase,1608143449834805,https://shop.googlemerchandisestore.com/ordercompleted.html
50524891.0248544815,purchase,1606258613076891,https://shop.googlemerchandisestore.com/ordercompleted.html
5060718.9596565990,purchase,1606758649925981,https://shop.googlemerchandisestore.com/ordercompleted.html
5060718.9596565990,add_to_cart,1607072588186910,https://shop.googlemerchandisestore.com/Google+Redesign/New
5060718.9596565990,add_to_cart,1607072597385106,https://shop.googlemerchandisestore.com/Google+Redesign/New
5060718.9596565990,add_to_cart,1607072659843353,https://shop.googlemerchandisestore.com/Google+Redesign/Clearance
5060718.9596565990,add_to_cart,1607072674295305,https://shop.googlemerchandisestore.com/Google+Redesign/Clearance
5060718.9596565990,add_to_cart,1607072682764781,https://shop.googlemerchandisestore.com/Google+Redesign/Clearance
5061885.3794873804,purchase,1608183548486506,https://shop.googlemerchandisestore.com/ordercompleted.html
50625438.6453912217,purchase,1608238393719683,https://shop.googlemerchandisestore.com/ordercompleted.html
5071451.1687931143,view_item,1606215733885569,https://shop.googlemerchandisestore.com/Google+Redesign/Apparel/Google+Heathered+Pom+Beanie
50725646.9290345522,purchase,1606238479972984,https://shop.googlemerchandisestore.com/ordercompleted.html
50900904.6507728330,purchase,1608217537280184,https://shop.googlemerchandisestore.com/ordercompleted.html
5104954.3308656792,begin_checkout,1608563692236506,https://shop.googlemerchandisestore.com/yourinfo.html
5104954.3308656792,begin_checkout,1608563692369170,https://shop.googlemerchandisestore.com/yourinfo.html
5104954.3308656792,begin_checkout,1608563692386567,https://shop.googlemerchandisestore.com/yourinfo.html
5104954.3308656792,begin_checkout,1608563812444148,https://shop.googlemerchandisestore.com/yourinfo.html
5104954.3308656792,begin_checkout,1608563812591790,https://shop.googlemerchandisestore.com/yourinfo.html
5104954.3308656792,begin_checkout,1608563812604337,https://shop.googlemerchandisestore.com/yourinfo.html
5104954.3308656792,begin_checkout,1608564346682153,https://shop.googlemerchandisestore.com/yourinfo.html
5104954.3308656792,begin_checkout,1608564346807424,https://shop.googlemerchandisestore.com/yourinfo.html
5104954.3308656792,begin_checkout,1608564346855649,https://shop.googlemerchandisestore.com/yourinfo.html
51065226.4802983076,purchase,1606322650017655,https://shop.googlemerchandisestore.com/ordercompleted.html
51153409.8050128631,purchase,1607965461611229,https://shop.googlemerchandisestore.com/ordercompleted.html
5119744.0400880738,view_item,1606207868717676,https://shop.googlemerchandisestore.com/Google+Redesign/Drinkware/Google+Mural+Bottle
5119744.0400880738,view_item,1606207891039578,https://shop.googlemerchandisestore.com/Google+Redesign/Drinkware/Google+Woodtop+Bottle+Black
5123007663.9429596553,purchase,1611989853897641,https://shop.googlemerchandisestore.com/ordercompleted.html
51262846.6051156761,begin_checkout,1608558191932819,https://shop.googlemerchandisestore.com/yourinfo.html
51262846.6051156761,begin_checkout,1608558192130589,https://shop.googlemerchandisestore.com/yourinfo.html
51262846.6051156761,begin_checkout,1608558192179082,https://shop.googlemerchandisestore.com/yourinfo.html
51262846.6051156761,begin_checkout,1608558329858950,https://shop.googlemerchandisestore.com/yourinfo.html
51262846.6051156761,begin_checkout,1608558330044826,https://shop.googlemerchandisestore.com/yourinfo.html
51262846.6051156761,begin_checkout,1608558330060492,https://shop.googlemerchandisestore.com/yourinfo.html
51262846.6051156761,begin_checkout,1608558449312602,https://shop.googlemerchandisestore.com/yourinfo.html
51262846.6051156761,begin_checkout,1608558449514515,https://shop.googlemerchandisestore.com/yourinfo.html
51262846.6051156761,begin_checkout,1608558449515167,https://shop.googlemerchandisestore.com/yourinfo.html
51262846.6051156761,begin_checkout,1608558516449463,https://shop.googlemerchandisestore.com/yourinfo.html
51262846.6051156761,begin_checkout,1608558516547606,https://shop.googlemerchandisestore.com/yourinfo.html
51262846.6051156761,begin_checkout,1608558516666621,https://shop.googlemerchandisestore.com/yourinfo.html
5129616.1323664241,view_item,1606185987524884,https://shop.googlemerchandisestore.com/storeitem.html
5131046.1510772047,begin_checkout,1608565322355179,https://shop.googlemerchandisestore.com/yourinfo.html
5131046.1510772047,begin_checkout,1608565322532882,https://shop.googlemerchandisestore.com/yourinfo.html
5131046.1510772047,begin_checkout,1608565322552042,https://shop.googlemerchandisestore.com/yourinfo.html
51457099.0051403619,purchase,1605292639476137,https://shop.googlemerchandisestore.com/ordercompleted.html
5150049.4793980124,add_to_cart,1607066194052377,https://shop.googlemerchandisestore.com/Google+Redesign/Apparel/Hats
5150049.4793980124,add_to_cart,1607066213795068,https://shop.googlemerchandisestore.com/Google+Redesign/Apparel/Hats
5155655.8559554783,purchase,1606245459234226,https://shop.googlemerchandisestore.com/ordercompleted.html
51605325.8215613948,purchase,1607356029280725,https://shop.googlemerchandisestore.com/ordercompleted.html
5167410.3226924533,view_item,1606246040184960,https://shop.googlemerchandisestore.com/Google+Redesign/Lifestyle/Google+Bear+Baby+Blanket+Beige
5167410.3226924533,view_item,1606246267432642,https://shop.googlemerchandisestore.com/Google+Redesign/Drinkware/Google+SF+Campus+Bottle
5167410.3226924533,view_item,1606246382630662,https://shop.googlemerchandisestore.com/Google+Redesign/Drinkware/Google+Boulder+Campus+Mug
5167410.3226924533,view_item,1606246430483198,https://shop.googlemerchandisestore.com/Google+Redesign/Apparel/Google+Google+Kids+Playful+Tee
5171848.5405961032,view_item,1606226342046708,https://shop.googlemerchandisestore.com/Google+Redesign/Office/Google+Small+Standard+Journal+Navy
5171848.5405961032,view_item,1606226368094911,https://shop.googlemerchandisestore.com/Google+Redesign/Office/Google+Black+Cork+Journal
5171848.5405961032,view_item,1606227924636711,https://shop.googlemerchandisestore.com/Google+Redesign/Office/IamRemarkable+Journal
5171848.5405961032,view_item,1606227992209414,https://shop.googlemerchandisestore.com/Google+Redesign/Notebooks+Journals/Google+Large+Standard+Journal+Grey
5171848.5405961032,view_item,1606228066800241,https://shop.googlemerchandisestore.com/Google+Redesign/Bags/Google+Incognito+Techpack+V2
5171848.5405961032,view_item,1606228266650608,https://shop.googlemerchandisestore.com/Google+Redesign/Apparel/Google+Unisex+Pride+Eco-Tee+Black
5171848.5405961032,view_item,1606228306982067,https://shop.googlemerchandisestore.com/Google+Redesign/Apparel/Google+Unisex+Google+Pocket+Tee+Grey
51727598.3439876675,purchase,1606602387576252,https://shop.googlemerchandisestore.com/ordercompleted.html
5175868.5309206965,purchase,1608205857473845,https://shop.googlemerchandisestore.com/ordercompleted.html
5184983.4821037704,view_item,1606219836865508,https://shop.googlemerchandisestore.com/Google+Redesign/Apparel/Google+Cotopaxi+Shell
5184983.4821037704,view_item,1606219939082537,https://shop.googlemerchandisestore.com/Google+Redesign/Google+Land+and+Sea+French+Terry+Sweatshirt
5186433.5664297622,add_to_cart,1607049729569831,https://shop.googlemerchandisestore.com/store.html
5191278.7358335539,purchase,1608234151364705,https://shop.googlemerchandisestore.com/ordercompleted.html
5194252.0533862221,add_to_cart,1607073115771014,https://shop.googlemerchandisestore.com/store.html
5194252.0533862221,add_to_cart,1607073120822374,https://shop.googlemerchandisestore.com/store.html
5194252.0533862221,add_to_cart,1607073129305632,https://shop.googlemerchandisestore.com/store.html
5194252.0533862221,add_to_cart,1607073369180794,https://shop.googlemerchandisestore.com/Google+Redesign/New
5194252.0533862221,add_to_cart,1607073703265946,https://shop.googlemerchandisestore.com/Google+Redesign/Lifestyle/Small+Goods
5194252.0533862221,add_to_cart,1607073712932716,https://shop.googlemerchandisestore.com/Google+Redesign/Lifestyle/Small+Goods
5194252.0533862221,add_to_cart,1607073789662897,https://shop.googlemerchandisestore.com/Google+Redesign/Stationery
5194252.0533862221,add_to_cart,1607074377562877,https://shop.googlemerchandisestore.com/Google+Redesign/Clearance
5194252.0533862221,add_to_cart,1607074382596093,https://shop.googlemerchandisestore.com/Google+Redesign/Clearance
5194252.0533862221,add_to_cart,1607074581128281,https://shop.googlemerchandisestore.com/asearch.html
51986505.2747565154,purchase,1606231319588085,https://shop.googlemerchandisestore.com/ordercompleted.html
5218931.6976141915,purchase,1607098176886119,https://shop.googlemerchandisestore.com/ordercompleted.html
52190515.2041872856,purchase,1606722823709138,https://shop.googlemerchandisestore.com/ordercompleted.html
52206227.1304942050,purchase,1608094615463367,https://shop.googlemerchandisestore.com/ordercompleted.html
5227182.9076794236,view_item,1606225261379728,https://shop.googlemerchandisestore.com/Google+Redesign/Super+G+Unisex+Joggers
5227182.9076794236,view_item,1606225738904939,https://shop.googlemerchandisestore.com/Google+Redesign/Bags/Google+Packable+Bag+Black
52272156.5892056410,purchase,1607364840481757,https://shop.googlemerchandisestore.com/ordercompleted.html
5237397.7064940983,purchase,1608100943994146,https://shop.googlemerchandisestore.com/ordercompleted.html
5240053.0256089240,purchase,1608620464309491,https://shop.googlemerchandisestore.com/ordercompleted.html
5242740.3027110338,purchase,1605276065818926,https://shop.googlemerchandisestore.com/ordercompleted.html
5254972.8889576683,purchase,1607343915058397,https://shop.googlemerchandisestore.com/ordercompleted.html
52556132.9245922809,purchase,1606578997917284,https://shop.googlemerchandisestore.com/ordercompleted.html
52565912.2309852051,purchase,1605858670326142,https://shop.googlemerchandisestore.com/ordercompleted.html
52565912.2309852051,purchase,1605858670352780,https://shop.googlemerchandisestore.com/ordercompleted.html
5266823.8519727676,purchase,1607957204051247,https://shop.googlemerchandisestore.com/ordercompleted.html
52687165.0903734385,purchase,1606745247929637,https://shop.googlemerchandisestore.com/ordercompleted.html
5273218.5152268913,view_item,1606257990161584,https://shop.googlemerchandisestore.com/Google+Redesign/Accessories/Google+Cork+Tablet+Case
5276932.5750779224,add_to_cart,1607108990649651,https://shop.googlemerchandisestore.com/Google+Redesign/Clearance
52842299.0972144749,purchase,1606776967172997,https://shop.googlemerchandisestore.com/ordercompleted.html
5290414.1717903521,purchase,1608654365942366,https://shop.googlemerchandisestore.com/ordercompleted.html
52931639.4509960949,purchase,1608103938400837,https://shop.googlemerchandisestore.com/ordercompleted.html
5298595.3824316171,begin_checkout,1608528565759493,https://shop.googlemerchandisestore.com/yourinfo.html
5298595.3824316171,begin_checkout,1608528565906027,https://shop.googlemerchandisestore.com/yourinfo.html
5298595.3824316171,begin_checkout,1608528565920798,https://shop.googlemerchandisestore.com/yourinfo.html
5298595.3824316171,begin_checkout,1608528588462798,https://shop.googlemerchandisestore.com/yourinfo.html
5298595.3824316171,begin_checkout,1608528588568290,https://shop.googlemerchandisestore.com/yourinfo.html
5298595.3824316171,begin_checkout,1608528588578650,https://shop.googlemerchandisestore.com/yourinfo.html
5298595.3824316171,begin_checkout,1608528931011329,https://shop.googlemerchandisestore.com/yourinfo.html
5298595.3824316171,begin_checkout,1608528931160338,https://shop.googlemerchandisestore.com/yourinfo.html
5298595.3824316171,begin_checkout,1608528931175597,https://shop.googlemerchandisestore.com/yourinfo.html
5298595.3824316171,purchase,1608528978742354,https://shop.googlemerchandisestore.com/ordercompleted.html
53032448.0456415388,purchase,1606224738567672,https://shop.googlemerchandisestore.com/ordercompleted.html
5306691.1083602351,view_item,1606213711698891,https://shop.googlemerchandisestore.com/Google+Redesign/Bags/Google+Incognito+Messenger+Bag
5310177.6035821276,add_to_cart,1607122914154306,https://shop.googlemerchandisestore.com/Google+Redesign/Apparel/Womens
5310177.6035821276,add_to_cart,1607122953137828,https://shop.googlemerchandisestore.com/store.html
5310177.6035821276,add_to_cart,1607122958534143,https://shop.googlemerchandisestore.com/store.html
5310177.6035821276,add_to_cart,1607122966172460,https://shop.googlemerchandisestore.com/store.html
5310177.6035821276,add_to_cart,1607122974807321,https://shop.googlemerchandisestore.com/store.html
5310177.6035821276,add_to_cart,1607122983228134,https://shop.googlemerchandisestore.com/store.html
5310177.6035821276,add_to_cart,1607123005691531,https://shop.googlemerchandisestore.com/store.html
5310177.6035821276,add_to_cart,1607123027912180,https://shop.googlemerchandisestore.com/store.html
5310177.6035821276,add_to_cart,1607123049991123,https://shop.googlemerchandisestore.com/store.html
5310177.6035821276,add_to_cart,1607123069562654,https://shop.googlemerchandisestore.com/store.html
5310177.6035821276,add_to_cart,1607123078694164,https://shop.googlemerchandisestore.com/store.html
5310177.6035821276,add_to_cart,1607123086567852,https://shop.googlemerchandisestore.com/store.html
5310177.6035821276,add_to_cart,1607123093558362,https://shop.googlemerchandisestore.com/store.html
5310177.6035821276,add_to_cart,1607123108492009,https://shop.googlemerchandisestore.com/store.html
5310177.6035821276,add_to_cart,1607123122939480,https://shop.googlemerchandisestore.com/store.html
5310177.6035821276,add_to_cart,1607123132080409,https://shop.googlemerchandisestore.com/store.html
5310177.6035821276,add_to_cart,1607123149002077,https://shop.googlemerchandisestore.com/store.html
5310177.6035821276,add_to_cart,1607123200378638,https://shop.googlemerchandisestore.com/Google+Redesign/Apparel/Mens
5310177.6035821276,add_to_cart,1607123359026695,https://shop.googlemerchandisestore.com/Google+Redesign/Apparel/Mens
5310177.6035821276,add_to_cart,1607123371797508,https://shop.googlemerchandisestore.com/Google+Redesign/Apparel/Mens
5310177.6035821276,add_to_cart,1607123382790516,https://shop.googlemerchandisestore.com/Google+Redesign/Apparel/Mens
5310177.6035821276,purchase,1607123668916753,https://shop.googlemerchandisestore.com/ordercompleted.html
5310177.6035821276,add_to_cart,1607123687547350,https://shop.googlemerchandisestore.com/Google+Redesign/Apparel/Mens
5310177.6035821276,add_to_cart,1607123693394098,https://shop.googlemerchandisestore.com/Google+Redesign/Apparel/Mens
5310177.6035821276,add_to_cart,1607123698733663,https://shop.googlemerchandisestore.com/Google+Redesign/Apparel/Mens
5310177.6035821276,purchase,1607123750201389,https://shop.googlemerchandisestore.com/ordercompleted.html
5311007.5669893427,purchase,1608609311220313,https://shop.googlemerchandisestore.com/ordercompleted.html
5315651.7895701270,add_to_cart,1607057091902654,https://shop.googlemerchandisestore.com/asearch.html
53159985.2898572560,purchase,1606582578214167,https://shop.googlemerchandisestore.com/ordercompleted.html
53168426.9247441890,purchase,1607983469637011,https://shop.googlemerchandisestore.com/ordercompleted.html
5319932.5816596211,view_item,1606217237392967,https://shop.googlemerchandisestore.com/Google+Redesign/Drinkware/Stainless+Bent+Straw+and+Cleaner
5323353.2186165169,purchase,1607920254512264,https://shop.googlemerchandisestore.com/ordercompleted.html
53263817.5868509099,purchase,1605235075080419,https://shop.googlemerchandisestore.com/ordercompleted.html
53271954.4292633938,purchase,1605628365616360,https://shop.googlemerchandisestore.com/ordercompleted.html
53406211.8724008214,purchase,1608142005903186,https://shop.googlemerchandisestore.com/ordercompleted.html
5341287.1733153260,add_to_cart,1607051805086246,https://shop.googlemerchandisestore.com/Google+Redesign/Clearance
5341287.1733153260,add_to_cart,1607051838250760,https://shop.googlemerchandisestore.com/Google+Redesign/Clearance
5341287.1733153260,add_to_cart,1607051843948765,https://shop.googlemerchandisestore.com/Google+Redesign/Clearance
5341287.1733153260,add_to_cart,1607051850292374,https://shop.googlemerchandisestore.com/Google+Redesign/Clearance
5341287.1733153260,add_to_cart,1607051855825697,https://shop.googlemerchandisestore.com/Google+Redesign/Clearance
5341287.1733153260,add_to_cart,1607051865657616,https://shop.googlemerchandisestore.com/Google+Redesign/Clearance
5341287.1733153260,add_to_cart,1607051959031212,https://shop.googlemerchandisestore.com/store.html
5341287.1733153260,add_to_cart,1607051974551635,https://shop.googlemerchandisestore.com/store.html
5341287.1733153260,add_to_cart,1607051981508464,https://shop.googlemerchandisestore.com/store.html
5341287.1733153260,add_to_cart,1607052005492927,https://shop.googlemerchandisestore.com/store.html
5341287.1733153260,add_to_cart,1607052032151685,https://shop.googlemerchandisestore.com/store.html
5341287.1733153260,add_to_cart,1607052050115620,https://shop.googlemerchandisestore.com/Google+Redesign/Apparel
5341287.1733153260,add_to_cart,1607052110996430,https://shop.googlemerchandisestore.com/Google+Redesign/Apparel
5341287.1733153260,add_to_cart,1607052118477901,https://shop.googlemerchandisestore.com/Google+Redesign/Apparel
5341287.1733153260,add_to_cart,1607052126180080,https://shop.googlemerchandisestore.com/Google+Redesign/Apparel
5341287.1733153260,add_to_cart,1607052133348346,https://shop.googlemerchandisestore.com/Google+Redesign/Apparel
5341287.1733153260,add_to_cart,1607052148570638,https://shop.googlemerchandisestore.com/Google+Redesign/Apparel
5341287.1733153260,add_to_cart,1607052155850875,https://shop.googlemerchandisestore.com/Google+Redesign/Apparel
5341287.1733153260,add_to_cart,1607052174010708,https://shop.googlemerchandisestore.com/Google+Redesign/Apparel
5341287.1733153260,add_to_cart,1607052204806709,https://shop.googlemerchandisestore.com/Google+Redesign/Apparel
5341287.1733153260,add_to_cart,1607052474629737,https://shop.googlemerchandisestore.com/Google+Redesign/Apparel
53469191.6312753520,purchase,1605235545034609,https://shop.googlemerchandisestore.com/ordercompleted.html
5347142.6728471804,view_item,1606228388092336,https://shop.googlemerchandisestore.com/Google+Redesign/Apparel/Google+FC+Longsleeve+Charcoal
5357426.0216106310,purchase,1606569348796419,https://shop.googlemerchandisestore.com/ordercompleted.html
5359372.3412653554,view_item,1606213428365179,https://shop.googlemerchandisestore.com/Google+Redesign/Accessories/Google+Campus+Bike
5359856.2753871743,view_item,1606230062528662,https://shop.googlemerchandisestore.com/Google+Redesign/Apparel/Google+Sherpa+Zip+Hoodie+Charcoal
53675399.0091092182,purchase,1607375860156671,https://shop.googlemerchandisestore.com/ordercompleted.html
53675399.0091092182,purchase,1607375989571814,https://shop.googlemerchandisestore.com/ordercompleted.html
53675399.0091092182,purchase,1607376150743068,https://shop.googlemerchandisestore.com/ordercompleted.html
53675399.0091092182,purchase,1607376337182647,https://shop.googlemerchandisestore.com/ordercompleted.html
53675399.0091092182,purchase,1607376506384068,https://shop.googlemerchandisestore.com/ordercompleted.html
53982377.9231749924,purchase,1605259651336262,https://shop.googlemerchandisestore.com/ordercompleted.html
5402723.9681886212,add_to_cart,1607106090678734,https://shop.googlemerchandisestore.com/Google+Redesign/Lifestyle/Drinkware
5402723.9681886212,add_to_cart,1607106102381331,https://shop.googlemerchandisestore.com/Google+Redesign/Lifestyle/Drinkware
5402723.9681886212,add_to_cart,1607106780047164,https://shop.googlemerchandisestore.com/Google+Redesign/Clearance
5402723.9681886212,purchase,1607107358357166,https://shop.googlemerchandisestore.com/ordercompleted.html
54090297.3676008653,purchase,1606297155336619,https://shop.googlemerchandisestore.com/ordercompleted.html
5413303.6631923503,purchase,1606285997296259,https://shop.googlemerchandisestore.com/ordercompleted.html
5418808005.3102201293,purchase,1608088212275312,https://shop.googlemerchandisestore.com/ordercompleted.html
54190735.3679282161,purchase,1605623523761680,https://shop.googlemerchandisestore.com/ordercompleted.html
5429053.5322178158,add_to_cart,1607102370211397,https://shop.googlemerchandisestore.com/Google+Redesign/Apparel
5429053.5322178158,add_to_cart,1607102377210361,https://shop.googlemerchandisestore.com/Google+Redesign/Apparel
5429053.5322178158,add_to_cart,1607102386347454,https://shop.googlemerchandisestore.com/Google+Redesign/Apparel
5434257.1361609657,view_item,1606186147352349,https://shop.googlemerchandisestore.com/Google+Redesign/Apparel/Google+Black+Tee
5434257.1361609657,view_item,1606186295156720,https://shop.googlemerchandisestore.com/Google+Redesign/Stationery/Google+4in+Decal
5434257.1361609657,view_item,1606186356322560,https://shop.googlemerchandisestore.com/Google+Redesign/Accessories/YouTube+Iconic+Play+Pin
5434257.1361609657,view_item,1606186612662829,https://shop.googlemerchandisestore.com/Google+Redesign/Accessories/YouTube+Iconic+Play+Pin
5434257.1361609657,view_item,1606186734523522,https://shop.googlemerchandisestore.com/Google+Redesign/Stationery/Google+Jotter+Task+Pad
5434257.1361609657,view_item,1606189099330836,https://shop.googlemerchandisestore.com/Google+Redesign/Apparel/YouTube+Crew+Socks
5434257.1361609657,view_item,1606189171130308,https://shop.googlemerchandisestore.com/Google+Redesign/Office/Writing/Maze+Pen.axd
5434257.1361609657,view_item,1606189193809202,https://shop.googlemerchandisestore.com/Google+Redesign/Lifestyle/Google-Frisbee
5434257.1361609657,view_item,1606189328796164,https://shop.googlemerchandisestore.com/Google+Redesign/Accessories/Google+Red+YoYo
5439175.6742538207,add_to_cart,1607103115437906,https://shop.googlemerchandisestore.com/Google+Redesign/Lifestyle/Drinkware
5439175.6742538207,add_to_cart,1607103337196657,https://shop.googlemerchandisestore.com/Google+Redesign/Clearance
5439175.6742538207,add_to_cart,1607103345665736,https://shop.googlemerchandisestore.com/Google+Redesign/Clearance
54416199.2185558214,purchase,1608649769914076,https://shop.googlemerchandisestore.com/ordercompleted.html
5444414.6051845735,view_item,1606235282104695,https://shop.googlemerchandisestore.com/Google+Yellowesign/Apparel/Google+Tee+Yellow
5444414.6051845735,view_item,1606235358401830,https://shop.googlemerchandisestore.com/Google+Redesign/Apparel/Google+Navy+Speckled+Tee
5444414.6051845735,view_item,1606235965549606,https://shop.googlemerchandisestore.com/Google+Redesign/Lifestyle/Fun/Malibu+Sunglasses.axd
5444414.6051845735,view_item,1606236090380228,https://shop.googlemerchandisestore.com/Google+Redesign/Bags/Google+Totepak
5444414.6051845735,view_item,1606236249191241,https://shop.googlemerchandisestore.com/Google+Redesign/Lifestyle/Fun/Malibu+Sunglasses.axd
5444414.6051845735,view_item,1606236304488602,https://shop.googlemerchandisestore.com/Google+Redesign/Apparel/Google+Heathered+Pom+Beanie
5444414.6051845735,purchase,1606236627727558,https://shop.googlemerchandisestore.com/ordercompleted.html
5458847.9652917669,view_item,1606176210118790,https://shop.googlemerchandisestore.com/Google+Redesign/Super+G+Unisex+Joggers
5458847.9652917669,view_item,1606176219564372,https://shop.googlemerchandisestore.com/Google+Redesign/Google+Land+and+Sea+Tech+Taco
5458847.9652917669,view_item,1606176229486316,https://shop.googlemerchandisestore.com/Google+Redesign/Google+Blue+Stojo+Cup
5458847.9652917669,view_item,1606176238870583,https://shop.googlemerchandisestore.com/Google+Redesign/Google+Land+and+Sea+Mug
5458847.9652917669,view_item,1606176248698727,https://shop.googlemerchandisestore.com/Google+Redesign/Google+Land+and+Sea+French+Terry+Sweatshirt
5458847.9652917669,view_item,1606176257623238,https://shop.googlemerchandisestore.com/Google+Redesign/Apparel/Google+Land+and+Sea+Cotton+Cap+LS
5458847.9652917669,view_item,1606176266281908,https://shop.googlemerchandisestore.com/Google+Redesign/Lifestyle/Google+Land+and+Sea+Tote+Bag
5458847.9652917669,view_item,1606176276538348,https://shop.googlemerchandisestore.com/Google+Redesign/Stationery/Google+Land+and+Sea+Journal+Set
5458847.9652917669,view_item,1606176285034720,https://shop.googlemerchandisestore.com/Google+Redesign/Lifestyle/Google+Land+and+Sea+Nalgene+Water+Bottle+LS
5458847.9652917669,view_item,1606176296422140,https://shop.googlemerchandisestore.com/Google+Redesign/Apparel/Google+Land+and+Sea+Unisex+Tee
5458847.9652917669,view_item,1606176316476165,https://shop.googlemerchandisestore.com/Google+RMG+Redesign/Lifestyle/Mural+Food+Container
5458847.9652917669,view_item,1606176327081351,https://shop.googlemerchandisestore.com/Google+Redesign/Apparel/Google+Unisex+Eco+Tee+Black
5458847.9652917669,view_item,1606176350973613,https://shop.googlemerchandisestore.com/Google+Redesign/Apparel/Google+Navy+Speckled+Tee
5458847.9652917669,view_item,1606176361400776,https://shop.googlemerchandisestore.com/Google+Redesign/Apparel/Google+Campus+Bike+Eco+Tee+Navy
5458847.9652917669,view_item,1606176370848061,https://shop.googlemerchandisestore.com/Google+Redesign/Apparel/Google+Leather+Strap+Hat+Black
5458847.9652917669,view_item,1606176380557695,https://shop.googlemerchandisestore.com/Google+Redesign/Apparel/Google+Sherpa+Zip+Hoodie+Charcoal
5458847.9652917669,view_item,1606176390281971,https://shop.googlemerchandisestore.com/Google+Redesign/Apparel/Google+Heathered+Pom+Beanie
5458847.9652917669,view_item,1606176400877541,https://shop.googlemerchandisestore.com/Google+Redesign/Apparel/Google+Badge+Heavyweight+Pullover+Black
5458847.9652917669,view_item,1606176440694764,https://shop.googlemerchandisestore.com/Google+Redesign/Apparel/YouTube+Twill+Cap+Sandwich+Black
5458847.9652917669,view_item,1606176450283083,https://shop.googlemerchandisestore.com/Google+Redesign/Apparel/Google+Leather+Strap+Hat+Blue
5458847.9652917669,view_item,1606176460130425,https://shop.googlemerchandisestore.com/Google+Redesign/Apparel/YouTube+Leather+Strap+Hat+Black
5458847.9652917669,view_item,1606176469046400,https://shop.googlemerchandisestore.com/Google+Redesign/Apparel/Google+Speckled+Beanie+Navy
5458847.9652917669,view_item,1606176488951169,https://shop.googlemerchandisestore.com/Google+Redesign/Apparel/Android+Iconic+Hat+V2+Black
5458847.9652917669,view_item,1606176498613334,https://shop.googlemerchandisestore.com/Google+Redesign/Apparel/Android+Iconic+Beanie
5458847.9652917669,view_item,1606176508911382,https://shop.googlemerchandisestore.com/Google+Redesign/Apparel/Android+Iconic+Hat+Green
5458847.9652917669,view_item,1606176518427779,https://shop.googlemerchandisestore.com/Google+Redesign/Apparel/Android+Iconic+Hat+White
5458847.9652917669,view_item,1606176528218531,https://shop.googlemerchandisestore.com/Google+Redesign/Apparel/Google+Infant+Charcoal+Onesie
5458847.9652917669,view_item,1606176554286932,https://shop.googlemerchandisestore.com/Google+Redesign/Apparel/Google+Infant+Hero+Tee+Olive
5458847.9652917669,view_item,1606176564344163,https://shop.googlemerchandisestore.com/Google+Redesign/Apparel/Google+Youth+Hero+Tee+Grey
5458847.9652917669,view_item,1606176574583814,https://shop.googlemerchandisestore.com/Google+Redesign/Apparel/Google+Toddler+FC+Zip+Hoodie
5458847.9652917669,view_item,1606176584980332,https://shop.googlemerchandisestore.com/Google+Redesign/Apparel/Google+Youth+FC+Tee+Charcoal
5458847.9652917669,view_item,1606176594986031,https://shop.googlemerchandisestore.com/Google+Redesign/Apparel/Google+Toddler+Tee+White
5458847.9652917669,view_item,1606176605262219,https://shop.googlemerchandisestore.com/Google+Redesign/Apparel/Google+Toddler+FC+Tee+Charcoal
5458847.9652917669,view_item,1606176613846587,https://shop.googlemerchandisestore.com/Google+Redesign/Apparel/Google+Youth+FC+Longsleeve+Charcoal
5458847.9652917669,view_item,1606176625268545,https://shop.googlemerchandisestore.com/Google+Redesign/Apparel/Google+Toddler+Hero+Tee+Olive
5458847.9652917669,view_item,1606176636206290,https://shop.googlemerchandisestore.com/Google+Redesign/Apparel/Google+Youth+Hero+Tee+Maroon
5458847.9652917669,view_item,1606176647357369,https://shop.googlemerchandisestore.com/Google+Redesign/Apparel/Google+Toddler+Hero+Tee+Black
5458847.9652917669,view_item,1606176658414064,https://shop.googlemerchandisestore.com/Google+Redesign/Apparel/Google+Sherpa+Zip+Hoodie+Navy
5458847.9652917669,view_item,1606176669073457,https://shop.googlemerchandisestore.com/Google+Redesign/Apparel/Google+Crewneck+Sweatshirt+Green
5458847.9652917669,view_item,1606176680652329,https://shop.googlemerchandisestore.com/Google+Redesign/Apparel/Google+Dino+Game+Tee
5458847.9652917669,view_item,1606176691252491,https://shop.googlemerchandisestore.com/Google+Redesign/Apparel/Google+Crew+Socks
5458847.9652917669,view_item,1606176701289643,https://shop.googlemerchandisestore.com/Google+Redesign/Apparel/YouTube+Crew+Socks
5458847.9652917669,view_item,1606176710943500,https://shop.googlemerchandisestore.com/Google+Redesign/Apparel/Google+Google+Crew+Striped+Athletic+Sock
5458847.9652917669,view_item,1606176721205112,https://shop.googlemerchandisestore.com/Google+Redesign/Apparel/Google+Google+Crew+Combed+Cotton+Sock
5458847.9652917669,view_item,1606176730848691,https://shop.googlemerchandisestore.com/Google+Redesign/Apparel/Android+Iconic+Sock
5458847.9652917669,view_item,1606176739504441,https://shop.googlemerchandisestore.com/Google+Redesign/Apparel/Google+Mural+Socks
5458847.9652917669,view_item,1606176806314823,https://shop.googlemerchandisestore.com/Google+Redesign/ApparelGoogle+Beekeepers+Tee+Mint
5458847.9652917669,view_item,1606176826496467,https://shop.googlemerchandisestore.com/Google+Redesign/Apparel/Android+Garden+Tee+Orange
5458847.9652917669,view_item,1606176837042760,https://shop.googlemerchandisestore.com/Google+Redesign/Apparel/IamRemarkable+Ladies+T-Shirt
5458847.9652917669,view_item,1606176895754832,https://shop.googlemerchandisestore.com/Google+Redesign/Apparel/YouTube+Twill+Cap+Sandwich+Black
5458847.9652917669,view_item,1606176948446079,https://shop.googlemerchandisestore.com/Google+Redesign/Lifestyle/Fun/Google+Kick+Ball.axd
5458906.5297090085,begin_checkout,1612038400114421,https://shop.googlemerchandisestore.com/yourinfo.html
5458906.5297090085,begin_checkout,1612038400125442,https://shop.googlemerchandisestore.com/yourinfo.html
5458906.5297090085,begin_checkout,1612039113026751,https://shop.googlemerchandisestore.com/yourinfo.html
5458906.5297090085,begin_checkout,1612039113036924,https://shop.googlemerchandisestore.com/yourinfo.html
5458906.5297090085,purchase,1612039286178613,https://shop.googlemerchandisestore.com/ordercompleted.html
5460074.5319170789,add_to_cart,1607053235410888,https://shop.googlemerchandisestore.com/Google+Redesign/Lifestyle/Drinkware
5460074.5319170789,add_to_cart,1607053308591432,https://shop.googlemerchandisestore.com/Google+Redesign/Lifestyle/Drinkware
5460074.5319170789,add_to_cart,1607053314523243,https://shop.googlemerchandisestore.com/Google+Redesign/Lifestyle/Drinkware
5460074.5319170789,add_to_cart,1607053336937775,https://shop.googlemerchandisestore.com/Google+Redesign/Lifestyle/Drinkware
5460074.5319170789,add_to_cart,1607053414724966,https://shop.googlemerchandisestore.com/Google+Redesign/Clearance
5460074.5319170789,add_to_cart,1607053565477857,https://shop.googlemerchandisestore.com/Google+Redesign/Clearance
5461037.2897084087,view_item,1606259264192080,https://shop.googlemerchandisestore.com/Google+Redesign/Apparel/Google+Google+Crew+Combed+Cotton+Sock
5461037.2897084087,purchase,1606259575655457,https://shop.googlemerchandisestore.com/ordercompleted.html
54650516.3770320538,purchase,1608126552849011,https://shop.googlemerchandisestore.com/ordercompleted.html
5476032.6838472174,view_item,1606250910100926,https://shop.googlemerchandisestore.com/Google+Redesign/Apparel/Google+Unisex+Pride+Eco-Tee+Black
54818265.6577214045,purchase,1605300167211062,https://shop.googlemerchandisestore.com/ordercompleted.html
5482485.3833643464,begin_checkout,1608540259340260,https://shop.googlemerchandisestore.com/yourinfo.html
5482485.3833643464,begin_checkout,1608540260964343,https://shop.googlemerchandisestore.com/yourinfo.html
5482485.3833643464,begin_checkout,1608540260976190,https://shop.googlemerchandisestore.com/yourinfo.html
54840401.1429599516,purchase,1606255227261705,https://shop.googlemerchandisestore.com/ordercompleted.html
5485119.4778259275,purchase,1607353202823707,https://shop.googlemerchandisestore.com/ordercompleted.html
54901301.9847897724,purchase,1608625527794930,https://shop.googlemerchandisestore.com/ordercompleted.html
5492501.6902517886,begin_checkout,1612008883153433,https://shop.googlemerchandisestore.com/yourinfo.html
5492501.6902517886,begin_checkout,1612008883202969,https://shop.googlemerchandisestore.com/yourinfo.html
5492501.6902517886,begin_checkout,1612008883207813,https://shop.googlemerchandisestore.com/yourinfo.html
54971191.9192770128,purchase,1605300602015381,https://shop.googlemerchandisestore.com/ordercompleted.html
55013435.8650490579,purchase,1607311644544701,https://shop.googlemerchandisestore.com/ordercompleted.html
5502988.2498199417,view_item,1606209563486997,https://shop.googlemerchandisestore.com/Google+Redesign/Apparel/Google+Cambridge+Campus+Zip+Hoodie
55069846.3105567454,purchase,1606696682541706,https://shop.googlemerchandisestore.com/ordercompleted.html
5507097.9575388313,view_item,1606238522997618,https://shop.googlemerchandisestore.com/Google+Redesign/Drinkware/Google+16oz+tumbler+blue
5510122.6423876982,purchase,1608234245222696,https://shop.googlemerchandisestore.com/ordercompleted.html
55104787.0224772643,purchase,1612015422777906,https://shop.googlemerchandisestore.com/ordercompleted.html
5510993.2448733530,view_item,1606252954753439,https://shop.googlemerchandisestore.com/Google+Redesign/Apparel/Google+NYC+Campus+Unisex+Tee
55159338.7105200700,purchase,1607318557197957,https://shop.googlemerchandisestore.com/ordercompleted.html
5517037.0241796267,add_to_cart,1607077115513858,https://shop.googlemerchandisestore.com/Google+Redesign/Clearance
5517037.0241796267,add_to_cart,1607077127541121,https://shop.googlemerchandisestore.com/Google+Redesign/Clearance
5517037.0241796267,add_to_cart,1607077210851786,https://shop.googlemerchandisestore.com/Google+Redesign/Clearance
5517037.0241796267,add_to_cart,1607077217386976,https://shop.googlemerchandisestore.com/Google+Redesign/Clearance
55183693.0038159450,purchase,1608233245150215,https://shop.googlemerchandisestore.com/ordercompleted.html
55211704.7146806435,begin_checkout,1608919525452970,https://shop.googlemerchandisestore.com/yourinfo.html
55211704.7146806435,begin_checkout,1608919525861295,https://shop.googlemerchandisestore.com/yourinfo.html
55211704.7146806435,begin_checkout,1608919525924879,https://shop.googlemerchandisestore.com/yourinfo.html
5524955.9928673158,view_item,1606205404892959,https://shop.googlemerchandisestore.com/Google+Redesign/Apparel/Google+Infant+Charcoal+Onesie
55259187.0625874272,purchase,1606314712757682,https://shop.googlemerchandisestore.com/ordercompleted.html
5534507.9883804494,purchase,1607954504436012,https://shop.googlemerchandisestore.com/ordercompleted.html
55546439.3506549560,purchase,1606550460414172,https://shop.googlemerchandisestore.com/ordercompleted.html
5566849.5006100968,add_to_cart,1607122270146423,https://shop.googlemerchandisestore.com/Google+Redesign/Apparel
5566849.5006100968,add_to_cart,1607122276300537,https://shop.googlemerchandisestore.com/Google+Redesign/Apparel
5566849.5006100968,add_to_cart,1607122298175250,https://shop.googlemerchandisestore.com/Google+Redesign/Apparel
5566849.5006100968,add_to_cart,1607122304481952,https://shop.googlemerchandisestore.com/Google+Redesign/Apparel
55676797.5021268334,purchase,1608605058057174,https://shop.googlemerchandisestore.com/ordercompleted.html
5568834.0198043803,purchase,1607961358686461,https://shop.googlemerchandisestore.com/ordercompleted.html
5570640.7872827994,view_item,1606198510532251,https://shop.googlemerchandisestore.com/Google+Redesign/Apparel/Google+Sherpa+Vest+Black
5570640.7872827994,view_item,1606198847424493,https://shop.googlemerchandisestore.com/Google+Redesign/Apparel/YouTube+Standards+Zip+Hoodie+Black
5579251.3024079662,purchase,1606534876285499,https://shop.googlemerchandisestore.com/ordercompleted.html
5582053276.6336066826,purchase,1612003228329382,https://shop.googlemerchandisestore.com/ordercompleted.html
55823440.4699535570,add_to_cart,1607108775564614,https://shop.googlemerchandisestore.com/asearch.html
55823440.4699535570,add_to_cart,1607108798207777,https://shop.googlemerchandisestore.com/asearch.html
55823440.4699535570,add_to_cart,1607108805839897,https://shop.googlemerchandisestore.com/asearch.html
55823440.4699535570,add_to_cart,1607108812068235,https://shop.googlemerchandisestore.com/asearch.html
55823440.4699535570,add_to_cart,1607108840852269,https://shop.googlemerchandisestore.com/asearch.html
55823440.4699535570,add_to_cart,1607108848780428,https://shop.googlemerchandisestore.com/asearch.html
55823440.4699535570,add_to_cart,1607108877838124,https://shop.googlemerchandisestore.com/asearch.html
55823440.4699535570,add_to_cart,1607108946029326,https://shop.googlemerchandisestore.com/asearch.html
55823440.4699535570,add_to_cart,1607109035629771,https://shop.googlemerchandisestore.com/asearch.html
55823440.4699535570,add_to_cart,1607109050200347,https://shop.googlemerchandisestore.com/asearch.html
55823440.4699535570,add_to_cart,1607109056989926,https://shop.googlemerchandisestore.com/asearch.html
55823440.4699535570,add_to_cart,1607109066832859,https://shop.googlemerchandisestore.com/asearch.html
55823440.4699535570,add_to_cart,1607109109848048,https://shop.googlemerchandisestore.com/asearch.html
55823440.4699535570,add_to_cart,1607109115662063,https://shop.googlemerchandisestore.com/asearch.html
55859279.1828704348,purchase,1606749526816799,https://shop.googlemerchandisestore.com/ordercompleted.html
5594731.2439599048,add_to_cart,1607099214832385,https://shop.googlemerchandisestore.com/Google+Redesign/Apparel/Mens
5594731.2439599048,add_to_cart,1607099224716742,https://shop.googlemerchandisestore.com/Google+Redesign/Apparel/Mens
5594731.2439599048,add_to_cart,1607099232791227,https://shop.googlemerchandisestore.com/Google+Redesign/Apparel/Mens
5594731.2439599048,add_to_cart,1607099244863541,https://shop.googlemerchandisestore.com/Google+Redesign/Apparel/Mens
5594731.2439599048,add_to_cart,1607099250516627,https://shop.googlemerchandisestore.com/Google+Redesign/Apparel/Mens
5594731.2439599048,add_to_cart,1607099287418809,https://shop.googlemerchandisestore.com/store.html
5594731.2439599048,add_to_cart,1607099457767744,https://shop.googlemerchandisestore.com/store.html
5602269.6807855534,begin_checkout,1608871759885580,https://shop.googlemerchandisestore.com/yourinfo.html
5602269.6807855534,begin_checkout,1608871760261639,https://shop.googlemerchandisestore.com/yourinfo.html
5602269.6807855534,begin_checkout,1608871760321518,https://shop.googlemerchandisestore.com/yourinfo.html
5602467.5308196581,view_item,1606250227395186,https://shop.googlemerchandisestore.com/Google+Redesign/Super+G+Unisex+Joggers
56058107.1090429889,purchase,1606759813136693,https://shop.googlemerchandisestore.com/ordercompleted.html
56066621.9392870540,purchase,1607344371422236,https://shop.googlemerchandisestore.com/ordercompleted.html
5607144.6246327246,purchase,1605888031521919,https://shop.googlemerchandisestore.com/ordercompleted.html
5607144.6246327246,purchase,1605888031584499,https://shop.googlemerchandisestore.com/ordercompleted.html
56136935.4839413206,begin_checkout,1608594332320324,https://shop.googlemerchandisestore.com/yourinfo.html
56136935.4839413206,begin_checkout,1608594332422106,https://shop.googlemerchandisestore.com/yourinfo.html
56136935.4839413206,begin_checkout,1608594332447604,https://shop.googlemerchandisestore.com/yourinfo.html
56136935.4839413206,purchase,1608594409380049,https://shop.googlemerchandisestore.com/ordercompleted.html
5613969.9742050087,begin_checkout,1612032956529205,https://shop.googlemerchandisestore.com/yourinfo.html
5613969.9742050087,begin_checkout,1612032956853461,https://shop.googlemerchandisestore.com/yourinfo.html
5613969.9742050087,begin_checkout,1612032956864167,https://shop.googlemerchandisestore.com/yourinfo.html
5613969.9742050087,begin_checkout,1612033131150347,https://shop.googlemerchandisestore.com/yourinfo.html
5613969.9742050087,begin_checkout,1612033131241418,https://shop.googlemerchandisestore.com/yourinfo.html
5613969.9742050087,begin_checkout,1612033131250763,https://shop.googlemerchandisestore.com/yourinfo.html
5613969.9742050087,begin_checkout,1612033323174186,https://shop.googlemerchandisestore.com/yourinfo.html
5613969.9742050087,begin_checkout,1612033323189931,https://shop.googlemerchandisestore.com/yourinfo.html
5613969.9742050087,begin_checkout,1612033323199290,https://shop.googlemerchandisestore.com/yourinfo.html
56293890.1487399791,purchase,1606220512138110,https://shop.googlemerchandisestore.com/ordercompleted.html
56300115.7478494951,purchase,1605635298007256,https://shop.googlemerchandisestore.com/ordercompleted.html
5632809.7175073069,purchase,1606533735762712,https://shop.googlemerchandisestore.com/ordercompleted.html
5645225.6917653454,purchase,1608098820261523,https://shop.googlemerchandisestore.com/ordercompleted.html
5645225.6917653454,purchase,1608099480728724,https://shop.googlemerchandisestore.com/ordercompleted.html
5645225.6917653454,purchase,1608099638737175,https://shop.googlemerchandisestore.com/ordercompleted.html
5645225.6917653454,purchase,1608100111798399,https://shop.googlemerchandisestore.com/ordercompleted.html
5645225.6917653454,purchase,1608101423919541,https://shop.googlemerchandisestore.com/ordercompleted.html
56460363.3815731702,add_to_cart,1607083866652687,https://shop.googlemerchandisestore.com/Google+Redesign/Stationery/Stickers
56460363.3815731702,add_to_cart,1607084628385713,https://shop.googlemerchandisestore.com/asearch.html
56556427.1030557935,purchase,1607382978722268,https://shop.googlemerchandisestore.com/ordercompleted.html
56575397.8153659749,purchase,1606206827887479,https://shop.googlemerchandisestore.com/ordercompleted.html
56575397.8153659749,purchase,1606207703444406,https://shop.googlemerchandisestore.com/ordercompleted.html
5666346.9191647004,view_item,1606202192305402,https://shop.googlemerchandisestore.com/Google+Redesign/Super+G+Unisex+Joggers
5671461926.8532720409,purchase,1607913829114601,https://shop.googlemerchandisestore.com/ordercompleted.html
56716076.3297768031,begin_checkout,1608875026129217,https://shop.googlemerchandisestore.com/yourinfo.html
56716076.3297768031,begin_checkout,1608875026173632,https://shop.googlemerchandisestore.com/yourinfo.html
56716076.3297768031,begin_checkout,1608875026183644,https://shop.googlemerchandisestore.com/yourinfo.html
5674547.8008141064,purchase,1605894082664096,https://shop.googlemerchandisestore.com/ordercompleted.html
5674547.8008141064,purchase,1605894082833156,https://shop.googlemerchandisestore.com/ordercompleted.html
56804998.5738212356,purchase,1607972847696689,https://shop.googlemerchandisestore.com/ordercompleted.html
5683347.0153828873,view_item,1606187285301856,https://shop.googlemerchandisestore.com/Google+Redesign/Accessories/Google+Campus+Bike
5683347.0153828873,view_item,1606187373984728,https://shop.googlemerchandisestore.com/Google+Redesign/Accessories/Google+Campus+Bike
56840968.3563409774,purchase,1606754392248481,https://shop.googlemerchandisestore.com/ordercompleted.html
56842056.4074014657,purchase,1606204426025986,https://shop.googlemerchandisestore.com/ordercompleted.html
56842056.4074014657,purchase,1606204426057185,https://shop.googlemerchandisestore.com/ordercompleted.html
56969245.0794104270,purchase,1606291725864889,https://shop.googlemerchandisestore.com/ordercompleted.html
5706554.1170445750,purchase,1606236104738298,https://shop.googlemerchandisestore.com/ordercompleted.html
5706715.6852183826,add_to_cart,1607102170529405,https://shop.googlemerchandisestore.com/Google+Redesign/Clearance
5706715.6852183826,add_to_cart,1607102191569427,https://shop.googlemerchandisestore.com/Google+Redesign/Clearance
5706715.6852183826,add_to_cart,1607102411021871,https://shop.googlemerchandisestore.com/Google+Redesign/Shop+by+Brand/Google
5706715.6852183826,add_to_cart,1607102442276100,https://shop.googlemerchandisestore.com/Google+Redesign/Shop+by+Brand/Google
5706715.6852183826,add_to_cart,1607102489580586,https://shop.googlemerchandisestore.com/Google+Redesign/Shop+by+Brand/Google
5706715.6852183826,add_to_cart,1607102507811296,https://shop.googlemerchandisestore.com/Google+Redesign/Shop+by+Brand/Google
5706715.6852183826,add_to_cart,1607102534047844,https://shop.googlemerchandisestore.com/Google+Redesign/Shop+by+Brand/Google
5706715.6852183826,add_to_cart,1607102569130797,https://shop.googlemerchandisestore.com/Google+Redesign/Shop+by+Brand/Google
5706715.6852183826,add_to_cart,1607102581222380,https://shop.googlemerchandisestore.com/Google+Redesign/Shop+by+Brand/Google
5706715.6852183826,add_to_cart,1607102600401013,https://shop.googlemerchandisestore.com/Google+Redesign/Shop+by+Brand/Google
5706715.6852183826,add_to_cart,1607102613335833,https://shop.googlemerchandisestore.com/Google+Redesign/Shop+by+Brand/Google
5706715.6852183826,begin_checkout,1608870097038947,https://shop.googlemerchandisestore.com/yourinfo.html
5706715.6852183826,begin_checkout,1608870097098952,https://shop.googlemerchandisestore.com/yourinfo.html
5706715.6852183826,begin_checkout,1608870097112665,https://shop.googlemerchandisestore.com/yourinfo.html
5706715.6852183826,begin_checkout,1608870123182091,https://shop.googlemerchandisestore.com/yourinfo.html
5706715.6852183826,begin_checkout,1608870123306598,https://shop.googlemerchandisestore.com/yourinfo.html
5706715.6852183826,begin_checkout,1608870123314562,https://shop.googlemerchandisestore.com/yourinfo.html
5706715.6852183826,begin_checkout,1608908561714345,https://shop.googlemerchandisestore.com/yourinfo.html
5706715.6852183826,begin_checkout,1608908561804872,https://shop.googlemerchandisestore.com/yourinfo.html
5706715.6852183826,begin_checkout,1608908561812236,https://shop.googlemerchandisestore.com/yourinfo.html
5706715.6852183826,purchase,1608908655336170,https://shop.googlemerchandisestore.com/ordercompleted.html
57300118.7597333542,begin_checkout,1608534321472674,https://shop.googlemerchandisestore.com/yourinfo.html
57300118.7597333542,begin_checkout,1608534321504253,https://shop.googlemerchandisestore.com/yourinfo.html
57300118.7597333542,begin_checkout,1608534321512595,https://shop.googlemerchandisestore.com/yourinfo.html
57300118.7597333542,begin_checkout,1608534662740365,https://shop.googlemerchandisestore.com/yourinfo.html
57300118.7597333542,begin_checkout,1608534662740487,https://shop.googlemerchandisestore.com/yourinfo.html
57300118.7597333542,begin_checkout,1608534662740624,https://shop.googlemerchandisestore.com/yourinfo.html
57328124.6848846028,purchase,1605310928761290,https://shop.googlemerchandisestore.com/ordercompleted.html
57328124.6848846028,purchase,1605310946255019,https://shop.googlemerchandisestore.com/ordercompleted.html
5734190.8608391738,purchase,1605249997292793,https://shop.googlemerchandisestore.com/ordercompleted.html
5734675.8590434338,add_to_cart,1607116114805041,https://shop.googlemerchandisestore.com/store.html
5734675.8590434338,add_to_cart,1607116127460325,https://shop.googlemerchandisestore.com/store.html
5734675.8590434338,add_to_cart,1607116165249379,https://shop.googlemerchandisestore.com/store.html
5734675.8590434338,add_to_cart,1607116489726035,https://shop.googlemerchandisestore.com/store.html
5734675.8590434338,add_to_cart,1607116499079965,https://shop.googlemerchandisestore.com/store.html
5734675.8590434338,add_to_cart,1607116617943960,https://shop.googlemerchandisestore.com/store.html
57471045.2261985947,purchase,1607059145044868,https://shop.googlemerchandisestore.com/ordercompleted.html
57488087.0786303417,purchase,1609076370160235,https://shop.googlemerchandisestore.com/ordercompleted.html
57499982.4479614398,purchase,1607983753486981,https://shop.googlemerchandisestore.com/ordercompleted.html
5753716.9772888203,view_item,1606226017516724,https://shop.googlemerchandisestore.com/Google+Redesign/Drinkware/Google+Tudes+Thermal+Bottle
5753716.9772888203,view_item,1606226028642611,https://shop.googlemerchandisestore.com/Google+Redesign/Google+Blue+Stojo+Cup
5753716.9772888203,view_item,1606227546989649,https://shop.googlemerchandisestore.com/Google+Redesign/Super+G+Unisex+Joggers
5753716.9772888203,view_item,1606227672927852,https://shop.googlemerchandisestore.com/Google+RMG+Redesign/Lifestyle/Mural+Food+Container
5753716.9772888203,view_item,1606227712007180,https://shop.googlemerchandisestore.com/Google+Redesign/Bags/Google+Mural+Tote
57630054.8770333743,purchase,1605298249836018,https://shop.googlemerchandisestore.com/ordercompleted.html
5763685.3501321242,view_item,1606213569075195,https://shop.googlemerchandisestore.com/Google+Redesign/Super+G+Unisex+Joggers
5763685.3501321242,purchase,1606282092903252,https://shop.googlemerchandisestore.com/ordercompleted.html
5765539.3420984442,add_to_cart,1607065505159281,https://shop.googlemerchandisestore.com/Google+Redesign/Clearance
5765539.3420984442,add_to_cart,1607065515023707,https://shop.googlemerchandisestore.com/Google+Redesign/Clearance
5766379.6658996628,purchase,1608077064380100,https://shop.googlemerchandisestore.com/ordercompleted.html
5770286.9016562174,view_item,1606252940225049,https://shop.googlemerchandisestore.com/Google+Redesign/Apparel/YouTube+Twill+Cap+Sandwich+Black
5776696.8626570449,purchase,1606763676988920,https://shop.googlemerchandisestore.com/ordercompleted.html
5784667.4590768975,view_item,1606250715317385,https://shop.googlemerchandisestore.com/Google+Redesign/Apparel/Google+Land+and+Sea+Cotton+Cap+LS
5784667.4590768975,view_item,1606250739031387,https://shop.googlemerchandisestore.com/Google+Redesign/Apparel/YouTube+Twill+Cap+Sandwich+Black
5784667.4590768975,view_item,1606250775316452,https://shop.googlemerchandisestore.com/Google+Redesign/Apparel/Google+Land+and+Sea+Cotton+Cap+LS
57965823.6355901348,purchase,1606772865139289,https://shop.googlemerchandisestore.com/ordercompleted.html
57966618.4492876538,purchase,1607947765825937,https://shop.googlemerchandisestore.com/ordercompleted.html
5798842.3922639602,purchase,1607945190249546,https://shop.googlemerchandisestore.com/ordercompleted.html
5804409.2972682483,view_item,1606224437388388,https://shop.googlemerchandisestore.com/Google+Redesign/Apparel/Google+Navy+Speckled+Tee
58083221.3332935704,purchase,1606738345331211,https://shop.googlemerchandisestore.com/ordercompleted.html
58104072.2659495100,add_to_cart,1607117471072754,https://shop.googlemerchandisestore.com/store.html
58104072.2659495100,add_to_cart,1607117476975239,https://shop.googlemerchandisestore.com/store.html
58104072.2659495100,purchase,1607117765252327,https://shop.googlemerchandisestore.com/ordercompleted.html
58104072.2659495100,purchase,1607313892859964,https://shop.googlemerchandisestore.com/ordercompleted.html
5811878.7074429725,purchase,1605598765706963,https://shop.googlemerchandisestore.com/ordercompleted.html
5815595.9740488127,begin_checkout,1608939250269831,https://shop.googlemerchandisestore.com/yourinfo.html
5815595.9740488127,begin_checkout,1608939250977225,https://shop.googlemerchandisestore.com/yourinfo.html
5815595.9740488127,begin_checkout,1608939251046108,https://shop.googlemerchandisestore.com/yourinfo.html
5817047.8350669320,purchase,1605632389898627,https://shop.googlemerchandisestore.com/ordercompleted.html
5820525.4112921353,view_item,1606222960221690,https://shop.googlemerchandisestore.com/Google+Redesign/Bags/Google+Utility+BackPack
5820525.4112921353,purchase,1606223212667524,https://shop.googlemerchandisestore.com/ordercompleted.html
5822907.1968250946,begin_checkout,1611966106418796,https://shop.googlemerchandisestore.com/yourinfo.html
5822907.1968250946,begin_checkout,1611966106711610,https://shop.googlemerchandisestore.com/yourinfo.html
5822907.1968250946,begin_checkout,1611966106715351,https://shop.googlemerchandisestore.com/yourinfo.html
58234029.0722348975,purchase,1608243493642288,https://shop.googlemerchandisestore.com/ordercompleted.html
5833707.4640795740,purchase,1605304695977625,https://shop.googlemerchandisestore.com/ordercompleted.html
58435410.6859710315,purchase,1608176958965198,https://shop.googlemerchandisestore.com/ordercompleted.html
58442179.0715020466,purchase,1606771809750587,https://shop.googlemerchandisestore.com/ordercompleted.html
5849526.6650530231,purchase,1608232427464348,https://shop.googlemerchandisestore.com/ordercompleted.html
58568906.5092468761,purchase,1606227364584828,https://shop.googlemerchandisestore.com/ordercompleted.html
5858978.5167767011,view_item,1606205347458589,https://shop.googlemerchandisestore.com/Google+Redesign/Apparel/Google+Cotopaxi+Shell
5858978.5167767011,view_item,1606205395648948,https://shop.googlemerchandisestore.com/Google+Redesign/Super+G+Unisex+Joggers
5858978.5167767011,view_item,1606205405447185,https://shop.googlemerchandisestore.com/Google+Redesign/Google+Land+and+Sea+Tech+Taco
5858978.5167767011,view_item,1606205414752592,https://shop.googlemerchandisestore.com/Google+Redesign/Google+Blue+Stojo+Cup
5858978.5167767011,view_item,1606205423421102,https://shop.googlemerchandisestore.com/Google+Redesign/Google+Land+and+Sea+Mug
5858978.5167767011,view_item,1606205432180529,https://shop.googlemerchandisestore.com/Google+Redesign/Google+Land+and+Sea+French+Terry+Sweatshirt
5858978.5167767011,view_item,1606205440983792,https://shop.googlemerchandisestore.com/Google+Redesign/Apparel/Google+Land+and+Sea+Cotton+Cap+LS
5858978.5167767011,view_item,1606205450060387,https://shop.googlemerchandisestore.com/Google+Redesign/Lifestyle/Google+Land+and+Sea+Tote+Bag
5858978.5167767011,view_item,1606205460251005,https://shop.googlemerchandisestore.com/Google+Redesign/Stationery/Google+Land+and+Sea+Journal+Set
5858978.5167767011,view_item,1606205471037437,https://shop.googlemerchandisestore.com/Google+Redesign/Lifestyle/Google+Land+and+Sea+Nalgene+Water+Bottle+LS
5858978.5167767011,view_item,1606205480312096,https://shop.googlemerchandisestore.com/Google+Redesign/Apparel/Google+Land+and+Sea+Unisex+Tee
5858978.5167767011,view_item,1606205497633116,https://shop.googlemerchandisestore.com/Google+RMG+Redesign/Lifestyle/Mural+Food+Container
5858978.5167767011,view_item,1606205527333612,https://shop.googlemerchandisestore.com/Google+Redesign/Apparel/Google+Navy+Speckled+Tee
5858978.5167767011,view_item,1606205537438770,https://shop.googlemerchandisestore.com/Google+Redesign/Apparel/Google+Campus+Bike+Eco+Tee+Navy
5858978.5167767011,view_item,1606205545989500,https://shop.googlemerchandisestore.com/Google+Redesign/Apparel/Google+Leather+Strap+Hat+Black
5858978.5167767011,view_item,1606205564963537,https://shop.googlemerchandisestore.com/Google+Redesign/Apparel/Google+Heathered+Pom+Beanie
5858978.5167767011,view_item,1606205594230253,https://shop.googlemerchandisestore.com/Google+Redesign/Apparel/Google+FC+Longsleeve+Charcoal
5858978.5167767011,view_item,1606205603881063,https://shop.googlemerchandisestore.com/Google+Redesign/Apparel/Google+Heather+Green+Speckled+Tee
5858978.5167767011,view_item,1606205612739906,https://shop.googlemerchandisestore.com/Google+Redesign/Apparel/YouTube+Twill+Cap+Sandwich+Black
5858978.5167767011,view_item,1606205621821056,https://shop.googlemerchandisestore.com/Google+Redesign/Apparel/Google+Leather+Strap+Hat+Blue
5858978.5167767011,view_item,1606205630628266,https://shop.googlemerchandisestore.com/Google+Redesign/Apparel/YouTube+Leather+Strap+Hat+Black
5858978.5167767011,view_item,1606205639502419,https://shop.googlemerchandisestore.com/Google+Redesign/Apparel/Google+Speckled+Beanie+Navy
5858978.5167767011,view_item,1606205657772103,https://shop.googlemerchandisestore.com/Google+Redesign/Apparel/Android+Iconic+Hat+V2+Black
5858978.5167767011,view_item,1606205666479996,https://shop.googlemerchandisestore.com/Google+Redesign/Apparel/Android+Iconic+Beanie
5858978.5167767011,view_item,1606205675557062,https://shop.googlemerchandisestore.com/Google+Redesign/Apparel/Android+Iconic+Hat+Green
5858978.5167767011,view_item,1606205684537360,https://shop.googlemerchandisestore.com/Google+Redesign/Apparel/Android+Iconic+Hat+White
5858978.5167767011,view_item,1606205694321155,https://shop.googlemerchandisestore.com/Google+Redesign/Apparel/Google+Infant+Charcoal+Onesie
5858978.5167767011,view_item,1606205713328615,https://shop.googlemerchandisestore.com/Google+Redesign/Apparel/Google+Infant+Hero+Tee+Olive
5858978.5167767011,view_item,1606205724325490,https://shop.googlemerchandisestore.com/Google+Redesign/Apparel/Google+Youth+Hero+Tee+Grey
5858978.5167767011,view_item,1606205735504579,https://shop.googlemerchandisestore.com/Google+Redesign/Apparel/Google+Toddler+FC+Zip+Hoodie
5858978.5167767011,view_item,1606205744620233,https://shop.googlemerchandisestore.com/Google+Redesign/Apparel/Google+Youth+FC+Tee+Charcoal
5858978.5167767011,view_item,1606205753828416,https://shop.googlemerchandisestore.com/Google+Redesign/Apparel/Google+Toddler+Tee+White
5858978.5167767011,view_item,1606205762931621,https://shop.googlemerchandisestore.com/Google+Redesign/Apparel/Google+Toddler+FC+Tee+Charcoal
5858978.5167767011,view_item,1606205772348873,https://shop.googlemerchandisestore.com/Google+Redesign/Apparel/Google+Youth+FC+Longsleeve+Charcoal
5858978.5167767011,view_item,1606205782692110,https://shop.googlemerchandisestore.com/Google+Redesign/Apparel/Google+Toddler+Hero+Tee+Olive
5858978.5167767011,view_item,1606205792271458,https://shop.googlemerchandisestore.com/Google+Redesign/Apparel/Google+Youth+Hero+Tee+Maroon
5858978.5167767011,view_item,1606205803504637,https://shop.googlemerchandisestore.com/Google+Redesign/Apparel/Google+Toddler+Hero+Tee+Black
5858978.5167767011,view_item,1606205813760849,https://shop.googlemerchandisestore.com/Google+Redesign/Apparel/Google+Sherpa+Zip+Hoodie+Navy
5858978.5167767011,view_item,1606205841824805,https://shop.googlemerchandisestore.com/Google+Redesign/Apparel/Google+Crew+Socks
5858978.5167767011,view_item,1606205850734506,https://shop.googlemerchandisestore.com/Google+Redesign/Apparel/YouTube+Crew+Socks
5858978.5167767011,view_item,1606205860063753,https://shop.googlemerchandisestore.com/Google+Redesign/Apparel/Google+Google+Crew+Striped+Athletic+Sock
5858978.5167767011,view_item,1606205868647270,https://shop.googlemerchandisestore.com/Google+Redesign/Apparel/Google+Google+Crew+Combed+Cotton+Sock
5858978.5167767011,view_item,1606205877978783,https://shop.googlemerchandisestore.com/Google+Redesign/Apparel/Android+Iconic+Sock
5858978.5167767011,view_item,1606205886848652,https://shop.googlemerchandisestore.com/Google+Redesign/Apparel/Google+Mural+Socks
5858978.5167767011,view_item,1606205981017292,https://shop.googlemerchandisestore.com/Google+Redesign/Apparel/IamRemarkable+Ladies+T-Shirt
5858978.5167767011,view_item,1606206038520388,https://shop.googlemerchandisestore.com/Google+Redesign/Apparel/YouTube+Twill+Cap+Sandwich+Black
5858978.5167767011,view_item,1606206084411057,https://shop.googlemerchandisestore.com/Google+Redesign/Lifestyle/Fun/Google+Kick+Ball.axd
58603767.6719650157,purchase,1606762835289780,https://shop.googlemerchandisestore.com/ordercompleted.html
58736558.6012465712,purchase,1612016963300069,https://shop.googlemerchandisestore.com/ordercompleted.html
5875619.5890494953,begin_checkout,1608571030115135,https://shop.googlemerchandisestore.com/yourinfo.html
5875619.5890494953,begin_checkout,1608571030185311,https://shop.googlemerchandisestore.com/yourinfo.html
5875619.5890494953,begin_checkout,1608571030189964,https://shop.googlemerchandisestore.com/yourinfo.html
5875619.5890494953,begin_checkout,1608571086504047,https://shop.googlemerchandisestore.com/yourinfo.html
5875619.5890494953,begin_checkout,1608571086622739,https://shop.googlemerchandisestore.com/yourinfo.html
5875619.5890494953,begin_checkout,1608571086743965,https://shop.googlemerchandisestore.com/yourinfo.html
5875619.5890494953,purchase,1608571206828612,https://shop.googlemerchandisestore.com/ordercompleted.html
5880951.2603587244,view_item,1606207444077034,https://shop.googlemerchandisestore.com/Google+Redesign/Super+G+Unisex+Joggers
58881820.3673642140,purchase,1606320150096219,https://shop.googlemerchandisestore.com/ordercompleted.html
5889305.1596594172,view_item,1606232874343078,https://shop.googlemerchandisestore.com/Google+Redesign/Bags/Essential+Canvas+Tote
5889305.1596594172,view_item,1606233037288665,https://shop.googlemerchandisestore.com/Google+Redesign/Apparel/Google+PNW+Campus+Zip+Hoodie
5889305.1596594172,view_item,1606233068625605,https://shop.googlemerchandisestore.com/Google+Redesign/Super+G+Unisex+Joggers
5889305.1596594172,view_item,1606233092070704,https://shop.googlemerchandisestore.com/Google+Redesign/Google+Blue+Stojo+Cup
5889305.1596594172,view_item,1606233149443851,https://shop.googlemerchandisestore.com/Google+Redesign/Bags/Google+Seaport+Tote
5889305.1596594172,view_item,1606233543275949,https://shop.googlemerchandisestore.com/Google+Redesign/Apparel/Google+Sherpa+Vest+Black
5889305.1596594172,view_item,1606233890236317,https://shop.googlemerchandisestore.com/Google+Redesign/Office/Google+Mural+Notebook
5889305.1596594172,purchase,1606234599562748,https://shop.googlemerchandisestore.com/ordercompleted.html
58921879.4348134368,purchase,1606540635506257,https://shop.googlemerchandisestore.com/ordercompleted.html
5898251.1308942779,purchase,1608168005936891,https://shop.googlemerchandisestore.com/ordercompleted.html
5898251.1308942779,purchase,1608169251073768,https://shop.googlemerchandisestore.com/ordercompleted.html
59061039.5435612071,purchase,1606573967766432,https://shop.googlemerchandisestore.com/ordercompleted.html
59061039.5435612071,purchase,1606575237905616,https://shop.googlemerchandisestore.com/ordercompleted.html
5910494.8390942821,add_to_cart,1607077870309740,https://shop.googlemerchandisestore.com/Google+Redesign/Apparel/Hats
5910494.8390942821,add_to_cart,1607077875854012,https://shop.googlemerchandisestore.com/Google+Redesign/Apparel/Hats
5910494.8390942821,add_to_cart,1607077881544731,https://shop.googlemerchandisestore.com/Google+Redesign/Apparel/Hats
5910494.8390942821,add_to_cart,1607078662539866,https://shop.googlemerchandisestore.com/Google+Redesign/Apparel/Hats
5910494.8390942821,add_to_cart,1607078670119614,https://shop.googlemerchandisestore.com/Google+Redesign/Apparel/Hats
5910494.8390942821,add_to_cart,1607078708607057,https://shop.googlemerchandisestore.com/Google+Redesign/Stationery/Writing
59150872.6355994877,purchase,1606546033591745,https://shop.googlemerchandisestore.com/ordercompleted.html
5927387.2905193445,view_item,1606221542900600,https://shop.googlemerchandisestore.com/Google+Redesign/Super+G+Unisex+Joggers
5927387.2905193445,view_item,1606221552483175,https://shop.googlemerchandisestore.com/Google+Redesign/Google+Land+and+Sea+Tech+Taco
5927387.2905193445,view_item,1606221561849136,https://shop.googlemerchandisestore.com/Google+Redesign/Google+Blue+Stojo+Cup
5927387.2905193445,view_item,1606221571044730,https://shop.googlemerchandisestore.com/Google+Redesign/Google+Land+and+Sea+Mug
5927387.2905193445,view_item,1606221580591510,https://shop.googlemerchandisestore.com/Google+Redesign/Google+Land+and+Sea+French+Terry+Sweatshirt
5927387.2905193445,view_item,1606221590699092,https://shop.googlemerchandisestore.com/Google+Redesign/Apparel/Google+Land+and+Sea+Cotton+Cap+LS
5927387.2905193445,view_item,1606221599946984,https://shop.googlemerchandisestore.com/Google+Redesign/Lifestyle/Google+Land+and+Sea+Tote+Bag
5927387.2905193445,view_item,1606221611083229,https://shop.googlemerchandisestore.com/Google+Redesign/Stationery/Google+Land+and+Sea+Journal+Set
5927387.2905193445,view_item,1606221621887132,https://shop.googlemerchandisestore.com/Google+Redesign/Lifestyle/Google+Land+and+Sea+Nalgene+Water+Bottle+LS
5927387.2905193445,view_item,1606221634888712,https://shop.googlemerchandisestore.com/Google+Redesign/Apparel/Google+Land+and+Sea+Unisex+Tee
5927387.2905193445,view_item,1606221654499288,https://shop.googlemerchandisestore.com/Google+RMG+Redesign/Lifestyle/Mural+Food+Container
5927387.2905193445,view_item,1606221665777219,https://shop.googlemerchandisestore.com/Google+Redesign/Apparel/Google+Unisex+Eco+Tee+Black
5927387.2905193445,view_item,1606221690422741,https://shop.googlemerchandisestore.com/Google+Redesign/Apparel/Google+Navy+Speckled+Tee
5927387.2905193445,view_item,1606221701243234,https://shop.googlemerchandisestore.com/Google+Redesign/Apparel/Google+Campus+Bike+Eco+Tee+Navy
5927387.2905193445,view_item,1606221711318796,https://shop.googlemerchandisestore.com/Google+Redesign/Apparel/Google+Leather+Strap+Hat+Black
5927387.2905193445,view_item,1606221722427070,https://shop.googlemerchandisestore.com/Google+Redesign/Apparel/Google+Sherpa+Zip+Hoodie+Charcoal
5927387.2905193445,view_item,1606221732884707,https://shop.googlemerchandisestore.com/Google+Redesign/Apparel/Google+Heathered+Pom+Beanie
5927387.2905193445,view_item,1606221744027537,https://shop.googlemerchandisestore.com/Google+Redesign/Apparel/Google+Badge+Heavyweight+Pullover+Black
5927387.2905193445,view_item,1606221764814378,https://shop.googlemerchandisestore.com/Google+Redesign/Apparel/Google+FC+Longsleeve+Charcoal
5927387.2905193445,view_item,1606221775787999,https://shop.googlemerchandisestore.com/Google+Redesign/Apparel/Google+Heather+Green+Speckled+Tee
5927387.2905193445,view_item,1606221785424064,https://shop.googlemerchandisestore.com/Google+Redesign/Apparel/YouTube+Twill+Cap+Sandwich+Black
5927387.2905193445,view_item,1606221795496042,https://shop.googlemerchandisestore.com/Google+Redesign/Apparel/Google+Leather+Strap+Hat+Blue
5927387.2905193445,view_item,1606221805659844,https://shop.googlemerchandisestore.com/Google+Redesign/Apparel/YouTube+Leather+Strap+Hat+Black
5927387.2905193445,view_item,1606221815558205,https://shop.googlemerchandisestore.com/Google+Redesign/Apparel/Google+Speckled+Beanie+Navy
5927387.2905193445,view_item,1606221835299778,https://shop.googlemerchandisestore.com/Google+Redesign/Apparel/Android+Iconic+Hat+V2+Black
5927387.2905193445,view_item,1606221844494589,https://shop.googlemerchandisestore.com/Google+Redesign/Apparel/Android+Iconic+Beanie
5927387.2905193445,view_item,1606221854646800,https://shop.googlemerchandisestore.com/Google+Redesign/Apparel/Android+Iconic+Hat+Green
5927387.2905193445,view_item,1606221865367350,https://shop.googlemerchandisestore.com/Google+Redesign/Apparel/Android+Iconic+Hat+White
5927387.2905193445,view_item,1606221876120508,https://shop.googlemerchandisestore.com/Google+Redesign/Apparel/Google+Infant+Charcoal+Onesie
5927387.2905193445,view_item,1606221897529796,https://shop.googlemerchandisestore.com/Google+Redesign/Apparel/Google+Infant+Hero+Tee+Olive
5927387.2905193445,view_item,1606221908667322,https://shop.googlemerchandisestore.com/Google+Redesign/Apparel/Google+Youth+Hero+Tee+Grey
5927387.2905193445,view_item,1606221919188859,https://shop.googlemerchandisestore.com/Google+Redesign/Apparel/Google+Toddler+FC+Zip+Hoodie
5927387.2905193445,view_item,1606221929998601,https://shop.googlemerchandisestore.com/Google+Redesign/Apparel/Google+Youth+FC+Tee+Charcoal
5927387.2905193445,view_item,1606221940716010,https://shop.googlemerchandisestore.com/Google+Redesign/Apparel/Google+Toddler+Tee+White
5927387.2905193445,view_item,1606221951423867,https://shop.googlemerchandisestore.com/Google+Redesign/Apparel/Google+Toddler+FC+Tee+Charcoal
5927387.2905193445,view_item,1606221961982642,https://shop.googlemerchandisestore.com/Google+Redesign/Apparel/Google+Youth+FC+Longsleeve+Charcoal
5927387.2905193445,view_item,1606221972583294,https://shop.googlemerchandisestore.com/Google+Redesign/Apparel/Google+Toddler+Hero+Tee+Olive
5927387.2905193445,view_item,1606221984005128,https://shop.googlemerchandisestore.com/Google+Redesign/Apparel/Google+Youth+Hero+Tee+Maroon
5927387.2905193445,view_item,1606221995715321,https://shop.googlemerchandisestore.com/Google+Redesign/Apparel/Google+Toddler+Hero+Tee+Black
5927387.2905193445,view_item,1606222008960312,https://shop.googlemerchandisestore.com/Google+Redesign/Apparel/Google+Sherpa+Zip+Hoodie+Navy
5927387.2905193445,view_item,1606222039616972,https://shop.googlemerchandisestore.com/Google+Redesign/Apparel/Google+Dino+Game+Tee
5927387.2905193445,view_item,1606222049139300,https://shop.googlemerchandisestore.com/Google+Redesign/Apparel/Google+Crew+Socks
5927387.2905193445,view_item,1606222058806752,https://shop.googlemerchandisestore.com/Google+Redesign/Apparel/YouTube+Crew+Socks
5927387.2905193445,view_item,1606222068124381,https://shop.googlemerchandisestore.com/Google+Redesign/Apparel/Google+Google+Crew+Striped+Athletic+Sock
5927387.2905193445,view_item,1606222077995747,https://shop.googlemerchandisestore.com/Google+Redesign/Apparel/Google+Google+Crew+Combed+Cotton+Sock
5927387.2905193445,view_item,1606222091676721,https://shop.googlemerchandisestore.com/Google+Redesign/Apparel/Android+Iconic+Sock
5927387.2905193445,view_item,1606222101758799,https://shop.googlemerchandisestore.com/Google+Redesign/Apparel/Google+Mural+Socks
5927387.2905193445,view_item,1606222112020174,https://shop.googlemerchandisestore.com/Google+Redesign/Apparel/IamRemarkable+Hoodie
5927387.2905193445,view_item,1606222161991626,https://shop.googlemerchandisestore.com/Google+Redesign/ApparelGoogle+Beekeepers+Tee+Mint
5927387.2905193445,view_item,1606222182072331,https://shop.googlemerchandisestore.com/Google+Redesign/Apparel/Android+Garden+Tee+Orange
5927387.2905193445,view_item,1606222192111047,https://shop.googlemerchandisestore.com/Google+Redesign/Apparel/IamRemarkable+Ladies+T-Shirt
5927387.2905193445,view_item,1606222251922921,https://shop.googlemerchandisestore.com/Google+Redesign/Apparel/YouTube+Twill+Cap+Sandwich+Black
5927387.2905193445,view_item,1606222300894930,https://shop.googlemerchandisestore.com/Google+Redesign/Lifestyle/Fun/Google+Kick+Ball.axd
5934688.8369478246,purchase,1606756010506268,https://shop.googlemerchandisestore.com/ordercompleted.html
59427000.7305194715,purchase,1608177457346296,https://shop.googlemerchandisestore.com/ordercompleted.html
59440318.5200475785,purchase,1606252653815470,https://shop.googlemerchandisestore.com/ordercompleted.html
59440589.7744966984,purchase,1607948481739115,https://shop.googlemerchandisestore.com/ordercompleted.html
5944656.1114880098,view_item,1606185671361255,https://shop.googlemerchandisestore.com/Google+Redesign/Accessories/Google+Magnet
59568325.0734810744,purchase,1606738125427043,https://shop.googlemerchandisestore.com/ordercompleted.html
59568325.0734810744,begin_checkout,1608535879144922,https://shop.googlemerchandisestore.com/yourinfo.html
59568325.0734810744,begin_checkout,1608535879240557,https://shop.googlemerchandisestore.com/yourinfo.html
59568325.0734810744,begin_checkout,1608535879240815,https://shop.googlemerchandisestore.com/yourinfo.html
59568325.0734810744,begin_checkout,1608535992541679,https://shop.googlemerchandisestore.com/yourinfo.html
59568325.0734810744,begin_checkout,1608535992640510,https://shop.googlemerchandisestore.com/yourinfo.html
59568325.0734810744,begin_checkout,1608535992647046,https://shop.googlemerchandisestore.com/yourinfo.html
59568325.0734810744,purchase,1608536133430669,https://shop.googlemerchandisestore.com/ordercompleted.html
5958762.0643846515,purchase,1606749843575401,https://shop.googlemerchandisestore.com/ordercompleted.html
5969585.7644205678,view_item,1606234803364089,https://shop.googlemerchandisestore.com/Google+Yellowesign/Apparel/Google+Tee+Yellow
5969585.7644205678,view_item,1606234817419733,https://shop.googlemerchandisestore.com/Google+Redesign/Apparel/Google+Tonal+Tee+Spearmint
5969585.7644205678,view_item,1606234834338185,https://shop.googlemerchandisestore.com/Google+Redesign/Apparel/Google+Tee+Dark+Blue
5969585.7644205678,view_item,1606234851145029,https://shop.googlemerchandisestore.com/Google+Redesign/Apparel/Google+Black+Tee
5969585.7644205678,view_item,1606234860087125,https://shop.googlemerchandisestore.com/Google+Redesign/Apparel/Google+Grey+Tee
5969585.7644205678,view_item,1606234918159679,https://shop.googlemerchandisestore.com/Google+Redesign/Apparel/Google+Tee+FC+Black
5973523.5114607466,view_item,1606204248092293,https://shop.googlemerchandisestore.com/Google+Redesign/Apparel/Google+Tee+Dark+Blue
5973523.5114607466,view_item,1606204255576927,https://shop.googlemerchandisestore.com/Google+Redesign/Apparel/Google+Tee+Dark+Blue
5973523.5114607466,view_item,1606204276230297,https://shop.googlemerchandisestore.com/Google+Redesign/Apparel/Google+Black+Tee
5973523.5114607466,view_item,1606204442899480,https://shop.googlemerchandisestore.com/Google+Redesign/Apparel/Google+Tee+FC+Black
5973523.5114607466,purchase,1606309176422339,https://shop.googlemerchandisestore.com/ordercompleted.html
5996473.2606177796,purchase,1608134442450484,https://shop.googlemerchandisestore.com/ordercompleted.html
6006118.2429897577,purchase,1606729915108505,https://shop.googlemerchandisestore.com/ordercompleted.html
60085200.4374970044,add_to_cart,1607067316076596,https://shop.googlemerchandisestore.com/store.html
60085200.4374970044,add_to_cart,1607067486140383,https://shop.googlemerchandisestore.com/store.html
60085200.4374970044,add_to_cart,1607067492856010,https://shop.googlemerchandisestore.com/store.html
60085200.4374970044,add_to_cart,1607067503484223,https://shop.googlemerchandisestore.com/store.html
60085200.4374970044,add_to_cart,1607067516411508,https://shop.googlemerchandisestore.com/store.html
60085200.4374970044,add_to_cart,1607067666154727,https://shop.googlemerchandisestore.com/store.html
60085200.4374970044,add_to_cart,1607067673858513,https://shop.googlemerchandisestore.com/store.html
60182642.3435447102,purchase,1605226029837803,https://shop.googlemerchandisestore.com/ordercompleted.html
60189896.9468765048,purchase,1606268850908785,https://shop.googlemerchandisestore.com/ordercompleted.html
60250165.3437538758,purchase,1606725996743330,https://shop.googlemerchandisestore.com/ordercompleted.html
60280907.5030142759,purchase,1607967025440366,https://shop.googlemerchandisestore.com/ordercompleted.html
6032762.7411439365,view_item,1606250622754192,https://shop.googlemerchandisestore.com/Google+Redesign/Accessories/Google+Campus+Bike
6032762.7411439365,view_item,1606250656752917,https://shop.googlemerchandisestore.com/Google+Redesign/Bags/Google+Utility+BackPack
6032762.7411439365,view_item,1606250704299369,https://shop.googlemerchandisestore.com/Google+Redesign/Accessories/Noogler+Android+Figure+2019
6032762.7411439365,view_item,1606250893519506,https://shop.googlemerchandisestore.com/Google+Redesign/Bags/Google+Flat+Front+Bag+Grey
6032762.7411439365,view_item,1606252454101611,https://shop.googlemerchandisestore.com/Google+Redesign/Accessories/Google+Campus+Bike
6032762.7411439365,view_item,1606252504691582,https://shop.googlemerchandisestore.com/Google+Redesign/Bags/Google+Utility+BackPack
6033250.4611632939,view_item,1606237783350330,https://shop.googlemerchandisestore.com/Google+Redesign/Google+Land+and+Sea+French+Terry+Sweatshirt
60382981.7103950922,begin_checkout,1608589714893051,https://shop.googlemerchandisestore.com/yourinfo.html
60382981.7103950922,begin_checkout,1608589715042231,https://shop.googlemerchandisestore.com/yourinfo.html
60382981.7103950922,begin_checkout,1608589715045404,https://shop.googlemerchandisestore.com/yourinfo.html
60425733.9344537014,purchase,1606246594313633,https://shop.googlemerchandisestore.com/ordercompleted.html
60425733.9344537014,purchase,1608231628611376,https://shop.googlemerchandisestore.com/ordercompleted.html
6043750.5611097402,add_to_cart,1607054773551148,https://shop.googlemerchandisestore.com/Google+Redesign/Apparel/Hats
6044179.9713391423,view_item,1606198864526788,https://shop.googlemerchandisestore.com/Google+Redesign/Super+G+Unisex+Joggers
6050400.1592934348,purchase,1606559793167353,https://shop.googlemerchandisestore.com/ordercompleted.html
60519873.4627231601,add_to_cart,1607057258099906,https://shop.googlemerchandisestore.com/asearch.html
60519873.4627231601,add_to_cart,1607057279328904,https://shop.googlemerchandisestore.com/asearch.html
60519873.4627231601,add_to_cart,1607057309501817,https://shop.googlemerchandisestore.com/asearch.html
60519873.4627231601,add_to_cart,1607057354375017,https://shop.googlemerchandisestore.com/asearch.html
60519873.4627231601,purchase,1607057585899687,https://shop.googlemerchandisestore.com/ordercompleted.html
60536675.2873170774,purchase,1606763418257902,https://shop.googlemerchandisestore.com/ordercompleted.html
60536675.2873170774,purchase,1607983476630127,https://shop.googlemerchandisestore.com/ordercompleted.html
60536675.2873170774,purchase,1607983916828326,https://shop.googlemerchandisestore.com/ordercompleted.html
6061725953.8302009147,purchase,1606696161958311,https://shop.googlemerchandisestore.com/ordercompleted.html
60670652.1232989037,purchase,1606187758784343,https://shop.googlemerchandisestore.com/ordercompleted.html
60670652.1232989037,purchase,1606187758838269,https://shop.googlemerchandisestore.com/ordercompleted.html
6072463.1803217592,purchase,1606305070951957,https://shop.googlemerchandisestore.com/ordercompleted.html
6080877.8085762728,purchase,1606523400199324,https://shop.googlemerchandisestore.com/ordercompleted.html
6085157.6522638010,purchase,1608113510844055,https://shop.googlemerchandisestore.com/ordercompleted.html
6086858.9440406777,purchase,1607378704923493,https://shop.googlemerchandisestore.com/ordercompleted.html
60884649.3274819122,purchase,1606560156534122,https://shop.googlemerchandisestore.com/ordercompleted.html
60912152.9190191451,purchase,1606712051604722,https://shop.googlemerchandisestore.com/ordercompleted.html
6095713.4538626752,purchase,1608615341839569,https://shop.googlemerchandisestore.com/ordercompleted.html
6129432.4717548458,view_item,1606195284498480,https://shop.googlemerchandisestore.com/Google+Redesign/Lifestyle/Google+Bear+Baby+Blanket+Beige
6135276.4885181224,view_item,1606228555335416,https://shop.googlemerchandisestore.com/Google+Redesign/Lifestyle/Fun/Google+Kick+Ball.axd
6135276.4885181224,view_item,1606228603693949,https://shop.googlemerchandisestore.com/Google+Redesign/Apparel/YouTube+Twill+Cap+Sandwich+Black
61367617.5801864153,purchase,1608212137623322,https://shop.googlemerchandisestore.com/ordercompleted.html
61404200.9076938118,purchase,1606320902796233,https://shop.googlemerchandisestore.com/ordercompleted.html
6145836.1172580962,purchase,1608153878384333,https://shop.googlemerchandisestore.com/ordercompleted.html
6151599.7547010396,purchase,1605286117566324,https://shop.googlemerchandisestore.com/ordercompleted.html
6156964.7135930291,add_to_cart,1607090265842280,https://shop.googlemerchandisestore.com/Google+Redesign/Shop+by+Brand
61577291.2144566004,purchase,1605878736007052,https://shop.googlemerchandisestore.com/ordercompleted.html
61577291.2144566004,purchase,1605878736020365,https://shop.googlemerchandisestore.com/ordercompleted.html
6171433.4572198027,purchase,1607935373379138,https://shop.googlemerchandisestore.com/ordercompleted.html
61777800.1566735080,purchase,1606232973521158,https://shop.googlemerchandisestore.com/ordercompleted.html
6179560.2058515702,add_to_cart,1607054283855006,https://shop.googlemerchandisestore.com/Google+Redesign/Clearance
6179560.2058515702,add_to_cart,1607054290914239,https://shop.googlemerchandisestore.com/Google+Redesign/Clearance
6187495.0106411561,view_item,1606233059178632,https://shop.googlemerchandisestore.com/Google+Redesign/Bags/Google+Incognito+Zippack+V2
6187495.0106411561,view_item,1606233085296817,https://shop.googlemerchandisestore.com/Google+Redesign/Bags/Google+Incognito+Techpack+V2
6187495.0106411561,view_item,1606236923583973,https://shop.googlemerchandisestore.com/Google+Redesign/Campus+Collection/Google+Mountain+View+Campus+Zip+Hoodie
6187495.0106411561,view_item,1606236971790714,https://shop.googlemerchandisestore.com/Google+Redesign/Apparel/Google+Mountain+View+Tee+Red
6187495.0106411561,view_item,1606237021524572,https://shop.googlemerchandisestore.com/Google+Redesign/Apparel/Google+Mountain+View+Tee+Blue
6187495.0106411561,view_item,1606237195557872,https://shop.googlemerchandisestore.com/Google+Redesign/Accessories/Google+See+no+hear+no+set
6187495.0106411561,view_item,1606237270885635,https://shop.googlemerchandisestore.com/Google+Redesign/Accessories/Noogler+Android+Figure+2019
6187495.0106411561,purchase,1606314938413734,https://shop.googlemerchandisestore.com/ordercompleted.html
6189590.1425632183,view_item,1606228271409755,https://shop.googlemerchandisestore.com/Google+Redesign/Bags/Google+Incognito+Flap+Pack
61950105.0982572615,begin_checkout,1608857485618096,https://shop.googlemerchandisestore.com/yourinfo.html
61950105.0982572615,begin_checkout,1608857485760784,https://shop.googlemerchandisestore.com/yourinfo.html
61950105.0982572615,begin_checkout,1608857485792433,https://shop.googlemerchandisestore.com/yourinfo.html
61950105.0982572615,begin_checkout,1608857656410521,https://shop.googlemerchandisestore.com/yourinfo.html
61950105.0982572615,begin_checkout,1608857656580819,https://shop.googlemerchandisestore.com/yourinfo.html
61950105.0982572615,begin_checkout,1608857656610627,https://shop.googlemerchandisestore.com/yourinfo.html
61950105.0982572615,begin_checkout,1608857698400321,https://shop.googlemerchandisestore.com/yourinfo.html
61950105.0982572615,begin_checkout,1608857698473190,https://shop.googlemerchandisestore.com/yourinfo.html
61950105.0982572615,begin_checkout,1608857698542555,https://shop.googlemerchandisestore.com/yourinfo.html
61950105.0982572615,begin_checkout,1608858313778320,https://shop.googlemerchandisestore.com/yourinfo.html
61950105.0982572615,begin_checkout,1608858313911815,https://shop.googlemerchandisestore.com/yourinfo.html
61950105.0982572615,begin_checkout,1608858313920629,https://shop.googlemerchandisestore.com/yourinfo.html
61950105.0982572615,begin_checkout,1608858437113367,https://shop.googlemerchandisestore.com/yourinfo.html
61950105.0982572615,begin_checkout,1608858437214911,https://shop.googlemerchandisestore.com/yourinfo.html
61950105.0982572615,begin_checkout,1608858437230713,https://shop.googlemerchandisestore.com/yourinfo.html
61950105.0982572615,begin_checkout,1608858507655680,https://shop.googlemerchandisestore.com/yourinfo.html
61950105.0982572615,begin_checkout,1608858507765183,https://shop.googlemerchandisestore.com/yourinfo.html
61950105.0982572615,begin_checkout,1608858507801936,https://shop.googlemerchandisestore.com/yourinfo.html
61950105.0982572615,begin_checkout,1608858656734465,https://shop.googlemerchandisestore.com/yourinfo.html
61950105.0982572615,begin_checkout,1608858656913015,https://shop.googlemerchandisestore.com/yourinfo.html
61950105.0982572615,begin_checkout,1608858656935851,https://shop.googlemerchandisestore.com/yourinfo.html
61963024.8202742305,purchase,1609043347558241,https://shop.googlemerchandisestore.com/ordercompleted.html
6197216.8536548321,begin_checkout,1608880700979738,https://shop.googlemerchandisestore.com/yourinfo.html
6197216.8536548321,begin_checkout,1608880700998669,https://shop.googlemerchandisestore.com/yourinfo.html
6197216.8536548321,begin_checkout,1608880701028074,https://shop.googlemerchandisestore.com/yourinfo.html
61993137.2687500012,purchase,1608654377229382,https://shop.googlemerchandisestore.com/ordercompleted.html
62015338.5335900578,purchase,1608156883172035,https://shop.googlemerchandisestore.com/ordercompleted.html
62041179.6162419229,purchase,1608130457609402,https://shop.googlemerchandisestore.com/ordercompleted.html
6205767.1192375794,view_item,1606212564334792,https://shop.googlemerchandisestore.com/Google+Redesign/Bags/Supernatural+Paper+Backpack
6205767.1192375794,view_item,1606212570343858,https://shop.googlemerchandisestore.com/Google+Redesign/Drinkware/Google+KeepCup
62091849.9050525976,purchase,1607303043483984,https://shop.googlemerchandisestore.com/ordercompleted.html
6217048.6642774364,view_item,1606225712512156,https://shop.googlemerchandisestore.com/Google+Redesign/Drinkware/Google+Super+G+Tumbler+Blue+Lid
6217048.6642774364,view_item,1606225774347314,https://shop.googlemerchandisestore.com/Google+Redesign/Apparel/Google+Leather+Strap+Hat+Black
6217048.6642774364,view_item,1606225902576976,https://shop.googlemerchandisestore.com/Google+Redesign/Apparel/Google+FC+Longsleeve+Ash
6217048.6642774364,view_item,1606225945000033,https://shop.googlemerchandisestore.com/Google+Redesign/Lifestyle/Google+Land+and+Sea+Nalgene+Water+Bottle+LS
6217048.6642774364,view_item,1606225998685618,https://shop.googlemerchandisestore.com/Google+Yellowesign/Apparel/Google+Tee+Yellow
6217048.6642774364,view_item,1606226020441559,https://shop.googlemerchandisestore.com/Google+Redesign/Apparel/Google+Tonal+Tee+Spearmint
6217048.6642774364,view_item,1606226042500532,https://shop.googlemerchandisestore.com/Google+Redesign/Apparel/Google+Tee+Dark+Blue
6217048.6642774364,view_item,1606226067336988,https://shop.googlemerchandisestore.com/Google+Redesign/Apparel/Google+Tonal+Tee+Coral
6217048.6642774364,view_item,1606226105627031,https://shop.googlemerchandisestore.com/Google+Redesign/Apparel/Google+Tee+Blue
6217048.6642774364,view_item,1606226144143588,https://shop.googlemerchandisestore.com/Google+Redesign/Apparel/Google+Cotopaxi+Shell
62352188.0721262860,purchase,1606714168973762,https://shop.googlemerchandisestore.com/ordercompleted.html
62395011.7852261797,purchase,1607346948452444,https://shop.googlemerchandisestore.com/ordercompleted.html
624755220.7269843161,purchase,1606554414715350,https://shop.googlemerchandisestore.com/ordercompleted.html
62526775.3330591472,purchase,1606280547448715,https://shop.googlemerchandisestore.com/ordercompleted.html
6266986.5618192324,purchase,1606566564415181,https://shop.googlemerchandisestore.com/ordercompleted.html
6272530.1263809832,purchase,1606762361446794,https://shop.googlemerchandisestore.com/ordercompleted.html
6273742.7608658637,purchase,1606276180060006,https://shop.googlemerchandisestore.com/ordercompleted.html
6283181.1330702498,view_item,1606181418239852,https://shop.googlemerchandisestore.com/Google+Redesign/Bags/Google+Utility+BackPack
6283181.1330702498,view_item,1606181460771010,https://shop.googlemerchandisestore.com/Google+Redesign/Bags/Google+Flat+Front+Bag+Grey
6283181.1330702498,view_item,1606181945325455,https://shop.googlemerchandisestore.com/Google+Redesign/Bags/Google+Utility+BackPack
62856019.3238415642,purchase,1606558117169077,https://shop.googlemerchandisestore.com/ordercompleted.html
62926115.2506930242,purchase,1606268388703003,https://shop.googlemerchandisestore.com/ordercompleted.html
62926115.2506930242,purchase,1606268388757266,https://shop.googlemerchandisestore.com/ordercompleted.html
6295459.5314511143,purchase,1608620674380314,https://shop.googlemerchandisestore.com/ordercompleted.html
6305354.2160333175,view_item,1606236219399825,https://shop.googlemerchandisestore.com/Google+Redesign/Apparel/Google+Sherpa+Zip+Hoodie+Charcoal
6305601780.6598938086,purchase,1606772186582114,https://shop.googlemerchandisestore.com/ordercompleted.html
6307506.0897275676,purchase,1606780595597293,https://shop.googlemerchandisestore.com/ordercompleted.html
63177378.7681474242,purchase,1606731246470443,https://shop.googlemerchandisestore.com/ordercompleted.html
63177378.7681474242,purchase,1606731540151557,https://shop.googlemerchandisestore.com/ordercompleted.html
63177378.7681474242,purchase,1606731794792233,https://shop.googlemerchandisestore.com/ordercompleted.html
63177378.7681474242,purchase,1606732048112831,https://shop.googlemerchandisestore.com/ordercompleted.html
6323114.9323592487,add_to_cart,1607049425067308,https://shop.googlemerchandisestore.com/Google+Redesign/Apparel/Hats
6323114.9323592487,add_to_cart,1607049447038920,https://shop.googlemerchandisestore.com/Google+Redesign/Apparel/Hats
63530640.3666612990,purchase,1609057688832124,https://shop.googlemerchandisestore.com/ordercompleted.html
6366199.3743401533,view_item,1606176594005205,https://shop.googlemerchandisestore.com/Google+Redesign/Accessories/Google+Medium+Pet+Leash+Red+Yellow
6381247.2447998039,add_to_cart,1607063104362656,https://shop.googlemerchandisestore.com/store.html
6381247.2447998039,add_to_cart,1607063971479843,https://shop.googlemerchandisestore.com/store.html
6381247.2447998039,add_to_cart,1607065489758030,https://shop.googlemerchandisestore.com/store.html
6381247.2447998039,add_to_cart,1607067240971029,https://shop.googlemerchandisestore.com/Google+Redesign/Apparel/Mens
6381247.2447998039,add_to_cart,1607067425525680,https://shop.googlemerchandisestore.com/Google+Redesign/Lifestyle/Drinkware
6381247.2447998039,add_to_cart,1607067583468605,https://shop.googlemerchandisestore.com/Google+Redesign/Stationery/Writing
6381247.2447998039,add_to_cart,1607068356534148,https://shop.googlemerchandisestore.com/Google+Redesign/Shop+by+Brand/Google
6381247.2447998039,add_to_cart,1607068458400658,https://shop.googlemerchandisestore.com/Google+Redesign/Shop+by+Brand/Google
6381247.2447998039,add_to_cart,1607068466645653,https://shop.googlemerchandisestore.com/Google+Redesign/Shop+by+Brand/Google
6381247.2447998039,add_to_cart,1607070164544484,https://shop.googlemerchandisestore.com/asearch.html
6381247.2447998039,add_to_cart,1607070169831006,https://shop.googlemerchandisestore.com/asearch.html
6381247.2447998039,add_to_cart,1607070517176162,https://shop.googlemerchandisestore.com/Google+Redesign/Apparel/Kids
6381676.9878308533,begin_checkout,1611976371165484,https://shop.googlemerchandisestore.com/yourinfo.html
6381676.9878308533,begin_checkout,1611976371174591,https://shop.googlemerchandisestore.com/yourinfo.html
6381676.9878308533,purchase,1611976462591679,https://shop.googlemerchandisestore.com/ordercompleted.html
63844412.3659435709,purchase,1608192323526036,https://shop.googlemerchandisestore.com/ordercompleted.html
63844773.7751809422,purchase,1606265901868238,https://shop.googlemerchandisestore.com/ordercompleted.html
6389955.2472930447,begin_checkout,1608910401975942,https://shop.googlemerchandisestore.com/yourinfo.html
6389955.2472930447,begin_checkout,1608910402110774,https://shop.googlemerchandisestore.com/yourinfo.html
6389955.2472930447,begin_checkout,1608910402118975,https://shop.googlemerchandisestore.com/yourinfo.html
63900282.3363580230,purchase,1606205414582838,https://shop.googlemerchandisestore.com/ordercompleted.html
63900282.3363580230,purchase,1606205414669110,https://shop.googlemerchandisestore.com/ordercompleted.html
63999151.9872059715,purchase,1606752410429490,https://shop.googlemerchandisestore.com/ordercompleted.html
6405125.4983649700,purchase,1606741272728009,https://shop.googlemerchandisestore.com/ordercompleted.html
6406174.6400107326,purchase,1608094145702172,https://shop.googlemerchandisestore.com/ordercompleted.html
64087102.2456314175,purchase,1605892107182797,https://shop.googlemerchandisestore.com/ordercompleted.html
64120104.5265891556,purchase,1606340185096267,https://shop.googlemerchandisestore.com/ordercompleted.html
6424047.8666679089,purchase,1605597006476710,https://shop.googlemerchandisestore.com/ordercompleted.html
6429413943.0975708335,purchase,1606754261712179,https://shop.googlemerchandisestore.com/ordercompleted.html
6435466.2212327811,purchase,1607910121583148,https://shop.googlemerchandisestore.com/ordercompleted.html
6435466.2212327811,purchase,1607910154497845,https://shop.googlemerchandisestore.com/ordercompleted.html
64415751.8833284088,purchase,1611972723081676,https://shop.googlemerchandisestore.com/ordercompleted.html
64416999.5439036039,purchase,1605914755781138,https://shop.googlemerchandisestore.com/ordercompleted.html
64416999.5439036039,purchase,1605914755813225,https://shop.googlemerchandisestore.com/ordercompleted.html
6445842.1907114377,view_item,1606202297526399,https://shop.googlemerchandisestore.com/Google+Redesign/Apparel/YouTube+Twill+Cap+Sandwich+Black
6445892.8785219212,purchase,1605915995056632,https://shop.googlemerchandisestore.com/ordercompleted.html
6445892.8785219212,purchase,1605915995072435,https://shop.googlemerchandisestore.com/ordercompleted.html
6446065.2866692425,add_to_cart,1607048371279951,https://shop.googlemerchandisestore.com/Google+Redesign/Lifestyle/Drinkware
6446065.2866692425,add_to_cart,1607048379345394,https://shop.googlemerchandisestore.com/Google+Redesign/Lifestyle/Drinkware
6461782.2197939788,view_item,1606210450910872,https://shop.googlemerchandisestore.com/Google+Redesign/Lifestyle/Google+Bear+Baby+Blanket+Beige
64681465.6816600292,purchase,1606263399853484,https://shop.googlemerchandisestore.com/ordercompleted.html
64681465.6816600292,purchase,1606339243931452,https://shop.googlemerchandisestore.com/ordercompleted.html
64707869.9107693145,purchase,1608126059395420,https://shop.googlemerchandisestore.com/ordercompleted.html
6472413.1744436238,view_item,1606189353356378,https://shop.googlemerchandisestore.com/Google+Redesign/Drinkware/Google+KeepCup
6472413.1744436238,view_item,1606189391534952,https://shop.googlemerchandisestore.com/Google+Redesign/Bags/Supernatural+Paper+Backpack
6472499.9883959963,purchase,1605854580158280,https://shop.googlemerchandisestore.com/ordercompleted.html
6472499.9883959963,purchase,1605854580284626,https://shop.googlemerchandisestore.com/ordercompleted.html
64740644.1898496568,begin_checkout,1608579862262076,https://shop.googlemerchandisestore.com/yourinfo.html
64740644.1898496568,begin_checkout,1608579862774255,https://shop.googlemerchandisestore.com/yourinfo.html
64740644.1898496568,begin_checkout,1608579862783682,https://shop.googlemerchandisestore.com/yourinfo.html
64740644.1898496568,begin_checkout,1608579911124979,https://shop.googlemerchandisestore.com/yourinfo.html
64740644.1898496568,begin_checkout,1608579911371683,https://shop.googlemerchandisestore.com/yourinfo.html
64740644.1898496568,begin_checkout,1608579911390924,https://shop.googlemerchandisestore.com/yourinfo.html
64740644.1898496568,purchase,1608580136163182,https://shop.googlemerchandisestore.com/ordercompleted.html
6476625.4953512502,purchase,1606764862477882,https://shop.googlemerchandisestore.com/ordercompleted.html
6476625.4953512502,purchase,1606765096762399,https://shop.googlemerchandisestore.com/ordercompleted.html
6485089.4611678328,view_item,1606192358080499,https://shop.googlemerchandisestore.com/Google+Redesign/Bags/Google+Utility+BackPack
6485089.4611678328,view_item,1606192376079443,https://shop.googlemerchandisestore.com/Google+Redesign/Bags/Google+Incognito+Techpack+V2
6486580845.8844443076,begin_checkout,1608541515480390,https://shop.googlemerchandisestore.com/yourinfo.html
6486580845.8844443076,begin_checkout,1608541515597781,https://shop.googlemerchandisestore.com/yourinfo.html
6486580845.8844443076,begin_checkout,1608541515611317,https://shop.googlemerchandisestore.com/yourinfo.html
6488580233.2228683836,purchase,1608108143222877,https://shop.googlemerchandisestore.com/ordercompleted.html
65032571.6974969637,purchase,1605295581209058,https://shop.googlemerchandisestore.com/ordercompleted.html
6507726.8917893919,begin_checkout,1608585738068698,https://shop.googlemerchandisestore.com/yourinfo.html
6507726.8917893919,begin_checkout,1608585738184181,https://shop.googlemerchandisestore.com/yourinfo.html
6507726.8917893919,begin_checkout,1608585738192181,https://shop.googlemerchandisestore.com/yourinfo.html
6507726.8917893919,begin_checkout,1608585781822354,https://shop.googlemerchandisestore.com/yourinfo.html
6507726.8917893919,begin_checkout,1608585781912607,https://shop.googlemerchandisestore.com/yourinfo.html
6507726.8917893919,begin_checkout,1608585781920664,https://shop.googlemerchandisestore.com/yourinfo.html
6507726.8917893919,purchase,1608586338997096,https://shop.googlemerchandisestore.com/ordercompleted.html
65083326.2702378833,purchase,1606773373460920,https://shop.googlemerchandisestore.com/ordercompleted.html
6509345.0221361040,purchase,1607945909230133,https://shop.googlemerchandisestore.com/ordercompleted.html
65136379.8546335808,purchase,1605307628319433,https://shop.googlemerchandisestore.com/ordercompleted.html
6513698.9723353874,purchase,1606177405415912,https://shop.googlemerchandisestore.com/ordercompleted.html
6513698.9723353874,purchase,1606177405437809,https://shop.googlemerchandisestore.com/ordercompleted.html
65163016.2468447960,purchase,1608202934111013,https://shop.googlemerchandisestore.com/ordercompleted.html
65189693.2787755996,purchase,1607380187594571,https://shop.googlemerchandisestore.com/ordercompleted.html
65224534.5204315996,purchase,1607377612110104,https://shop.googlemerchandisestore.com/ordercompleted.html
65476879.2983809506,purchase,1608624959284188,https://shop.googlemerchandisestore.com/ordercompleted.html
65484697.9961257356,begin_checkout,1608590674563860,https://shop.googlemerchandisestore.com/yourinfo.html
65484697.9961257356,begin_checkout,1608590674702728,https://shop.googlemerchandisestore.com/yourinfo.html
65484697.9961257356,begin_checkout,1608590674724993,https://shop.googlemerchandisestore.com/yourinfo.html
65484697.9961257356,purchase,1608590807652540,https://shop.googlemerchandisestore.com/ordercompleted.html
65521012.0988980989,purchase,1607365530582209,https://shop.googlemerchandisestore.com/ordercompleted.html
65521012.0988980989,purchase,1607367223286596,https://shop.googlemerchandisestore.com/ordercompleted.html
6567766382.8954640880,purchase,1606234108478096,https://shop.googlemerchandisestore.com/ordercompleted.html
6587964.9053130673,add_to_cart,1607084223405552,https://shop.googlemerchandisestore.com/Google+Redesign/Apparel/Hats
6587964.9053130673,add_to_cart,1607084248110377,https://shop.googlemerchandisestore.com/Google+Redesign/Apparel/Hats
65961107.4750713729,add_to_cart,1607071959941705,https://shop.googlemerchandisestore.com/Google+Redesign/Apparel/Socks
65961107.4750713729,purchase,1607072234584827,https://shop.googlemerchandisestore.com/ordercompleted.html
66003152.6293590689,purchase,1608603123286993,https://shop.googlemerchandisestore.com/ordercompleted.html
6601503.8992406950,purchase,1607969808955601,https://shop.googlemerchandisestore.com/ordercompleted.html
66036121.7799299870,purchase,1607956690116356,https://shop.googlemerchandisestore.com/ordercompleted.html
6603816.5140292624,view_item,1606192843477990,https://shop.googlemerchandisestore.com/Google+Redesign/Campus+Collection/Google+Sunnyvale+Campus+Zip+Hoodie
6608637449.3511166305,purchase,1606328036375230,https://shop.googlemerchandisestore.com/ordercompleted.html
6608637449.3511166305,purchase,1606332129342455,https://shop.googlemerchandisestore.com/ordercompleted.html
66118688.0355028155,purchase,1607094225944724,https://shop.googlemerchandisestore.com/ordercompleted.html
6632339.3876229387,view_item,1606186459301121,https://shop.googlemerchandisestore.com/Google+Redesign/Office/Google+Phone+Stand+Bamboo
6652977.1027873844,purchase,1605632603465605,https://shop.googlemerchandisestore.com/ordercompleted.html
6652977.1027873844,purchase,1605632956866382,https://shop.googlemerchandisestore.com/ordercompleted.html
6652977.1027873844,purchase,1605633688285398,https://shop.googlemerchandisestore.com/ordercompleted.html
6652977.1027873844,purchase,1605633881616991,https://shop.googlemerchandisestore.com/ordercompleted.html
6654192.1493839069,purchase,1607965886522407,https://shop.googlemerchandisestore.com/ordercompleted.html
66546232.8761568990,purchase,1606544099095318,https://shop.googlemerchandisestore.com/ordercompleted.html
66572919.0070303795,purchase,1606189959303612,https://shop.googlemerchandisestore.com/ordercompleted.html
66572919.0070303795,purchase,1606189959337819,https://shop.googlemerchandisestore.com/ordercompleted.html
6665920.8974684372,view_item,1606194481299873,https://shop.googlemerchandisestore.com/Google+Redesign/Apparel/Android+Iconic+Hat+Green
6667186.4705493952,purchase,1608089252144736,https://shop.googlemerchandisestore.com/ordercompleted.html
66722347.8983163223,purchase,1607931302198202,https://shop.googlemerchandisestore.com/ordercompleted.html
6672635860.5383572535,purchase,1605913483358892,https://shop.googlemerchandisestore.com/ordercompleted.html
6672635860.5383572535,purchase,1605913483382720,https://shop.googlemerchandisestore.com/ordercompleted.html
6679277.3966848343,begin_checkout,1608896011027063,https://shop.googlemerchandisestore.com/yourinfo.html
6679277.3966848343,begin_checkout,1608896011140493,https://shop.googlemerchandisestore.com/yourinfo.html
6679277.3966848343,begin_checkout,1608896011150695,https://shop.googlemerchandisestore.com/yourinfo.html
6685656.2124394276,begin_checkout,1612027516737414,https://shop.googlemerchandisestore.com/yourinfo.html
6685656.2124394276,begin_checkout,1612027516772676,https://shop.googlemerchandisestore.com/yourinfo.html
6685656.2124394276,purchase,1612027784362177,https://shop.googlemerchandisestore.com/ordercompleted.html
66888229.7531203853,purchase,1607325346424204,https://shop.googlemerchandisestore.com/ordercompleted.html
6690303.0837946895,view_item,1606238221894470,https://shop.googlemerchandisestore.com/Google+Redesign/Bags/Google+Utility+BackPack
6690303.0837946895,view_item,1606243679909991,https://shop.googlemerchandisestore.com/Google+Redesign/Apparel/Google+FC+Longsleeve+Charcoal
6690303.0837946895,view_item,1606246597558628,https://shop.googlemerchandisestore.com/Google+Redesign/Apparel/Google+FC+Longsleeve+Charcoal
6690303.0837946895,view_item,1606248798023403,https://shop.googlemerchandisestore.com/Google+Redesign/Lifestyle/Fun/Malibu+Sunglasses.axd
6690303.0837946895,view_item,1606250911675446,https://shop.googlemerchandisestore.com/Google+Redesign/Apparel/YouTube+Twill+Cap+Sandwich+Black
6690303.0837946895,view_item,1606251726103469,https://shop.googlemerchandisestore.com/Google+Redesign/Apparel/YouTube+Twill+Cap+Sandwich+Black
6690303.0837946895,view_item,1606253261097803,https://shop.googlemerchandisestore.com/Google+Redesign/Bags/Google+Utility+BackPack
6690303.0837946895,view_item,1606254459821874,https://shop.googlemerchandisestore.com/Google+Redesign/Bags/Google+Utility+BackPack
66913143.5379490723,purchase,1607042747187415,https://shop.googlemerchandisestore.com/ordercompleted.html
6696788.1560128722,begin_checkout,1611996023666315,https://shop.googlemerchandisestore.com/yourinfo.html
6696788.1560128722,begin_checkout,1611996023666827,https://shop.googlemerchandisestore.com/yourinfo.html
66981107.6275848264,begin_checkout,1608529615239673,https://shop.googlemerchandisestore.com/yourinfo.html
66981107.6275848264,begin_checkout,1608529615449663,https://shop.googlemerchandisestore.com/yourinfo.html
66981107.6275848264,begin_checkout,1608529615455007,https://shop.googlemerchandisestore.com/yourinfo.html
66981107.6275848264,purchase,1608529830149815,https://shop.googlemerchandisestore.com/ordercompleted.html
6703401.4849909817,view_item,1606232889109788,https://shop.googlemerchandisestore.com/Google+Redesign/Lifestyle/Fun/Google+Kick+Ball.axd
6709518.3773334846,purchase,1605299462397046,https://shop.googlemerchandisestore.com/ordercompleted.html
67165994.3239573530,purchase,1606558278343105,https://shop.googlemerchandisestore.com/ordercompleted.html
67165994.3239573530,purchase,1606558657805402,https://shop.googlemerchandisestore.com/ordercompleted.html
67179954.2698867804,begin_checkout,1608518645368148,https://shop.googlemerchandisestore.com/yourinfo.html
67179954.2698867804,begin_checkout,1608518645387764,https://shop.googlemerchandisestore.com/yourinfo.html
67179954.2698867804,begin_checkout,1608518645406070,https://shop.googlemerchandisestore.com/yourinfo.html
67242982.0432343274,purchase,1608138523330228,https://shop.googlemerchandisestore.com/ordercompleted.html
67242982.0432343274,purchase,1608152735440880,https://shop.googlemerchandisestore.com/ordercompleted.html
67242982.0432343274,purchase,1608152962997186,https://shop.googlemerchandisestore.com/ordercompleted.html
67244316.0781736432,purchase,1605888547650439,https://shop.googlemerchandisestore.com/ordercompleted.html
67244316.0781736432,purchase,1605888547677925,https://shop.googlemerchandisestore.com/ordercompleted.html
6726337.6675267552,begin_checkout,1608551822406024,https://shop.googlemerchandisestore.com/yourinfo.html
6726337.6675267552,begin_checkout,1608551822589176,https://shop.googlemerchandisestore.com/yourinfo.html
6726337.6675267552,begin_checkout,1608551822603313,https://shop.googlemerchandisestore.com/yourinfo.html
6726337.6675267552,purchase,1608552003682815,https://shop.googlemerchandisestore.com/ordercompleted.html
6734225.7234108378,purchase,1608140164022115,https://shop.googlemerchandisestore.com/ordercompleted.html
67357054.9566811359,purchase,1607070201320109,https://shop.googlemerchandisestore.com/ordercompleted.html
67391455.3832286263,purchase,1606259755243647,https://shop.googlemerchandisestore.com/ordercompleted.html
6743101.4280021996,purchase,1607988129600213,https://shop.googlemerchandisestore.com/ordercompleted.html
67431671.1651955470,purchase,1607126216242911,https://shop.googlemerchandisestore.com/ordercompleted.html
6751305.3722573976,view_item,1606222627575841,https://shop.googlemerchandisestore.com/Google+Redesign/Bags/Google+Mural+Tote
6751305.3722573976,view_item,1606222648321118,https://shop.googlemerchandisestore.com/Google+Redesign/Bags/Google+Large+Tote+White
6751305.3722573976,view_item,1606222842868376,https://shop.googlemerchandisestore.com/Google+Redesign/Bags/Google+Google+Campus+Bike+Tote+Navy
6751305.3722573976,view_item,1606222898384672,https://shop.googlemerchandisestore.com/Google+Redesign/Bags/Google+Large+Tote+White
6751305.3722573976,view_item,1606224187782775,https://shop.googlemerchandisestore.com/Google+Redesign/Office/Google+Mural+Notebook
6759360.4764720830,purchase,1606581848968935,https://shop.googlemerchandisestore.com/ordercompleted.html
67692146.5227615799,purchase,1606322625964916,https://shop.googlemerchandisestore.com/ordercompleted.html
6775372.4463471076,purchase,1605888613624721,https://shop.googlemerchandisestore.com/ordercompleted.html
6775372.4463471076,purchase,1605888613642108,https://shop.googlemerchandisestore.com/ordercompleted.html
67778099.0728510159,purchase,1606555003482309,https://shop.googlemerchandisestore.com/ordercompleted.html
67934362.7951436051,begin_checkout,1608574082341482,https://shop.googlemerchandisestore.com/yourinfo.html
67934362.7951436051,begin_checkout,1608574082547308,https://shop.googlemerchandisestore.com/yourinfo.html
67934362.7951436051,begin_checkout,1608574082554733,https://shop.googlemerchandisestore.com/yourinfo.html
67934362.7951436051,begin_checkout,1608574205158359,https://shop.googlemerchandisestore.com/yourinfo.html
67934362.7951436051,begin_checkout,1608574205284300,https://shop.googlemerchandisestore.com/yourinfo.html
67934362.7951436051,begin_checkout,1608574205295776,https://shop.googlemerchandisestore.com/yourinfo.html
67934362.7951436051,begin_checkout,1608574261978626,https://shop.googlemerchandisestore.com/yourinfo.html
67934362.7951436051,begin_checkout,1608574262143395,https://shop.googlemerchandisestore.com/yourinfo.html
67934362.7951436051,begin_checkout,1608574262156950,https://shop.googlemerchandisestore.com/yourinfo.html
67934362.7951436051,purchase,1608574301508451,https://shop.googlemerchandisestore.com/ordercompleted.html
6801200.8968241705,purchase,1605576325779605,https://shop.googlemerchandisestore.com/ordercompleted.html
6801200.8968241705,purchase,1605576673286038,https://shop.googlemerchandisestore.com/ordercompleted.html
6801200.8968241705,purchase,1605577152127207,https://shop.googlemerchandisestore.com/ordercompleted.html
68013390.7379951300,purchase,1606771566703715,https://shop.googlemerchandisestore.com/ordercompleted.html
6806152.5390581469,purchase,1606285849853177,https://shop.googlemerchandisestore.com/ordercompleted.html
6815073.6152976608,view_item,1606212132264846,https://shop.googlemerchandisestore.com/Google+Redesign/Apparel/YouTube+Crew+Socks
6815211.2687790891,view_item,1606203319395714,https://shop.googlemerchandisestore.com/Google+Redesign/Accessories/Google+Clear+Framed+Blue+Shades
6815211.2687790891,view_item,1606203341611708,https://shop.googlemerchandisestore.com/Google+Redesign/Apparel/Google+Google+Premium+Sunglasses
6815211.2687790891,view_item,1606203376811925,https://shop.googlemerchandisestore.com/Google+Redesign/Stationery/Google+Jotter+Task+Pad
6815211.2687790891,view_item,1606203492244040,https://shop.googlemerchandisestore.com/Google+Redesign/Bags/Google+Flat+Front+Bag+Grey
6816425.5965252664,view_item,1606196571301429,https://shop.googlemerchandisestore.com/Google+Redesign/Bags/Google+Flat+Front+Bag+Grey
6822684.1627482502,purchase,1607326996693997,https://shop.googlemerchandisestore.com/ordercompleted.html
68241082.4024244172,purchase,1607979204383299,https://shop.googlemerchandisestore.com/ordercompleted.html
6844815.2586101539,view_item,1606247514153154,https://shop.googlemerchandisestore.com/Google+Redesign/Bags/Google+Utility+BackPack
6852589435.5129465651,purchase,1607348806209749,https://shop.googlemerchandisestore.com/ordercompleted.html
68610454.7061615878,purchase,1607974913288297,https://shop.googlemerchandisestore.com/ordercompleted.html
68643486.2549022413,purchase,1605916123865767,https://shop.googlemerchandisestore.com/ordercompleted.html
6880004.6367550245,view_item,1606203443022981,https://shop.googlemerchandisestore.com/Google+Redesign/Apparel/Google+Cotopaxi+Shell
6880004.6367550245,view_item,1606203487498555,https://shop.googlemerchandisestore.com/Google+Redesign/Super+G+Unisex+Joggers
6880004.6367550245,view_item,1606203497222801,https://shop.googlemerchandisestore.com/Google+Redesign/Google+Land+and+Sea+Tech+Taco
6880004.6367550245,view_item,1606203508652053,https://shop.googlemerchandisestore.com/Google+Redesign/Google+Blue+Stojo+Cup
6880004.6367550245,view_item,1606203521573875,https://shop.googlemerchandisestore.com/Google+Redesign/Google+Land+and+Sea+Mug
6880004.6367550245,view_item,1606203534237662,https://shop.googlemerchandisestore.com/Google+Redesign/Google+Land+and+Sea+French+Terry+Sweatshirt
6880004.6367550245,view_item,1606203546756704,https://shop.googlemerchandisestore.com/Google+Redesign/Apparel/Google+Land+and+Sea+Cotton+Cap+LS
6880004.6367550245,view_item,1606203560153557,https://shop.googlemerchandisestore.com/Google+Redesign/Lifestyle/Google+Land+and+Sea+Tote+Bag
6880004.6367550245,view_item,1606203572745337,https://shop.googlemerchandisestore.com/Google+Redesign/Stationery/Google+Land+and+Sea+Journal+Set
6880004.6367550245,view_item,1606203585613847,https://shop.googlemerchandisestore.com/Google+Redesign/Lifestyle/Google+Land+and+Sea+Nalgene+Water+Bottle+LS
6880004.6367550245,view_item,1606203599033625,https://shop.googlemerchandisestore.com/Google+Redesign/Apparel/Google+Land+and+Sea+Unisex+Tee
6880004.6367550245,view_item,1606203625459930,https://shop.googlemerchandisestore.com/Google+RMG+Redesign/Lifestyle/Mural+Food+Container
6880004.6367550245,view_item,1606203666266393,https://shop.googlemerchandisestore.com/Google+Redesign/Apparel/Google+Navy+Speckled+Tee
6880004.6367550245,view_item,1606203679478548,https://shop.googlemerchandisestore.com/Google+Redesign/Apparel/Google+Campus+Bike+Eco+Tee+Navy
6880004.6367550245,view_item,1606203692688343,https://shop.googlemerchandisestore.com/Google+Redesign/Apparel/Google+Leather+Strap+Hat+Black
6880004.6367550245,view_item,1606203722452771,https://shop.googlemerchandisestore.com/Google+Redesign/Apparel/Google+Heathered+Pom+Beanie
6880004.6367550245,view_item,1606203763449926,https://shop.googlemerchandisestore.com/Google+Redesign/Apparel/Google+FC+Longsleeve+Charcoal
6880004.6367550245,view_item,1606203776780055,https://shop.googlemerchandisestore.com/Google+Redesign/Apparel/Google+Heather+Green+Speckled+Tee
6880004.6367550245,view_item,1606203790023440,https://shop.googlemerchandisestore.com/Google+Redesign/Apparel/YouTube+Twill+Cap+Sandwich+Black
6880004.6367550245,view_item,1606203805206431,https://shop.googlemerchandisestore.com/Google+Redesign/Apparel/Google+Leather+Strap+Hat+Blue
6880004.6367550245,view_item,1606203817875320,https://shop.googlemerchandisestore.com/Google+Redesign/Apparel/YouTube+Leather+Strap+Hat+Black
6880004.6367550245,view_item,1606203830773064,https://shop.googlemerchandisestore.com/Google+Redesign/Apparel/Google+Speckled+Beanie+Navy
6880004.6367550245,view_item,1606203856216467,https://shop.googlemerchandisestore.com/Google+Redesign/Apparel/Android+Iconic+Hat+V2+Black
6880004.6367550245,view_item,1606203869207219,https://shop.googlemerchandisestore.com/Google+Redesign/Apparel/Android+Iconic+Beanie
6880004.6367550245,view_item,1606203886028212,https://shop.googlemerchandisestore.com/Google+Redesign/Apparel/Android+Iconic+Hat+Green
6880004.6367550245,view_item,1606203902135808,https://shop.googlemerchandisestore.com/Google+Redesign/Apparel/Android+Iconic+Hat+White
6880004.6367550245,view_item,1606203915713059,https://shop.googlemerchandisestore.com/Google+Redesign/Apparel/Google+Infant+Charcoal+Onesie
6880004.6367550245,view_item,1606203941509633,https://shop.googlemerchandisestore.com/Google+Redesign/Apparel/Google+Infant+Hero+Tee+Olive
6880004.6367550245,view_item,1606203955200336,https://shop.googlemerchandisestore.com/Google+Redesign/Apparel/Google+Youth+Hero+Tee+Grey
6880004.6367550245,view_item,1606203969218517,https://shop.googlemerchandisestore.com/Google+Redesign/Apparel/Google+Toddler+FC+Zip+Hoodie
6880004.6367550245,view_item,1606203981910410,https://shop.googlemerchandisestore.com/Google+Redesign/Apparel/Google+Youth+FC+Tee+Charcoal
6880004.6367550245,view_item,1606203997989054,https://shop.googlemerchandisestore.com/Google+Redesign/Apparel/Google+Toddler+Tee+White
6880004.6367550245,view_item,1606204020290468,https://shop.googlemerchandisestore.com/Google+Redesign/Apparel/Google+Toddler+FC+Tee+Charcoal
6880004.6367550245,view_item,1606204038031327,https://shop.googlemerchandisestore.com/Google+Redesign/Apparel/Google+Youth+FC+Longsleeve+Charcoal
6880004.6367550245,view_item,1606204060154593,https://shop.googlemerchandisestore.com/Google+Redesign/Apparel/Google+Toddler+Hero+Tee+Olive
6880004.6367550245,view_item,1606204079425921,https://shop.googlemerchandisestore.com/Google+Redesign/Apparel/Google+Youth+Hero+Tee+Maroon
6880004.6367550245,view_item,1606204098664432,https://shop.googlemerchandisestore.com/Google+Redesign/Apparel/Google+Toddler+Hero+Tee+Black
6880004.6367550245,view_item,1606204121076999,https://shop.googlemerchandisestore.com/Google+Redesign/Apparel/Google+Sherpa+Zip+Hoodie+Navy
6880004.6367550245,view_item,1606204183150271,https://shop.googlemerchandisestore.com/Google+Redesign/Apparel/Google+Crew+Socks
6880004.6367550245,view_item,1606204204203093,https://shop.googlemerchandisestore.com/Google+Redesign/Apparel/YouTube+Crew+Socks
6880004.6367550245,view_item,1606204223452877,https://shop.googlemerchandisestore.com/Google+Redesign/Apparel/Google+Google+Crew+Striped+Athletic+Sock
6880004.6367550245,view_item,1606204236539003,https://shop.googlemerchandisestore.com/Google+Redesign/Apparel/Google+Google+Crew+Combed+Cotton+Sock
6880004.6367550245,view_item,1606204248152554,https://shop.googlemerchandisestore.com/Google+Redesign/Apparel/Android+Iconic+Sock
6880004.6367550245,view_item,1606204259059842,https://shop.googlemerchandisestore.com/Google+Redesign/Apparel/Google+Mural+Socks
6880004.6367550245,view_item,1606204273391230,https://shop.googlemerchandisestore.com/Google+Redesign/Apparel/IamRemarkable+Hoodie
6880004.6367550245,view_item,1606204354263844,https://shop.googlemerchandisestore.com/Google+Redesign/ApparelGoogle+Beekeepers+Tee+Mint
6880004.6367550245,view_item,1606204380443790,https://shop.googlemerchandisestore.com/Google+Redesign/Apparel/Android+Garden+Tee+Orange
6880004.6367550245,view_item,1606204393943377,https://shop.googlemerchandisestore.com/Google+Redesign/Apparel/IamRemarkable+Ladies+T-Shirt
6880004.6367550245,view_item,1606204465102971,https://shop.googlemerchandisestore.com/Google+Redesign/Apparel/YouTube+Twill+Cap+Sandwich+Black
6880004.6367550245,view_item,1606204527034138,https://shop.googlemerchandisestore.com/Google+Redesign/Lifestyle/Fun/Google+Kick+Ball.axd
6889741.3827036520,begin_checkout,1608511763390819,https://shop.googlemerchandisestore.com/yourinfo.html
6889741.3827036520,begin_checkout,1608511763622013,https://shop.googlemerchandisestore.com/yourinfo.html
6889741.3827036520,begin_checkout,1608511763633155,https://shop.googlemerchandisestore.com/yourinfo.html
68904009.7671612246,purchase,1611979072158365,https://shop.googlemerchandisestore.com/ordercompleted.html
6918448.4186180278,begin_checkout,1608909628899782,https://shop.googlemerchandisestore.com/yourinfo.html
6918448.4186180278,begin_checkout,1608909630217333,https://shop.googlemerchandisestore.com/yourinfo.html
6918448.4186180278,begin_checkout,1608909630337621,https://shop.googlemerchandisestore.com/yourinfo.html
6918448.4186180278,purchase,1608909742900932,https://shop.googlemerchandisestore.com/ordercompleted.html
6924220.6153390244,purchase,1608242475382864,https://shop.googlemerchandisestore.com/ordercompleted.html
6924972.3117240095,purchase,1606326224790057,https://shop.googlemerchandisestore.com/ordercompleted.html
6924972.3117240095,purchase,1606326376172678,https://shop.googlemerchandisestore.com/ordercompleted.html
6924972.3117240095,purchase,1606326517656386,https://shop.googlemerchandisestore.com/ordercompleted.html
6936674.0598239525,purchase,1608122345197107,https://shop.googlemerchandisestore.com/ordercompleted.html
69422630.5424369871,purchase,1605578194773297,https://shop.googlemerchandisestore.com/ordercompleted.html
69445303.0389577060,purchase,1611973013586269,https://shop.googlemerchandisestore.com/ordercompleted.html
69459386.1644727912,begin_checkout,1608551445143024,https://shop.googlemerchandisestore.com/yourinfo.html
69459386.1644727912,begin_checkout,1608551445223034,https://shop.googlemerchandisestore.com/yourinfo.html
69459386.1644727912,begin_checkout,1608551445235590,https://shop.googlemerchandisestore.com/yourinfo.html
6946424.2914361955,begin_checkout,1608557288338968,https://shop.googlemerchandisestore.com/yourinfo.html
6946424.2914361955,begin_checkout,1608557288522195,https://shop.googlemerchandisestore.com/yourinfo.html
6946424.2914361955,begin_checkout,1608557288544298,https://shop.googlemerchandisestore.com/yourinfo.html
6948012.9754264018,purchase,1607957285902606,https://shop.googlemerchandisestore.com/ordercompleted.html
6959133.0796529462,begin_checkout,1608876092886598,https://shop.googlemerchandisestore.com/yourinfo.html
6959133.0796529462,begin_checkout,1608876092991444,https://shop.googlemerchandisestore.com/yourinfo.html
6959133.0796529462,begin_checkout,1608876092999175,https://shop.googlemerchandisestore.com/yourinfo.html
6959133.0796529462,purchase,1608876154947385,https://shop.googlemerchandisestore.com/ordercompleted.html
6962813.9978021110,purchase,1608153173987671,https://shop.googlemerchandisestore.com/ordercompleted.html
6964077.2220093169,purchase,1608621967207220,https://shop.googlemerchandisestore.com/ordercompleted.html
69692269.6324291600,purchase,1606765892692940,https://shop.googlemerchandisestore.com/ordercompleted.html
69753949.4679403396,purchase,1608237261265627,https://shop.googlemerchandisestore.com/ordercompleted.html
69784832.7107601315,purchase,1607069659386723,https://shop.googlemerchandisestore.com/ordercompleted.html
69784832.7107601315,purchase,1607069982156881,https://shop.googlemerchandisestore.com/ordercompleted.html
6980964.7715707399,purchase,1606761157075079,https://shop.googlemerchandisestore.com/ordercompleted.html
69933106.8605034885,purchase,1608206233416206,https://shop.googlemerchandisestore.com/ordercompleted.html
70013731.5220508342,purchase,1605617070244363,https://shop.googlemerchandisestore.com/ordercompleted.html
70013731.5220508342,purchase,1605617221648560,https://shop.googlemerchandisestore.com/ordercompleted.html
70013731.5220508342,purchase,1605617444805349,https://shop.googlemerchandisestore.com/ordercompleted.html
70013731.5220508342,purchase,1605617568867198,https://shop.googlemerchandisestore.com/ordercompleted.html
70013731.5220508342,purchase,1605617729456118,https://shop.googlemerchandisestore.com/ordercompleted.html
70013731.5220508342,purchase,1605617905976157,https://shop.googlemerchandisestore.com/ordercompleted.html
7030108.5593636316,purchase,1607317389168718,https://shop.googlemerchandisestore.com/ordercompleted.html
7034370.5522984734,view_item,1606179153855262,https://shop.googlemerchandisestore.com/Google+Redesign/Lifestyle/Google+Bear+Baby+Blanket+Beige
7034499.3334759076,view_item,1606229571939300,https://shop.googlemerchandisestore.com/Google+Redesign/Lifestyle/Google+Land+and+Sea+Nalgene+Water+Bottle+LS
7039477.2744258629,view_item,1606223876327901,https://shop.googlemerchandisestore.com/Google+Redesign/Apparel/YouTube+Twill+Cap+Sandwich+Black
7041469.0077640784,purchase,1605256826966257,https://shop.googlemerchandisestore.com/ordercompleted.html
7067244.9860943120,begin_checkout,1608878528852367,https://shop.googlemerchandisestore.com/yourinfo.html
7067244.9860943120,begin_checkout,1608878528885761,https://shop.googlemerchandisestore.com/yourinfo.html
7067244.9860943120,begin_checkout,1608878528887324,https://shop.googlemerchandisestore.com/yourinfo.html
7067244.9860943120,begin_checkout,1608878568940957,https://shop.googlemerchandisestore.com/yourinfo.html
7067244.9860943120,begin_checkout,1608878568946105,https://shop.googlemerchandisestore.com/yourinfo.html
7067244.9860943120,begin_checkout,1608878568947246,https://shop.googlemerchandisestore.com/yourinfo.html
7067244.9860943120,begin_checkout,1608878586466488,https://shop.googlemerchandisestore.com/yourinfo.html
7067244.9860943120,begin_checkout,1608878586506131,https://shop.googlemerchandisestore.com/yourinfo.html
7067244.9860943120,begin_checkout,1608878586509094,https://shop.googlemerchandisestore.com/yourinfo.html
7070291.4775984721,begin_checkout,1608593719220225,https://shop.googlemerchandisestore.com/yourinfo.html
7070291.4775984721,begin_checkout,1608593719365200,https://shop.googlemerchandisestore.com/yourinfo.html
7070291.4775984721,begin_checkout,1608593719374470,https://shop.googlemerchandisestore.com/yourinfo.html
7070291.4775984721,purchase,1608593778928587,https://shop.googlemerchandisestore.com/ordercompleted.html
70707207.7999405769,purchase,1608105627077650,https://shop.googlemerchandisestore.com/ordercompleted.html
7072508.6419475734,add_to_cart,1607091608083020,https://shop.googlemerchandisestore.com/Google+Redesign/Apparel/Hats
70870420.8943424184,purchase,1607319586319496,https://shop.googlemerchandisestore.com/ordercompleted.html
7090986.1000086650,view_item,1606202491906906,https://shop.googlemerchandisestore.com/Google+Redesign/Apparel/Google+Youth+FC+Pullover+Hoodie
70978143.1630428206,purchase,1605246916855647,https://shop.googlemerchandisestore.com/ordercompleted.html
7101211.9396866356,begin_checkout,1611978856164036,https://shop.googlemerchandisestore.com/yourinfo.html
7101211.9396866356,begin_checkout,1611979018821383,https://shop.googlemerchandisestore.com/yourinfo.html
71159593.7865196265,purchase,1607091503480473,https://shop.googlemerchandisestore.com/ordercompleted.html
7116815.2975421997,view_item,1606179854406529,https://shop.googlemerchandisestore.com/Google+Redesign/Office/Writing/Maze+Pen.axd
7118581.9194840540,purchase,1608077995582820,https://shop.googlemerchandisestore.com/ordercompleted.html
71206194.9159332783,purchase,1605255968164812,https://shop.googlemerchandisestore.com/ordercompleted.html
7122244.8452189284,add_to_cart,1607095649879080,https://shop.googlemerchandisestore.com/Google+Redesign/Apparel/Mens
7122244.8452189284,add_to_cart,1607095657178554,https://shop.googlemerchandisestore.com/Google+Redesign/Apparel/Mens
7122244.8452189284,add_to_cart,1607095662855992,https://shop.googlemerchandisestore.com/Google+Redesign/Apparel/Mens
7122244.8452189284,add_to_cart,1607095677507196,https://shop.googlemerchandisestore.com/Google+Redesign/Apparel/Mens
7122244.8452189284,add_to_cart,1607095685723036,https://shop.googlemerchandisestore.com/Google+Redesign/Apparel/Mens
7122244.8452189284,add_to_cart,1607095695047504,https://shop.googlemerchandisestore.com/Google+Redesign/Apparel/Mens
7122244.8452189284,add_to_cart,1607095710864064,https://shop.googlemerchandisestore.com/Google+Redesign/Apparel/Mens
7122244.8452189284,add_to_cart,1607095730022590,https://shop.googlemerchandisestore.com/Google+Redesign/Apparel/Mens
7122244.8452189284,add_to_cart,1607095736239252,https://shop.googlemerchandisestore.com/Google+Redesign/Apparel/Mens
7122244.8452189284,add_to_cart,1607095743975564,https://shop.googlemerchandisestore.com/Google+Redesign/Apparel/Mens
7122244.8452189284,add_to_cart,1607095795591111,https://shop.googlemerchandisestore.com/Google+Redesign/Apparel/Mens
7122244.8452189284,add_to_cart,1607095802800914,https://shop.googlemerchandisestore.com/Google+Redesign/Apparel/Mens
7122244.8452189284,add_to_cart,1607095867713180,https://shop.googlemerchandisestore.com/Google+Redesign/New
7122244.8452189284,add_to_cart,1607095880246268,https://shop.googlemerchandisestore.com/Google+Redesign/New
7122244.8452189284,add_to_cart,1607095904731499,https://shop.googlemerchandisestore.com/Google+Redesign/Apparel/Mens
7122244.8452189284,add_to_cart,1607096008358005,https://shop.googlemerchandisestore.com/Google+Redesign/Clearance
7122244.8452189284,add_to_cart,1607096015570898,https://shop.googlemerchandisestore.com/Google+Redesign/Clearance
7122244.8452189284,add_to_cart,1607096020731909,https://shop.googlemerchandisestore.com/Google+Redesign/Clearance
7122244.8452189284,add_to_cart,1607096030063991,https://shop.googlemerchandisestore.com/Google+Redesign/Clearance
7122244.8452189284,add_to_cart,1607096035543372,https://shop.googlemerchandisestore.com/Google+Redesign/Clearance
7122244.8452189284,add_to_cart,1607096048489031,https://shop.googlemerchandisestore.com/Google+Redesign/Clearance
7122244.8452189284,add_to_cart,1607096110953107,https://shop.googlemerchandisestore.com/Google+Redesign/Apparel/Mens
7122244.8452189284,add_to_cart,1607096116106494,https://shop.googlemerchandisestore.com/Google+Redesign/Apparel/Mens
7122244.8452189284,add_to_cart,1607096123061034,https://shop.googlemerchandisestore.com/Google+Redesign/Apparel/Mens
7122244.8452189284,add_to_cart,1607096130674137,https://shop.googlemerchandisestore.com/Google+Redesign/Apparel/Mens
7122244.8452189284,add_to_cart,1607096136663589,https://shop.googlemerchandisestore.com/Google+Redesign/Apparel/Mens
7122244.8452189284,add_to_cart,1607096193920538,https://shop.googlemerchandisestore.com/Google+Redesign/Apparel/Mens
7122244.8452189284,add_to_cart,1607096206864048,https://shop.googlemerchandisestore.com/Google+Redesign/Apparel/Mens
7122244.8452189284,add_to_cart,1607096270783240,https://shop.googlemerchandisestore.com/Google+Redesign/Apparel/Mens
7122244.8452189284,add_to_cart,1607112698584153,https://shop.googlemerchandisestore.com/Google+Redesign/Apparel/Mens
7122244.8452189284,add_to_cart,1607112747626331,https://shop.googlemerchandisestore.com/Google+Redesign/Apparel/Mens
7122244.8452189284,add_to_cart,1607112753200563,https://shop.googlemerchandisestore.com/Google+Redesign/Apparel/Mens
7122244.8452189284,add_to_cart,1607112987132336,https://shop.googlemerchandisestore.com/Google+Redesign/Clearance
7122244.8452189284,add_to_cart,1607112995810464,https://shop.googlemerchandisestore.com/Google+Redesign/Clearance
7122244.8452189284,add_to_cart,1607113019311486,https://shop.googlemerchandisestore.com/Google+Redesign/Clearance
7122244.8452189284,add_to_cart,1607113436659025,https://shop.googlemerchandisestore.com/Google+Redesign/Apparel/Mens
7122244.8452189284,purchase,1607113596389472,https://shop.googlemerchandisestore.com/ordercompleted.html
7125962.1798454198,view_item,1606213254302896,https://shop.googlemerchandisestore.com/Google+Redesign/Apparel/Google+Campus+Bike+Eco+Tee+Navy
7125962.1798454198,purchase,1607314954841742,https://shop.googlemerchandisestore.com/ordercompleted.html
71285854.2587994288,purchase,1608148148603069,https://shop.googlemerchandisestore.com/ordercompleted.html
7132358.6228292016,purchase,1608625137875188,https://shop.googlemerchandisestore.com/ordercompleted.html
7134561.2038844554,add_to_cart,1607054667343671,https://shop.googlemerchandisestore.com/store.html
7134561.2038844554,add_to_cart,1607054672400270,https://shop.googlemerchandisestore.com/store.html
7136448.3265506488,add_to_cart,1607083102983435,https://shop.googlemerchandisestore.com/Google+Redesign/Clearance
7136448.3265506488,add_to_cart,1607083285056564,https://shop.googlemerchandisestore.com/store.html
7136448.3265506488,add_to_cart,1607083379878124,https://shop.googlemerchandisestore.com/store.html
7136448.3265506488,add_to_cart,1607083480512477,https://shop.googlemerchandisestore.com/Google+Redesign/Clearance
7136448.3265506488,add_to_cart,1607083487444884,https://shop.googlemerchandisestore.com/Google+Redesign/Clearance
7136448.3265506488,add_to_cart,1607083496430499,https://shop.googlemerchandisestore.com/Google+Redesign/Clearance
7136448.3265506488,add_to_cart,1607083504712864,https://shop.googlemerchandisestore.com/Google+Redesign/Clearance
7136448.3265506488,add_to_cart,1607083536285785,https://shop.googlemerchandisestore.com/Google+Redesign/Clearance
7136448.3265506488,add_to_cart,1607083557728789,https://shop.googlemerchandisestore.com/Google+Redesign/Shop+by+Brand/Android
7136448.3265506488,add_to_cart,1607083581270565,https://shop.googlemerchandisestore.com/Google+Redesign/Shop+by+Brand/Android
7136448.3265506488,add_to_cart,1607083661163654,https://shop.googlemerchandisestore.com/Google+Redesign/Shop+by+Brand/Android
7136448.3265506488,add_to_cart,1607083669334605,https://shop.googlemerchandisestore.com/Google+Redesign/Shop+by+Brand/Android
7136448.3265506488,add_to_cart,1607083858049981,https://shop.googlemerchandisestore.com/Google+Redesign/Shop+by+Brand/Google
7136448.3265506488,add_to_cart,1607083977639470,https://shop.googlemerchandisestore.com/Google+Redesign/Shop+by+Brand/Google
7136789.5111613653,purchase,1606308839998859,https://shop.googlemerchandisestore.com/ordercompleted.html
71426813.6484576444,purchase,1606187090427598,https://shop.googlemerchandisestore.com/ordercompleted.html
71426813.6484576444,purchase,1606187090452473,https://shop.googlemerchandisestore.com/ordercompleted.html
71563215.6886463640,purchase,1605249680408671,https://shop.googlemerchandisestore.com/ordercompleted.html
71577991.6929043696,purchase,1608130139710556,https://shop.googlemerchandisestore.com/ordercompleted.html
7158462.4817271255,purchase,1605842895780277,https://shop.googlemerchandisestore.com/ordercompleted.html
7158462.4817271255,purchase,1605842895825949,https://shop.googlemerchandisestore.com/ordercompleted.html
71706603.2631255790,purchase,1606271459414093,https://shop.googlemerchandisestore.com/ordercompleted.html
71706603.2631255790,purchase,1606271459454262,https://shop.googlemerchandisestore.com/ordercompleted.html
71706603.2631255790,purchase,1606271617894673,https://shop.googlemerchandisestore.com/ordercompleted.html
71706603.2631255790,purchase,1606271617906446,https://shop.googlemerchandisestore.com/ordercompleted.html
71706603.2631255790,purchase,1606271876610255,https://shop.googlemerchandisestore.com/ordercompleted.html
71706603.2631255790,purchase,1606271876640446,https://shop.googlemerchandisestore.com/ordercompleted.html
71706603.2631255790,purchase,1606272117754178,https://shop.googlemerchandisestore.com/ordercompleted.html
71706603.2631255790,purchase,1606272117791714,https://shop.googlemerchandisestore.com/ordercompleted.html
71706603.2631255790,purchase,1606272523704742,https://shop.googlemerchandisestore.com/ordercompleted.html
71706603.2631255790,purchase,1606272523738101,https://shop.googlemerchandisestore.com/ordercompleted.html
71706603.2631255790,purchase,1606279593921278,https://shop.googlemerchandisestore.com/ordercompleted.html
71706603.2631255790,purchase,1606279895554138,https://shop.googlemerchandisestore.com/ordercompleted.html
71728326.8215187064,purchase,1608083554633278,https://shop.googlemerchandisestore.com/ordercompleted.html
71766434.3843515045,purchase,1608124271817635,https://shop.googlemerchandisestore.com/ordercompleted.html
7179770.4251022266,view_item,1606226890979225,https://shop.googlemerchandisestore.com/Google+Redesign/Bags/Google+Utility+BackPack
7179770.4251022266,purchase,1606229463505057,https://shop.googlemerchandisestore.com/ordercompleted.html
7184503.5694706863,purchase,1607119504172256,https://shop.googlemerchandisestore.com/ordercompleted.html
71904874.2045190274,purchase,1606184807771040,https://shop.googlemerchandisestore.com/ordercompleted.html
71904874.2045190274,purchase,1606184807890862,https://shop.googlemerchandisestore.com/ordercompleted.html
7195542.3513817232,purchase,1605581925805270,https://shop.googlemerchandisestore.com/ordercompleted.html
7195614.3150402094,view_item,1606257660113891,https://shop.googlemerchandisestore.com/Google+Redesign/Google+Blue+Stojo+Cup
72114424.5827774039,purchase,1607371361728389,https://shop.googlemerchandisestore.com/ordercompleted.html
7211916.1786430648,view_item,1606214524924976,https://shop.googlemerchandisestore.com/Google+Redesign/Super+G+Unisex+Joggers
7211916.1786430648,view_item,1606214564310405,https://shop.googlemerchandisestore.com/Google+Redesign/Apparel/Google+Land+and+Sea+Unisex+Tee
7211916.1786430648,view_item,1606214623361386,https://shop.googlemerchandisestore.com/Google+Redesign/Super+G+Unisex+Joggers
72137012.1051607566,purchase,1605874226722494,https://shop.googlemerchandisestore.com/ordercompleted.html
72137012.1051607566,purchase,1605874226744913,https://shop.googlemerchandisestore.com/ordercompleted.html
7221347.4127394632,purchase,1607955016386404,https://shop.googlemerchandisestore.com/ordercompleted.html
7221347.4127394632,purchase,1607956472358032,https://shop.googlemerchandisestore.com/ordercompleted.html
7221347.4127394632,purchase,1607957003785962,https://shop.googlemerchandisestore.com/ordercompleted.html
7225417.1607545728,add_to_cart,1607081532245644,https://shop.googlemerchandisestore.com/Google+Redesign/Apparel
7225417.1607545728,add_to_cart,1607081540005720,https://shop.googlemerchandisestore.com/Google+Redesign/Apparel
7231269.9049300807,purchase,1606738333011870,https://shop.googlemerchandisestore.com/ordercompleted.html
7242688.0843867208,purchase,1608121098397039,https://shop.googlemerchandisestore.com/ordercompleted.html
7242688.0843867208,purchase,1608121658574516,https://shop.googlemerchandisestore.com/ordercompleted.html
7242688.0843867208,purchase,1608122288281301,https://shop.googlemerchandisestore.com/ordercompleted.html
7254379.8573622074,purchase,1605591097036537,https://shop.googlemerchandisestore.com/ordercompleted.html
7254379.8573622074,view_item,1606205499776662,https://shop.googlemerchandisestore.com/Google+Redesign/Apparel/Google+FC+Longsleeve+Charcoal
7254379.8573622074,view_item,1606205756548341,https://shop.googlemerchandisestore.com/Google+Redesign/Apparel/Google+Crewneck+Sweatshirt+Green
7254379.8573622074,purchase,1606206131060870,https://shop.googlemerchandisestore.com/ordercompleted.html
7254379.8573622074,purchase,1606206131104493,https://shop.googlemerchandisestore.com/ordercompleted.html
7269989.2493768800,purchase,1605598844877989,https://shop.googlemerchandisestore.com/ordercompleted.html
7274455.6662201203,view_item,1606243517785760,https://shop.googlemerchandisestore.com/Google+Redesign/Apparel/Google+Land+and+Sea+Cotton+Cap+LS
7275494.7811178530,purchase,1607336520127494,https://shop.googlemerchandisestore.com/ordercompleted.html
7275494.7811178530,purchase,1608193007769726,https://shop.googlemerchandisestore.com/ordercompleted.html
7278273.9630813339,add_to_cart,1607053383681759,https://shop.googlemerchandisestore.com/Google+Redesign/New
7278273.9630813339,add_to_cart,1607053515587127,https://shop.googlemerchandisestore.com/Google+Redesign/New
72819503.7856622601,purchase,1607084862866938,https://shop.googlemerchandisestore.com/ordercompleted.html
72884242.1035011217,purchase,1608158577552528,https://shop.googlemerchandisestore.com/ordercompleted.html
72926454.8269061887,purchase,1606527229515415,https://shop.googlemerchandisestore.com/ordercompleted.html
7296831617.1672065923,purchase,1606283959175893,https://shop.googlemerchandisestore.com/ordercompleted.html
73111349.9152668013,begin_checkout,1608588649819786,https://shop.googlemerchandisestore.com/yourinfo.html
73111349.9152668013,begin_checkout,1608588649830248,https://shop.googlemerchandisestore.com/yourinfo.html
73111349.9152668013,begin_checkout,1608588720646652,https://shop.googlemerchandisestore.com/yourinfo.html
73111349.9152668013,begin_checkout,1608588720654796,https://shop.googlemerchandisestore.com/yourinfo.html
73111349.9152668013,purchase,1608588910423581,https://shop.googlemerchandisestore.com/ordercompleted.html
7311472.7624692736,purchase,1608613127040150,https://shop.googlemerchandisestore.com/ordercompleted.html
7340885.1733336620,purchase,1606776736083422,https://shop.googlemerchandisestore.com/ordercompleted.html
73449982.7685842628,purchase,1606718671428332,https://shop.googlemerchandisestore.com/ordercompleted.html
73478648.4870101641,purchase,1609099567161832,https://shop.googlemerchandisestore.com/ordercompleted.html
7350209690.8160509403,purchase,1607963703604561,https://shop.googlemerchandisestore.com/ordercompleted.html
7351481.8873053183,purchase,1608633090738926,https://shop.googlemerchandisestore.com/ordercompleted.html
73606327.4930028426,purchase,1605600299988573,https://shop.googlemerchandisestore.com/ordercompleted.html
7361524.3246563494,purchase,1606544363687424,https://shop.googlemerchandisestore.com/ordercompleted.html
73714607.3371536902,purchase,1606586025570580,https://shop.googlemerchandisestore.com/ordercompleted.html
73739017.8732867733,purchase,1606588372813300,https://shop.googlemerchandisestore.com/ordercompleted.html
7375268.6519816106,purchase,1607960575112956,https://shop.googlemerchandisestore.com/ordercompleted.html
7383305.1244201858,purchase,1608202875332486,https://shop.googlemerchandisestore.com/ordercompleted.html
73857569.3456666922,add_to_cart,1607058012221709,https://shop.googlemerchandisestore.com/store.html
73857569.3456666922,purchase,1607058143814817,https://shop.googlemerchandisestore.com/ordercompleted.html
73925756.8578616626,purchase,1608239560095288,https://shop.googlemerchandisestore.com/ordercompleted.html
7393648.1873812517,purchase,1606738141593593,https://shop.googlemerchandisestore.com/ordercompleted.html
74016002.6019650209,purchase,1605263171130237,https://shop.googlemerchandisestore.com/ordercompleted.html
74016002.6019650209,purchase,1605263381253849,https://shop.googlemerchandisestore.com/ordercompleted.html
74016002.6019650209,purchase,1605263712125273,https://shop.googlemerchandisestore.com/ordercompleted.html
7403204.3264957893,purchase,1608648586779864,https://shop.googlemerchandisestore.com/ordercompleted.html
7404712.3481898129,purchase,1606251585467072,https://shop.googlemerchandisestore.com/ordercompleted.html
7404712.3481898129,view_item,1606252411368497,https://shop.googlemerchandisestore.com/Google+Redesign/Drinkware/Google+Cambridge+Campus+Bottle
7406779.5047994254,purchase,1605250530342345,https://shop.googlemerchandisestore.com/ordercompleted.html
7410597.7241496036,view_item,1606246658143362,https://shop.googlemerchandisestore.com/Google+Redesign/Drinkware/Google+Perk+Thermal+Cup
7410597.7241496036,view_item,1606246673465521,https://shop.googlemerchandisestore.com/Google+Redesign/Google+Blue+Stojo+Cup
7410597.7241496036,view_item,1606247001772105,https://shop.googlemerchandisestore.com/Google+Redesign/Google+Blue+Stojo+Cup
7410597.7241496036,view_item,1606247454595130,https://shop.googlemerchandisestore.com/Google+Redesign/Drinkware/Google+Mural+Bottle
7410597.7241496036,view_item,1606247577536179,https://shop.googlemerchandisestore.com/Google+Redesign/Drinkware/Google+Mural+Bottle
7410597.7241496036,view_item,1606247888708301,https://shop.googlemerchandisestore.com/Google+Redesign/Lifestyle/Google+Land+and+Sea+Nalgene+Water+Bottle+LS
74117980.4808634784,purchase,1611986883647858,https://shop.googlemerchandisestore.com/ordercompleted.html
7417612.9708826510,begin_checkout,1608566080962812,https://shop.googlemerchandisestore.com/yourinfo.html
7417612.9708826510,begin_checkout,1608566081211176,https://shop.googlemerchandisestore.com/yourinfo.html
7417612.9708826510,begin_checkout,1608566081235924,https://shop.googlemerchandisestore.com/yourinfo.html
7417612.9708826510,begin_checkout,1608566310766800,https://shop.googlemerchandisestore.com/yourinfo.html
7417612.9708826510,begin_checkout,1608566311029097,https://shop.googlemerchandisestore.com/yourinfo.html
7417612.9708826510,begin_checkout,1608566311054667,https://shop.googlemerchandisestore.com/yourinfo.html
7423752.1104796186,add_to_cart,1607097502235972,https://shop.googlemerchandisestore.com/Google+Redesign/Shop+by+Brand/YouTube
7446712.2726872272,purchase,1605283378048493,https://shop.googlemerchandisestore.com/ordercompleted.html
7449545.4650138639,view_item,1606253233330126,https://shop.googlemerchandisestore.com/Google+Redesign/Apparel/Google+Cotopaxi+Shell
7449545.4650138639,view_item,1606253354665620,https://shop.googlemerchandisestore.com/Google+Redesign/Apparel/Google+Mural+Socks
7453835.7513761923,purchase,1605908005659852,https://shop.googlemerchandisestore.com/ordercompleted.html
7453835.7513761923,purchase,1605908005747897,https://shop.googlemerchandisestore.com/ordercompleted.html
7461331.4499994836,purchase,1605248574586153,https://shop.googlemerchandisestore.com/ordercompleted.html
7462913.7605411929,purchase,1608086180431999,https://shop.googlemerchandisestore.com/ordercompleted.html
74652140.9411073042,add_to_cart,1607093638596944,https://shop.googlemerchandisestore.com/asearch.html
74654221.8985406727,begin_checkout,1608527639667479,https://shop.googlemerchandisestore.com/yourinfo.html
74654221.8985406727,begin_checkout,1608527639921829,https://shop.googlemerchandisestore.com/yourinfo.html
74654221.8985406727,begin_checkout,1608527639936922,https://shop.googlemerchandisestore.com/yourinfo.html
7474537327.4725745851,purchase,1607953033699160,https://shop.googlemerchandisestore.com/ordercompleted.html
7479042.7920102084,view_item,1606191418446081,https://shop.googlemerchandisestore.com/Google+Redesign/Electronics/Accessories/Keyboard+DOT+Sticker.axd
74791857.3801451594,begin_checkout,1608541652518631,https://shop.googlemerchandisestore.com/yourinfo.html
74791857.3801451594,begin_checkout,1608541652642558,https://shop.googlemerchandisestore.com/yourinfo.html
74791857.3801451594,begin_checkout,1608541652670891,https://shop.googlemerchandisestore.com/yourinfo.html
7483147.7826019574,add_to_cart,1607121807101486,https://shop.googlemerchandisestore.com/Google+Redesign/Apparel/Mens
7483147.7826019574,add_to_cart,1607121814203577,https://shop.googlemerchandisestore.com/Google+Redesign/Apparel/Mens
7483147.7826019574,add_to_cart,1607121820769303,https://shop.googlemerchandisestore.com/Google+Redesign/Apparel/Mens
7483147.7826019574,add_to_cart,1607121845214331,https://shop.googlemerchandisestore.com/Google+Redesign/Apparel/Mens
7483147.7826019574,add_to_cart,1607122001312563,https://shop.googlemerchandisestore.com/store.html
7483147.7826019574,add_to_cart,1607122171968166,https://shop.googlemerchandisestore.com/Google+Redesign/Apparel/Mens
7483147.7826019574,add_to_cart,1607122185582054,https://shop.googlemerchandisestore.com/Google+Redesign/Apparel/Mens
7483147.7826019574,add_to_cart,1607122197565802,https://shop.googlemerchandisestore.com/Google+Redesign/Apparel/Mens
7483147.7826019574,purchase,1607122290257053,https://shop.googlemerchandisestore.com/ordercompleted.html
7487454.9043521164,purchase,1606696394130877,https://shop.googlemerchandisestore.com/ordercompleted.html
75073588.1859607099,purchase,1605888372384574,https://shop.googlemerchandisestore.com/ordercompleted.html
75073588.1859607099,purchase,1605888372415515,https://shop.googlemerchandisestore.com/ordercompleted.html
75194502.2750916231,purchase,1606239299485753,https://shop.googlemerchandisestore.com/ordercompleted.html
7528889.5973963363,purchase,1606596202153496,https://shop.googlemerchandisestore.com/ordercompleted.html
75294747.2712173356,purchase,1606217947128074,https://shop.googlemerchandisestore.com/ordercompleted.html
75294747.2712173356,purchase,1606217947152527,https://shop.googlemerchandisestore.com/ordercompleted.html
75294747.2712173356,purchase,1606218721133487,https://shop.googlemerchandisestore.com/ordercompleted.html
75294747.2712173356,purchase,1606218721157295,https://shop.googlemerchandisestore.com/ordercompleted.html
75363582.3498268228,purchase,1612042518344716,https://shop.googlemerchandisestore.com/ordercompleted.html
7540076.8912875289,begin_checkout,1608577208330034,https://shop.googlemerchandisestore.com/yourinfo.html
7540076.8912875289,begin_checkout,1608577208613994,https://shop.googlemerchandisestore.com/yourinfo.html
7540076.8912875289,begin_checkout,1608577208628591,https://shop.googlemerchandisestore.com/yourinfo.html
7540076.8912875289,begin_checkout,1608577443946529,https://shop.googlemerchandisestore.com/yourinfo.html
7540076.8912875289,begin_checkout,1608577444264506,https://shop.googlemerchandisestore.com/yourinfo.html
7540076.8912875289,begin_checkout,1608577444287090,https://shop.googlemerchandisestore.com/yourinfo.html
7540076.8912875289,begin_checkout,1608577627226044,https://shop.googlemerchandisestore.com/yourinfo.html
7540076.8912875289,begin_checkout,1608577627604867,https://shop.googlemerchandisestore.com/yourinfo.html
7540076.8912875289,begin_checkout,1608577627637814,https://shop.googlemerchandisestore.com/yourinfo.html
7540076.8912875289,begin_checkout,1608577804232874,https://shop.googlemerchandisestore.com/yourinfo.html
7540076.8912875289,begin_checkout,1608577804454669,https://shop.googlemerchandisestore.com/yourinfo.html
7540076.8912875289,begin_checkout,1608577804500874,https://shop.googlemerchandisestore.com/yourinfo.html
75429761.7297824940,purchase,1606703515883844,https://shop.googlemerchandisestore.com/ordercompleted.html
75449906.0465740489,purchase,1606533585888259,https://shop.googlemerchandisestore.com/ordercompleted.html
7549801319.6083086386,purchase,1608184373663304,https://shop.googlemerchandisestore.com/ordercompleted.html
7551422.0018473784,view_item,1606182449853949,https://shop.googlemerchandisestore.com/Google+Redesign/Lifestyle/Fun/Google+Kick+Ball.axd
7560154.8773295578,purchase,1606332643134500,https://shop.googlemerchandisestore.com/ordercompleted.html
7560154.8773295578,purchase,1606332710479004,https://shop.googlemerchandisestore.com/ordercompleted.html
75611414.7949596702,purchase,1605845179715301,https://shop.googlemerchandisestore.com/ordercompleted.html
75611414.7949596702,purchase,1605845179740095,https://shop.googlemerchandisestore.com/ordercompleted.html
7563529.3170258070,purchase,1606337232240349,https://shop.googlemerchandisestore.com/ordercompleted.html
7569695.7086930682,purchase,1607964912118606,https://shop.googlemerchandisestore.com/ordercompleted.html
7576889.2658558475,add_to_cart,1607110950572857,https://shop.googlemerchandisestore.com/Google+Redesign/Apparel/Mens
7576889.2658558475,add_to_cart,1607110956991855,https://shop.googlemerchandisestore.com/Google+Redesign/Apparel/Mens
7576889.2658558475,add_to_cart,1607110983657994,https://shop.googlemerchandisestore.com/Google+Redesign/Apparel/Mens
7576889.2658558475,add_to_cart,1607110995357048,https://shop.googlemerchandisestore.com/Google+Redesign/Apparel/Mens
7576889.2658558475,add_to_cart,1607111004568624,https://shop.googlemerchandisestore.com/Google+Redesign/Apparel/Mens
7576889.2658558475,add_to_cart,1607111022112934,https://shop.googlemerchandisestore.com/Google+Redesign/Apparel/Mens
7576889.2658558475,add_to_cart,1607111125047559,https://shop.googlemerchandisestore.com/Google+Redesign/Apparel/Mens
7576889.2658558475,add_to_cart,1607111130769679,https://shop.googlemerchandisestore.com/Google+Redesign/Apparel/Mens
7576889.2658558475,add_to_cart,1607111172031107,https://shop.googlemerchandisestore.com/Google+Redesign/Apparel/Mens
7576889.2658558475,add_to_cart,1607111177161003,https://shop.googlemerchandisestore.com/Google+Redesign/Apparel/Mens
7576889.2658558475,add_to_cart,1607111389289762,https://shop.googlemerchandisestore.com/Google+Redesign/Lifestyle/Drinkware
7576889.2658558475,add_to_cart,1607111531589684,https://shop.googlemerchandisestore.com/Google+Redesign/Lifestyle/Small+Goods
7580460.7656902230,add_to_cart,1607069766316952,https://shop.googlemerchandisestore.com/store.html
7580460.7656902230,add_to_cart,1607069774854989,https://shop.googlemerchandisestore.com/store.html
7580460.7656902230,add_to_cart,1607069797590778,https://shop.googlemerchandisestore.com/store.html
7580460.7656902230,add_to_cart,1607069813593686,https://shop.googlemerchandisestore.com/store.html
7580460.7656902230,add_to_cart,1607069829373468,https://shop.googlemerchandisestore.com/store.html
7580460.7656902230,add_to_cart,1607070106288296,https://shop.googlemerchandisestore.com/store.html
7580460.7656902230,add_to_cart,1607070117335139,https://shop.googlemerchandisestore.com/store.html
7580460.7656902230,add_to_cart,1607070146945774,https://shop.googlemerchandisestore.com/store.html
7580460.7656902230,add_to_cart,1607070157117315,https://shop.googlemerchandisestore.com/store.html
7580460.7656902230,add_to_cart,1607070281583479,https://shop.googlemerchandisestore.com/Google+Redesign/Apparel/Mens
7580460.7656902230,add_to_cart,1607070292410886,https://shop.googlemerchandisestore.com/Google+Redesign/Apparel/Mens
7580460.7656902230,add_to_cart,1607070308734573,https://shop.googlemerchandisestore.com/Google+Redesign/Apparel/Mens
7580460.7656902230,add_to_cart,1607070324206858,https://shop.googlemerchandisestore.com/Google+Redesign/Apparel/Mens
7580460.7656902230,add_to_cart,1607070346806762,https://shop.googlemerchandisestore.com/Google+Redesign/Apparel/Mens
75941642.3432570745,purchase,1608158925966001,https://shop.googlemerchandisestore.com/ordercompleted.html
76048408.3088751594,purchase,1607905874902288,https://shop.googlemerchandisestore.com/ordercompleted.html
7608452.3900602951,view_item,1606253179157497,https://shop.googlemerchandisestore.com/Google+Redesign/Drinkware/YouTube+Play+Mug
7608452.3900602951,view_item,1606253270196432,https://shop.googlemerchandisestore.com/Google+Redesign/Stationery/YouTube+Jotter+Task+Pad
76104371.5906818262,purchase,1609087873571917,https://shop.googlemerchandisestore.com/ordercompleted.html
7614640.4464730476,purchase,1605308395195637,https://shop.googlemerchandisestore.com/ordercompleted.html
7620383.9581361736,purchase,1606751608550651,https://shop.googlemerchandisestore.com/ordercompleted.html
76219348.8581271685,purchase,1606779896877095,https://shop.googlemerchandisestore.com/ordercompleted.html
7625514.5568512112,purchase,1608608075624056,https://shop.googlemerchandisestore.com/ordercompleted.html
7627987.8719306742,view_item,1606242944413837,https://shop.googlemerchandisestore.com/Google+Redesign/Apparel/Android+Iconic+Sock
7627987.8719306742,view_item,1606242957293722,https://shop.googlemerchandisestore.com/Google+Redesign/Apparel/Android+Iconic+Sock
7634543.7021985089,begin_checkout,1608509992724855,https://shop.googlemerchandisestore.com/yourinfo.html
7634543.7021985089,begin_checkout,1608509992870039,https://shop.googlemerchandisestore.com/yourinfo.html
7634543.7021985089,begin_checkout,1608509992870247,https://shop.googlemerchandisestore.com/yourinfo.html
7634543.7021985089,purchase,1608510075877450,https://shop.googlemerchandisestore.com/ordercompleted.html
7638626.6903353029,purchase,1606186177924134,https://shop.googlemerchandisestore.com/ordercompleted.html
7638626.6903353029,purchase,1606186177954223,https://shop.googlemerchandisestore.com/ordercompleted.html
7639123.9923154617,purchase,1606700371223687,https://shop.googlemerchandisestore.com/ordercompleted.html
76400577.5376980805,begin_checkout,1608586355384316,https://shop.googlemerchandisestore.com/yourinfo.html
76400577.5376980805,begin_checkout,1608586355679511,https://shop.googlemerchandisestore.com/yourinfo.html
76400577.5376980805,begin_checkout,1608586355691543,https://shop.googlemerchandisestore.com/yourinfo.html
7644052.7232523165,purchase,1605262420991351,https://shop.googlemerchandisestore.com/ordercompleted.html
76491344.7374736714,purchase,1606720932732241,https://shop.googlemerchandisestore.com/ordercompleted.html
7650271.2168859967,view_item,1606238089622829,https://shop.googlemerchandisestore.com/Google+Redesign/Office/Android+Large+Trace+Journal+Black
7650271.2168859967,view_item,1606238144052234,https://shop.googlemerchandisestore.com/Google+Redesign/Office/Google+Felt+Refillable+Journal
7650271.2168859967,view_item,1606238223016288,https://shop.googlemerchandisestore.com/Google+Redesign/Bags/Google+Totepak
7650271.2168859967,view_item,1606238232429099,https://shop.googlemerchandisestore.com/Google+Redesign/Bags/Supernatural+Paper+Backpack
7652206.9993810696,view_item,1606222615731140,https://shop.googlemerchandisestore.com/Google+Redesign/Bags/Google+Utility+BackPack
7652206.9993810696,view_item,1606222622881061,https://shop.googlemerchandisestore.com/Google+Redesign/Bags/Android+Iconic+Backpack
7659570.5939990829,begin_checkout,1608517504498423,https://shop.googlemerchandisestore.com/yourinfo.html
7659570.5939990829,begin_checkout,1608517504598732,https://shop.googlemerchandisestore.com/yourinfo.html
7659570.5939990829,begin_checkout,1608517504616074,https://shop.googlemerchandisestore.com/yourinfo.html
7659570.5939990829,purchase,1608517686812431,https://shop.googlemerchandisestore.com/ordercompleted.html
7659570.5939990829,purchase,1608518738695964,https://shop.googlemerchandisestore.com/ordercompleted.html
76641875.4216482392,purchase,1606257435146095,https://shop.googlemerchandisestore.com/ordercompleted.html
76654420.3019926863,purchase,1607343122097777,https://shop.googlemerchandisestore.com/ordercompleted.html
7670494.0367304220,purchase,1608194707204307,https://shop.googlemerchandisestore.com/ordercompleted.html
76714918.9744619408,add_to_cart,1607044460145621,https://shop.googlemerchandisestore.com/Google+Redesign/Apparel/Kids/Kids+Infant
76714918.9744619408,add_to_cart,1607044497561092,https://shop.googlemerchandisestore.com/Google+Redesign/Apparel/Kids/Kids+Infant
7680193331.8740202405,purchase,1606760166940366,https://shop.googlemerchandisestore.com/ordercompleted.html
76814331.1397302587,purchase,1608127255438014,https://shop.googlemerchandisestore.com/ordercompleted.html
7687174.7764454759,purchase,1608610551515749,https://shop.googlemerchandisestore.com/ordercompleted.html
7688722.6706829800,begin_checkout,1608540428185586,https://shop.googlemerchandisestore.com/yourinfo.html
7688722.6706829800,begin_checkout,1608540428326893,https://shop.googlemerchandisestore.com/yourinfo.html
7688722.6706829800,begin_checkout,1608540428332167,https://shop.googlemerchandisestore.com/yourinfo.html
7688722.6706829800,purchase,1608540485131691,https://shop.googlemerchandisestore.com/ordercompleted.html
77005687.4514013148,begin_checkout,1608590774343780,https://shop.googlemerchandisestore.com/yourinfo.html
77005687.4514013148,begin_checkout,1608590774682692,https://shop.googlemerchandisestore.com/yourinfo.html
77005687.4514013148,begin_checkout,1608590774688787,https://shop.googlemerchandisestore.com/yourinfo.html
77005687.4514013148,begin_checkout,1608590875880044,https://shop.googlemerchandisestore.com/yourinfo.html
77005687.4514013148,begin_checkout,1608590875955383,https://shop.googlemerchandisestore.com/yourinfo.html
77005687.4514013148,begin_checkout,1608590875975066,https://shop.googlemerchandisestore.com/yourinfo.html
77005687.4514013148,purchase,1608591167050062,https://shop.googlemerchandisestore.com/ordercompleted.html
77005687.4514013148,begin_checkout,1608592066091525,https://shop.googlemerchandisestore.com/yourinfo.html
77005687.4514013148,begin_checkout,1608592066100660,https://shop.googlemerchandisestore.com/yourinfo.html
77005687.4514013148,purchase,1608592334581213,https://shop.googlemerchandisestore.com/ordercompleted.html
77005687.4514013148,begin_checkout,1608594055854782,https://shop.googlemerchandisestore.com/yourinfo.html
77005687.4514013148,begin_checkout,1608594055947046,https://shop.googlemerchandisestore.com/yourinfo.html
77005687.4514013148,begin_checkout,1608594055963942,https://shop.googlemerchandisestore.com/yourinfo.html
77005687.4514013148,purchase,1608594278207610,https://shop.googlemerchandisestore.com/ordercompleted.html
77029853.6267227104,purchase,1609028786803092,https://shop.googlemerchandisestore.com/ordercompleted.html
7703003948.2075130210,add_to_cart,1607079417168048,https://shop.googlemerchandisestore.com/asearch.html
77120175.8570057881,purchase,1607383246447362,https://shop.googlemerchandisestore.com/ordercompleted.html
77148477.7275137664,purchase,1606242254732997,https://shop.googlemerchandisestore.com/ordercompleted.html
7722668.2787414860,purchase,1608100160490349,https://shop.googlemerchandisestore.com/ordercompleted.html
7722805.2360482435,purchase,1606703303662715,https://shop.googlemerchandisestore.com/ordercompleted.html
7738401.2659078427,purchase,1608180081591097,https://shop.googlemerchandisestore.com/ordercompleted.html
7742828.8733412275,add_to_cart,1607058201501078,https://shop.googlemerchandisestore.com/Google+Redesign/Lifestyle
77461948.4804221368,purchase,1605865547517564,https://shop.googlemerchandisestore.com/ordercompleted.html
77461948.4804221368,purchase,1605865547562030,https://shop.googlemerchandisestore.com/ordercompleted.html
7748359.5667737603,purchase,1608113788628491,https://shop.googlemerchandisestore.com/ordercompleted.html
7750159.6505312378,purchase,1606562262193797,https://shop.googlemerchandisestore.com/ordercompleted.html
77549456.4000160007,purchase,1606221934248782,https://shop.googlemerchandisestore.com/ordercompleted.html
77549456.4000160007,purchase,1606221934298068,https://shop.googlemerchandisestore.com/ordercompleted.html
7766490.6944439767,view_item,1606215776579941,https://shop.googlemerchandisestore.com/Google+Redesign/Bags/Google+Google+Striped+Penny+Pouch
7766490.6944439767,view_item,1606245242976647,https://shop.googlemerchandisestore.com/Google+Redesign/Accessories/Google+Clear+Framed+Gray+Shades
7766490.6944439767,view_item,1606253965881287,https://shop.googlemerchandisestore.com/Google+Redesign/Accessories/Google+Clear+Framed+Gray+Shades
7766490.6944439767,purchase,1606254287161063,https://shop.googlemerchandisestore.com/ordercompleted.html
7766490.6944439767,purchase,1606254318078281,https://shop.googlemerchandisestore.com/ordercompleted.html
7770092.5618500764,view_item,1606238503230127,https://shop.googlemerchandisestore.com/Google+Redesign/Apparel/Google+Youth+Jumbo+Print+Tee+White
7770092.5618500764,view_item,1606239452182076,https://shop.googlemerchandisestore.com/Google+Redesign/Apparel/Google+Google+Kids+Playful+Tee
7770092.5618500764,purchase,1606239945973474,https://shop.googlemerchandisestore.com/ordercompleted.html
77713003.6357610057,purchase,1607913878295187,https://shop.googlemerchandisestore.com/ordercompleted.html
77715782.6700264816,purchase,1607088431811653,https://shop.googlemerchandisestore.com/ordercompleted.html
77739287.4913869284,purchase,1608225559808564,https://shop.googlemerchandisestore.com/ordercompleted.html
7774428.3017818390,purchase,1608599352042468,https://shop.googlemerchandisestore.com/ordercompleted.html
77782985.0878230095,purchase,1606253627909009,https://shop.googlemerchandisestore.com/ordercompleted.html
77805852.6832906360,purchase,1606176202414671,https://shop.googlemerchandisestore.com/ordercompleted.html
77805852.6832906360,purchase,1606176202438973,https://shop.googlemerchandisestore.com/ordercompleted.html
77805852.6832906360,purchase,1608081664448250,https://shop.googlemerchandisestore.com/ordercompleted.html
7782987.2202660950,purchase,1606580165668930,https://shop.googlemerchandisestore.com/ordercompleted.html
7796807.8643581431,purchase,1605896266089187,https://shop.googlemerchandisestore.com/ordercompleted.html
7799047.0484368414,view_item,1606230425709238,https://shop.googlemerchandisestore.com/Google+Redesign/Accessories/Google+Chrome+Dinosaur+Collectible
7800727.3747729952,add_to_cart,1607089152753168,https://shop.googlemerchandisestore.com/Google+Redesign/Apparel/Womens
7800727.3747729952,add_to_cart,1607089159781545,https://shop.googlemerchandisestore.com/Google+Redesign/Apparel/Womens
7800727.3747729952,purchase,1607089606895148,https://shop.googlemerchandisestore.com/ordercompleted.html
78088542.4349978114,purchase,1607364065693062,https://shop.googlemerchandisestore.com/ordercompleted.html
78106766.0535705085,purchase,1608617299108565,https://shop.googlemerchandisestore.com/ordercompleted.html
7816881.7527763245,purchase,1608095653678318,https://shop.googlemerchandisestore.com/ordercompleted.html
78221431.2724111930,purchase,1606777191669717,https://shop.googlemerchandisestore.com/ordercompleted.html
7827395.5707921470,purchase,1606299926968189,https://shop.googlemerchandisestore.com/ordercompleted.html
7833704.5580277942,purchase,1608192434672421,https://shop.googlemerchandisestore.com/ordercompleted.html
7836037.1182313637,purchase,1606754440935581,https://shop.googlemerchandisestore.com/ordercompleted.html
78395480.3447267915,purchase,1607946838397210,https://shop.googlemerchandisestore.com/ordercompleted.html
78492870.6468912978,add_to_cart,1607076163598054,https://shop.googlemerchandisestore.com/store.html
78492870.6468912978,purchase,1607076653949352,https://shop.googlemerchandisestore.com/ordercompleted.html
78499362.4704274874,purchase,1606197381538388,https://shop.googlemerchandisestore.com/ordercompleted.html
78499362.4704274874,purchase,1606197381602625,https://shop.googlemerchandisestore.com/ordercompleted.html
7851717310.4801484131,purchase,1606778687278027,https://shop.googlemerchandisestore.com/ordercompleted.html
78574452.5051085059,purchase,1605274422488203,https://shop.googlemerchandisestore.com/ordercompleted.html
7861466.7534888076,add_to_cart,1607054550520975,https://shop.googlemerchandisestore.com/Google+Redesign/Clearance
7861466.7534888076,add_to_cart,1607054555540362,https://shop.googlemerchandisestore.com/Google+Redesign/Clearance
7861466.7534888076,add_to_cart,1607054563336905,https://shop.googlemerchandisestore.com/Google+Redesign/Clearance
7863708.5056381393,purchase,1608182033044295,https://shop.googlemerchandisestore.com/ordercompleted.html
78740849.5845768330,purchase,1608244869621971,https://shop.googlemerchandisestore.com/ordercompleted.html
78767229.7873550362,begin_checkout,1608532770406458,https://shop.googlemerchandisestore.com/yourinfo.html
78767229.7873550362,begin_checkout,1608532770492807,https://shop.googlemerchandisestore.com/yourinfo.html
78767229.7873550362,begin_checkout,1608532770502386,https://shop.googlemerchandisestore.com/yourinfo.html
7889953.7669030217,purchase,1607345892945949,https://shop.googlemerchandisestore.com/ordercompleted.html
7904424.3844256104,view_item,1606227812030146,https://shop.googlemerchandisestore.com/Google+Redesign/Apparel/Google+SF+Campus+Zip+Hoodie
7905430175.6891710704,purchase,1606195018876436,https://shop.googlemerchandisestore.com/ordercompleted.html
7905430175.6891710704,purchase,1606195018897252,https://shop.googlemerchandisestore.com/ordercompleted.html
79083189.5507574462,purchase,1606253338529674,https://shop.googlemerchandisestore.com/ordercompleted.html
79083189.5507574462,purchase,1609100481138326,https://shop.googlemerchandisestore.com/ordercompleted.html
7912492.7569521212,view_item,1606220719157015,https://shop.googlemerchandisestore.com/Google+Redesign/Apparel/Google+Youth+FC+Longsleeve+Charcoal
7913379764.4006544425,purchase,1605258919480343,https://shop.googlemerchandisestore.com/ordercompleted.html
79174534.4918543276,begin_checkout,1608556191818968,https://shop.googlemerchandisestore.com/yourinfo.html
79174534.4918543276,begin_checkout,1608556192152559,https://shop.googlemerchandisestore.com/yourinfo.html
79174534.4918543276,begin_checkout,1608556192166869,https://shop.googlemerchandisestore.com/yourinfo.html
79174534.4918543276,begin_checkout,1608556220226198,https://shop.googlemerchandisestore.com/yourinfo.html
79174534.4918543276,begin_checkout,1608556220582252,https://shop.googlemerchandisestore.com/yourinfo.html
79174534.4918543276,begin_checkout,1608556220583998,https://shop.googlemerchandisestore.com/yourinfo.html
79174534.4918543276,purchase,1608556490889783,https://shop.googlemerchandisestore.com/ordercompleted.html
79374863.6543228947,purchase,1608225383382643,https://shop.googlemerchandisestore.com/ordercompleted.html
7939780.5894457070,add_to_cart,1607077788213953,https://shop.googlemerchandisestore.com/Google+Redesign/New
7939780.5894457070,add_to_cart,1607077796332729,https://shop.googlemerchandisestore.com/Google+Redesign/New
79437846.7966348856,purchase,1608237241602778,https://shop.googlemerchandisestore.com/ordercompleted.html
7947025.9624757954,view_item,1606213680305611,https://shop.googlemerchandisestore.com/Google+Redesign/Drinkware/Google+Super+G+Tumbler+Red+Lid
79475746.1929628694,purchase,1607917574629520,https://shop.googlemerchandisestore.com/ordercompleted.html
79509844.1081277926,purchase,1607055523794481,https://shop.googlemerchandisestore.com/ordercompleted.html
79509844.1081277926,purchase,1607055665023036,https://shop.googlemerchandisestore.com/ordercompleted.html
79556001.9340338986,purchase,1606544255857221,https://shop.googlemerchandisestore.com/ordercompleted.html
7963367.8049414844,purchase,1607965570800941,https://shop.googlemerchandisestore.com/ordercompleted.html
7980854.4779699400,purchase,1608142560515043,https://shop.googlemerchandisestore.com/ordercompleted.html
7986147.1950586509,add_to_cart,1607065511282034,https://shop.googlemerchandisestore.com/Google+Redesign/Apparel/Mens
7989341.0097191625,begin_checkout,1608897169428598,https://shop.googlemerchandisestore.com/yourinfo.html
7989341.0097191625,begin_checkout,1608897169509992,https://shop.googlemerchandisestore.com/yourinfo.html
7989341.0097191625,begin_checkout,1608897169525981,https://shop.googlemerchandisestore.com/yourinfo.html
7989341.0097191625,purchase,1608897270210557,https://shop.googlemerchandisestore.com/ordercompleted.html
7990665.4091043591,purchase,1607337487693978,https://shop.googlemerchandisestore.com/ordercompleted.html
7991866.1378276681,purchase,1606544672266505,https://shop.googlemerchandisestore.com/ordercompleted.html
7994677.8426724627,add_to_cart,1607120934195566,https://shop.googlemerchandisestore.com/Google+Redesign/Shop+by+Brand/YouTube
7997965.3068255300,add_to_cart,1607097058075805,https://shop.googlemerchandisestore.com/Google+Redesign/Clearance
7997965.3068255300,add_to_cart,1607097453901840,https://shop.googlemerchandisestore.com/Google+Redesign/Shop+by+Brand/Google
7997965.3068255300,add_to_cart,1607097507062019,https://shop.googlemerchandisestore.com/Google+Redesign/Shop+by+Brand/Google
7997965.3068255300,add_to_cart,1607097524430951,https://shop.googlemerchandisestore.com/Google+Redesign/Shop+by+Brand/Google
7997965.3068255300,add_to_cart,1607097539520831,https://shop.googlemerchandisestore.com/Google+Redesign/Shop+by+Brand/Google
7997965.3068255300,add_to_cart,1607097547515819,https://shop.googlemerchandisestore.com/Google+Redesign/Shop+by+Brand/Google
7997965.3068255300,add_to_cart,1607097562941358,https://shop.googlemerchandisestore.com/Google+Redesign/Shop+by+Brand/Google
7997965.3068255300,add_to_cart,1607097604060680,https://shop.googlemerchandisestore.com/Google+Redesign/Shop+by+Brand/Google
7997965.3068255300,add_to_cart,1607097688774433,https://shop.googlemerchandisestore.com/Google+Redesign/Shop+by+Brand/Google
7997965.3068255300,add_to_cart,1607097741670476,https://shop.googlemerchandisestore.com/Google+Redesign/Apparel/Mens
7997965.3068255300,add_to_cart,1607097751623067,https://shop.googlemerchandisestore.com/Google+Redesign/Apparel/Mens
7997965.3068255300,add_to_cart,1607097757351752,https://shop.googlemerchandisestore.com/Google+Redesign/Apparel/Mens
7997965.3068255300,add_to_cart,1607097776744118,https://shop.googlemerchandisestore.com/Google+Redesign/Apparel/Mens
7997965.3068255300,add_to_cart,1607097783407997,https://shop.googlemerchandisestore.com/Google+Redesign/Apparel/Mens
80102056.6809389391,purchase,1606524201569862,https://shop.googlemerchandisestore.com/ordercompleted.html
80102056.6809389391,purchase,1607907961370826,https://shop.googlemerchandisestore.com/ordercompleted.html
80123648.0068941500,purchase,1606346137438218,https://shop.googlemerchandisestore.com/ordercompleted.html
8015042.5369619169,purchase,1607328522785682,https://shop.googlemerchandisestore.com/ordercompleted.html
80208775.3915875119,purchase,1606341126850026,https://shop.googlemerchandisestore.com/ordercompleted.html
80208775.3915875119,purchase,1607981589274008,https://shop.googlemerchandisestore.com/ordercompleted.html
8032580.9992443180,begin_checkout,1608554682512074,https://shop.googlemerchandisestore.com/yourinfo.html
8032580.9992443180,begin_checkout,1608554682650017,https://shop.googlemerchandisestore.com/yourinfo.html
8032580.9992443180,begin_checkout,1608554682658392,https://shop.googlemerchandisestore.com/yourinfo.html
8032580.9992443180,begin_checkout,1608554782232215,https://shop.googlemerchandisestore.com/yourinfo.html
8032580.9992443180,begin_checkout,1608554782355214,https://shop.googlemerchandisestore.com/yourinfo.html
8032580.9992443180,begin_checkout,1608554782365392,https://shop.googlemerchandisestore.com/yourinfo.html
8032580.9992443180,begin_checkout,1608554938338866,https://shop.googlemerchandisestore.com/yourinfo.html
8032580.9992443180,begin_checkout,1608554938442679,https://shop.googlemerchandisestore.com/yourinfo.html
8032580.9992443180,begin_checkout,1608554938453636,https://shop.googlemerchandisestore.com/yourinfo.html
8032580.9992443180,purchase,1608555022831257,https://shop.googlemerchandisestore.com/ordercompleted.html
80394414.5185177426,purchase,1606243544150192,https://shop.googlemerchandisestore.com/ordercompleted.html
80394414.5185177426,purchase,1606244681651160,https://shop.googlemerchandisestore.com/ordercompleted.html
8040482.1942966542,view_item,1606237808584449,https://shop.googlemerchandisestore.com/Google+Redesign/Office/Google+Phone+Stand+Bamboo
8040482.1942966542,view_item,1606238157764690,https://shop.googlemerchandisestore.com/Google+Redesign/Accessories/Google+Campus+Bike
8040482.1942966542,view_item,1606238297215974,https://shop.googlemerchandisestore.com/Google+Redesign/Bags/Google+Incognito+Dopp+Kit+V2
8040482.1942966542,view_item,1606238320238465,https://shop.googlemerchandisestore.com/Google+Redesign/Accessories/Google+Cork+Passport+Holder
8040482.1942966542,view_item,1606238330219763,https://shop.googlemerchandisestore.com/Google+Redesign/Bags/Google+Incognito+Laptop+Organizer+V2
8040482.1942966542,view_item,1606238345159515,https://shop.googlemerchandisestore.com/Google+Redesign/Accessories/Google+Mouse+Pad+Navy
8040482.1942966542,view_item,1606238349214892,https://shop.googlemerchandisestore.com/Google+Redesign/Bags/Google+Incognito+Dopp+Kit+V2
8040482.1942966542,view_item,1606238385479041,https://shop.googlemerchandisestore.com/Google+Redesign/Accessories/Google+Cork+Passport+Holder
80431044.0006326452,purchase,1606234742957074,https://shop.googlemerchandisestore.com/ordercompleted.html
8043833.5057848398,purchase,1605849547341270,https://shop.googlemerchandisestore.com/ordercompleted.html
8043833.5057848398,purchase,1605849547441977,https://shop.googlemerchandisestore.com/ordercompleted.html
8043833.5057848398,add_to_cart,1607073187703518,https://shop.googlemerchandisestore.com/Google+Redesign/Apparel/Mens
8043833.5057848398,purchase,1607073292671374,https://shop.googlemerchandisestore.com/ordercompleted.html
80531679.6588052144,begin_checkout,1608509056431841,https://shop.googlemerchandisestore.com/yourinfo.html
80531679.6588052144,begin_checkout,1608509056597309,https://shop.googlemerchandisestore.com/yourinfo.html
80531679.6588052144,begin_checkout,1608509056598139,https://shop.googlemerchandisestore.com/yourinfo.html
80531679.6588052144,begin_checkout,1608509137557991,https://shop.googlemerchandisestore.com/yourinfo.html
80531679.6588052144,begin_checkout,1608509137713002,https://shop.googlemerchandisestore.com/yourinfo.html
80531679.6588052144,begin_checkout,1608509137752842,https://shop.googlemerchandisestore.com/yourinfo.html
80632671.7018896021,purchase,1607949698991827,https://shop.googlemerchandisestore.com/ordercompleted.html
80698776.0554444491,purchase,1607350974701855,https://shop.googlemerchandisestore.com/ordercompleted.html
8074234.7570194554,begin_checkout,1608583424664511,https://shop.googlemerchandisestore.com/yourinfo.html
8074234.7570194554,begin_checkout,1608583424843369,https://shop.googlemerchandisestore.com/yourinfo.html
8074234.7570194554,begin_checkout,1608583424854123,https://shop.googlemerchandisestore.com/yourinfo.html
8074234.7570194554,begin_checkout,1608583489334103,https://shop.googlemerchandisestore.com/yourinfo.html
8074234.7570194554,begin_checkout,1608583489497069,https://shop.googlemerchandisestore.com/yourinfo.html
8074234.7570194554,begin_checkout,1608583489506163,https://shop.googlemerchandisestore.com/yourinfo.html
8074234.7570194554,purchase,1608583606505751,https://shop.googlemerchandisestore.com/ordercompleted.html
8078316166.4051385989,purchase,1607303273857506,https://shop.googlemerchandisestore.com/ordercompleted.html
80824150.8927513505,purchase,1608190066031603,https://shop.googlemerchandisestore.com/ordercompleted.html
80921507.1393350408,purchase,1605836754401300,https://shop.googlemerchandisestore.com/ordercompleted.html
80921507.1393350408,purchase,1605836754503968,https://shop.googlemerchandisestore.com/ordercompleted.html
8095023.5878524965,view_item,1606262354519075,https://shop.googlemerchandisestore.com/Google+Redesign/Drinkware/Google+Austin+Campus+Bottle
81036435.1157569602,purchase,1607957568275159,https://shop.googlemerchandisestore.com/ordercompleted.html
8105555.2376937141,purchase,1605855347478635,https://shop.googlemerchandisestore.com/ordercompleted.html
8105555.2376937141,purchase,1605855347568756,https://shop.googlemerchandisestore.com/ordercompleted.html
81093232.4306802216,purchase,1608149661531334,https://shop.googlemerchandisestore.com/ordercompleted.html
8112384.8479326102,view_item,1606230383273428,https://shop.googlemerchandisestore.com/Google+Redesign/Accessories/Google+Campus+Bike
8112384.8479326102,view_item,1606230622930161,https://shop.googlemerchandisestore.com/Google+Redesign/Accessories/Google+Chrome+Dinosaur+Collectible
8115594.8102318556,add_to_cart,1607058626929408,https://shop.googlemerchandisestore.com/Google+Redesign/Campus+Collection
8115594.8102318556,add_to_cart,1607059706223592,https://shop.googlemerchandisestore.com/Google+Redesign/Campus+Collection
8115594.8102318556,add_to_cart,1607059718728855,https://shop.googlemerchandisestore.com/Google+Redesign/Campus+Collection
81182117.7869823509,purchase,1608675422286679,https://shop.googlemerchandisestore.com/ordercompleted.html
81316650.3622535312,begin_checkout,1608513571723109,https://shop.googlemerchandisestore.com/yourinfo.html
81316650.3622535312,begin_checkout,1608513571919033,https://shop.googlemerchandisestore.com/yourinfo.html
81316650.3622535312,begin_checkout,1608513571920253,https://shop.googlemerchandisestore.com/yourinfo.html
81316650.3622535312,begin_checkout,1608513701510119,https://shop.googlemerchandisestore.com/yourinfo.html
81316650.3622535312,begin_checkout,1608513701722817,https://shop.googlemerchandisestore.com/yourinfo.html
81316650.3622535312,begin_checkout,1608513701734652,https://shop.googlemerchandisestore.com/yourinfo.html
81316650.3622535312,begin_checkout,1608582030181888,https://shop.googlemerchandisestore.com/yourinfo.html
81316650.3622535312,begin_checkout,1608582030654302,https://shop.googlemerchandisestore.com/yourinfo.html
81316650.3622535312,begin_checkout,1608582030660587,https://shop.googlemerchandisestore.com/yourinfo.html
81316650.3622535312,begin_checkout,1608582054853320,https://shop.googlemerchandisestore.com/yourinfo.html
81316650.3622535312,begin_checkout,1608582055094439,https://shop.googlemerchandisestore.com/yourinfo.html
81316650.3622535312,begin_checkout,1608582055103762,https://shop.googlemerchandisestore.com/yourinfo.html
81316650.3622535312,purchase,1608619173175712,https://shop.googlemerchandisestore.com/ordercompleted.html
8156015.0433362204,purchase,1608149922493738,https://shop.googlemerchandisestore.com/ordercompleted.html
8156015.0433362204,purchase,1608175339706715,https://shop.googlemerchandisestore.com/ordercompleted.html
8156121.2108613531,purchase,1605884499842860,https://shop.googlemerchandisestore.com/ordercompleted.html
8156121.2108613531,purchase,1605884499875731,https://shop.googlemerchandisestore.com/ordercompleted.html
8156646657.1507119761,purchase,1605900897034654,https://shop.googlemerchandisestore.com/ordercompleted.html
8156646657.1507119761,purchase,1605900897065689,https://shop.googlemerchandisestore.com/ordercompleted.html
8157582.8229581745,view_item,1606243286001176,https://shop.googlemerchandisestore.com/Google+Redesign/Office/Android+Iconic+Pen
8161575.9434283311,view_item,1606208068599069,https://shop.googlemerchandisestore.com/Google+Redesign/Office/Google+Mural+Notebook
8162222.7054678468,purchase,1608242609199418,https://shop.googlemerchandisestore.com/ordercompleted.html
81632350.4358345762,purchase,1608164193896411,https://shop.googlemerchandisestore.com/ordercompleted.html
81632350.4358345762,purchase,1608164525282392,https://shop.googlemerchandisestore.com/ordercompleted.html
81632350.4358345762,purchase,1608164734973620,https://shop.googlemerchandisestore.com/ordercompleted.html
81632350.4358345762,purchase,1608164866268000,https://shop.googlemerchandisestore.com/ordercompleted.html
81632350.4358345762,purchase,1608165019898083,https://shop.googlemerchandisestore.com/ordercompleted.html
81632350.4358345762,purchase,1608165195321071,https://shop.googlemerchandisestore.com/ordercompleted.html
81632350.4358345762,purchase,1608165323321511,https://shop.googlemerchandisestore.com/ordercompleted.html
8163514.4352723536,purchase,1606740058625376,https://shop.googlemerchandisestore.com/ordercompleted.html
81646599.9766401752,purchase,1605872446408686,https://shop.googlemerchandisestore.com/ordercompleted.html
81646599.9766401752,purchase,1605872446450302,https://shop.googlemerchandisestore.com/ordercompleted.html
8174650.3231261607,purchase,1608131403789034,https://shop.googlemerchandisestore.com/ordercompleted.html
8174650.3231261607,purchase,1608134991055233,https://shop.googlemerchandisestore.com/ordercompleted.html
81748942.8201234491,purchase,1606704997209871,https://shop.googlemerchandisestore.com/ordercompleted.html
8180003.1007682591,purchase,1606283513174574,https://shop.googlemerchandisestore.com/ordercompleted.html
81834479.5125091790,purchase,1605301900968075,https://shop.googlemerchandisestore.com/ordercompleted.html
81834479.5125091790,purchase,1605302927374693,https://shop.googlemerchandisestore.com/ordercompleted.html
81894085.3422774223,purchase,1608636315212012,https://shop.googlemerchandisestore.com/ordercompleted.html
82102048.1975466467,purchase,1606707958246778,https://shop.googlemerchandisestore.com/ordercompleted.html
82102048.1975466467,purchase,1607385179060067,https://shop.googlemerchandisestore.com/ordercompleted.html
8219476.4232234027,view_item,1606251193812949,https://shop.googlemerchandisestore.com/Google+Redesign/Accessories/Google+Campus+Bike
8219476.4232234027,view_item,1606251284061611,https://shop.googlemerchandisestore.com/Google+Redesign/Bags/Google+Utility+BackPack
8219476.4232234027,view_item,1606251358405433,https://shop.googlemerchandisestore.com/Google+Redesign/Accessories/Noogler+Android+Figure+2019
8219476.4232234027,view_item,1606251392725073,https://shop.googlemerchandisestore.com/Google+Redesign/Accessories/Google+Campus+Bike
8219476.4232234027,view_item,1606251486811767,https://shop.googlemerchandisestore.com/Google+Redesign/Apparel/Google+FC+Longsleeve+Charcoal
8219476.4232234027,view_item,1606251511972570,https://shop.googlemerchandisestore.com/Google+Redesign/Bags/Google+Flat+Front+Bag+Grey
8224884.5817385201,purchase,1606771136382444,https://shop.googlemerchandisestore.com/ordercompleted.html
82400392.9908324838,purchase,1606323615069286,https://shop.googlemerchandisestore.com/ordercompleted.html
8246245.1057629511,view_item,1606203323253289,https://shop.googlemerchandisestore.com/Google+Redesign/Accessories/Google+Blue+YoYo
8250703.0918652930,add_to_cart,1607117712768249,https://shop.googlemerchandisestore.com/Google+Redesign/Lifestyle/Drinkware
8250703.0918652930,add_to_cart,1607117722695591,https://shop.googlemerchandisestore.com/Google+Redesign/Lifestyle/Drinkware
8254867.3099797240,purchase,1607979438143767,https://shop.googlemerchandisestore.com/ordercompleted.html
82604808.5833749347,purchase,1608129077651316,https://shop.googlemerchandisestore.com/ordercompleted.html
8262649.4698436698,purchase,1605277020098697,https://shop.googlemerchandisestore.com/ordercompleted.html
82626745.7161424218,purchase,1606581270552768,https://shop.googlemerchandisestore.com/ordercompleted.html
8263478975.0153803823,purchase,1605848894122105,https://shop.googlemerchandisestore.com/ordercompleted.html
8263478975.0153803823,purchase,1605848894146079,https://shop.googlemerchandisestore.com/ordercompleted.html
8266761.8505569754,add_to_cart,1607081674611747,https://shop.googlemerchandisestore.com/Google+Redesign/Apparel/Hats
8266761.8505569754,add_to_cart,1607081695633366,https://shop.googlemerchandisestore.com/Google+Redesign/Apparel/Hats
82678941.3895630154,purchase,1606598525520420,https://shop.googlemerchandisestore.com/ordercompleted.html
8269107.5312843213,purchase,1608609510479398,https://shop.googlemerchandisestore.com/ordercompleted.html
8269107.5312843213,purchase,1611977283246130,https://shop.googlemerchandisestore.com/ordercompleted.html
82790046.1686536183,purchase,1608128650394937,https://shop.googlemerchandisestore.com/ordercompleted.html
82790046.1686536183,purchase,1608130986590608,https://shop.googlemerchandisestore.com/ordercompleted.html
8281331.7124321300,view_item,1606180061420493,https://shop.googlemerchandisestore.com/Google+Redesign/Office/Notebooks+Journals/Google+Metallic+Notebook+Set.axd
82819933.0760343151,purchase,1605607534023053,https://shop.googlemerchandisestore.com/ordercompleted.html
82844534.6436445101,purchase,1609068671641358,https://shop.googlemerchandisestore.com/ordercompleted.html
8285331.6649191546,view_item,1606182376469524,https://shop.googlemerchandisestore.com/Google+Redesign/Lifestyle/Google+Land+and+Sea+Tote+Bag
8285331.6649191546,view_item,1606182573162963,https://shop.googlemerchandisestore.com/Google+Redesign/Lifestyle/Google+Land+and+Sea+Tote+Bag
8285331.6649191546,view_item,1606182637887542,https://shop.googlemerchandisestore.com/Google+Redesign/Google+Land+and+Sea+French+Terry+Sweatshirt
82865714.7704602382,purchase,1605280758017607,https://shop.googlemerchandisestore.com/ordercompleted.html
82979913.7707813282,begin_checkout,1608865447820150,https://shop.googlemerchandisestore.com/yourinfo.html
82979913.7707813282,begin_checkout,1608865447949642,https://shop.googlemerchandisestore.com/yourinfo.html
82979913.7707813282,begin_checkout,1608865447961485,https://shop.googlemerchandisestore.com/yourinfo.html
8305679.2059616518,purchase,1606346290964668,https://shop.googlemerchandisestore.com/ordercompleted.html
8306051.0147360081,purchase,1612002303603273,https://shop.googlemerchandisestore.com/ordercompleted.html
83122453.5394732985,purchase,1608229299068684,https://shop.googlemerchandisestore.com/ordercompleted.html
83324589.4043967351,purchase,1607940876279507,https://shop.googlemerchandisestore.com/ordercompleted.html
8340073.3852770934,view_item,1606257090825606,https://shop.googlemerchandisestore.com/Google+Redesign/Office/Google+Light+Up+Pen+Green
8348184265.5640136978,purchase,1605849940097877,https://shop.googlemerchandisestore.com/ordercompleted.html
8348184265.5640136978,purchase,1605849940158561,https://shop.googlemerchandisestore.com/ordercompleted.html
83486645.0419878784,purchase,1606280991383448,https://shop.googlemerchandisestore.com/ordercompleted.html
8354945.6306403663,add_to_cart,1607061183292755,https://shop.googlemerchandisestore.com/Google+Redesign/New
8354945.6306403663,add_to_cart,1607061192813735,https://shop.googlemerchandisestore.com/Google+Redesign/New
8354945.6306403663,add_to_cart,1607061210546273,https://shop.googlemerchandisestore.com/Google+Redesign/New
8354945.6306403663,purchase,1607061722253702,https://shop.googlemerchandisestore.com/ordercompleted.html
8354945.6306403663,purchase,1607061904808738,https://shop.googlemerchandisestore.com/ordercompleted.html
8354945.6306403663,add_to_cart,1607061924464664,https://shop.googlemerchandisestore.com/asearch.html
8354945.6306403663,add_to_cart,1607061955558011,https://shop.googlemerchandisestore.com/asearch.html
8354945.6306403663,add_to_cart,1607061971256756,https://shop.googlemerchandisestore.com/asearch.html
8354945.6306403663,purchase,1607062072825870,https://shop.googlemerchandisestore.com/ordercompleted.html
83567287.4802807332,purchase,1608140075277025,https://shop.googlemerchandisestore.com/ordercompleted.html
8358244.0265763848,add_to_cart,1607090828494225,https://shop.googlemerchandisestore.com/Google+Redesign/Apparel/Hats
8363038.7011749668,purchase,1605657269590771,https://shop.googlemerchandisestore.com/ordercompleted.html
8366314228.9854739652,purchase,1608085026503956,https://shop.googlemerchandisestore.com/ordercompleted.html
83712753.2730874013,begin_checkout,1608567525380816,https://shop.googlemerchandisestore.com/yourinfo.html
83712753.2730874013,begin_checkout,1608567525388741,https://shop.googlemerchandisestore.com/yourinfo.html
83712753.2730874013,begin_checkout,1608567525392690,https://shop.googlemerchandisestore.com/yourinfo.html
83712753.2730874013,begin_checkout,1608567572950778,https://shop.googlemerchandisestore.com/yourinfo.html
83712753.2730874013,begin_checkout,1608567572954223,https://shop.googlemerchandisestore.com/yourinfo.html
83712753.2730874013,begin_checkout,1608567572957389,https://shop.googlemerchandisestore.com/yourinfo.html
83712753.2730874013,purchase,1608567786011903,https://shop.googlemerchandisestore.com/ordercompleted.html
83739349.8729103328,purchase,1606528624470306,https://shop.googlemerchandisestore.com/ordercompleted.html
83739349.8729103328,purchase,1606551982833150,https://shop.googlemerchandisestore.com/ordercompleted.html
83812359.6098055338,purchase,1612001641996631,https://shop.googlemerchandisestore.com/ordercompleted.html
83812359.6098055338,purchase,1612002312823251,https://shop.googlemerchandisestore.com/ordercompleted.html
83959468.9388485041,purchase,1606226973736729,https://shop.googlemerchandisestore.com/ordercompleted.html
83961186.4892260627,purchase,1605242887605530,https://shop.googlemerchandisestore.com/ordercompleted.html
83961186.4892260627,purchase,1607103285322687,https://shop.googlemerchandisestore.com/ordercompleted.html
8403882324.8733646119,purchase,1608207161752846,https://shop.googlemerchandisestore.com/ordercompleted.html
84161213.3604424306,purchase,1608242694910849,https://shop.googlemerchandisestore.com/ordercompleted.html
84173583.3434006051,purchase,1606235286852366,https://shop.googlemerchandisestore.com/ordercompleted.html
8421611.9716301302,purchase,1606729320760397,https://shop.googlemerchandisestore.com/ordercompleted.html
84232431.7456081587,purchase,1608603837235503,https://shop.googlemerchandisestore.com/ordercompleted.html
84232431.7456081587,purchase,1608604601468511,https://shop.googlemerchandisestore.com/ordercompleted.html
8424077.8945745237,view_item,1606233888468344,https://shop.googlemerchandisestore.com/Google+Redesign/Apparel/YouTube+Leather+Strap+Hat+Black
8424077.8945745237,view_item,1606233935465814,https://shop.googlemerchandisestore.com/Google+Redesign/Apparel/YouTube+Icon+Tee+Charcoal
8424077.8945745237,view_item,1606233965958040,https://shop.googlemerchandisestore.com/Google+Redesign/Apparel/YouTube+Leather+Strap+Hat+Black
8435794.6872177111,view_item,1606177507871138,https://shop.googlemerchandisestore.com/Google+Redesign/Apparel/Google+Youth+FC+Pullover+Hoodie
8435794.6872177111,add_to_cart,1607060228221334,https://shop.googlemerchandisestore.com/Google+Redesign/Apparel/Mens
8435794.6872177111,add_to_cart,1607060260874610,https://shop.googlemerchandisestore.com/store.html
8435794.6872177111,add_to_cart,1607060679675414,https://shop.googlemerchandisestore.com/store.html
8435794.6872177111,purchase,1607061505502762,https://shop.googlemerchandisestore.com/ordercompleted.html
8439687.7528186923,add_to_cart,1607050985331179,https://shop.googlemerchandisestore.com/Google+Redesign/Apparel
8439687.7528186923,add_to_cart,1607050995365180,https://shop.googlemerchandisestore.com/Google+Redesign/Apparel
84404754.7597435906,purchase,1606748464405356,https://shop.googlemerchandisestore.com/ordercompleted.html
8441965.3425764752,purchase,1607067147829225,https://shop.googlemerchandisestore.com/ordercompleted.html
8446899326.9951195067,purchase,1607320085116876,https://shop.googlemerchandisestore.com/ordercompleted.html
84510480.2085066526,purchase,1606308914608369,https://shop.googlemerchandisestore.com/ordercompleted.html
8451459.1873924149,add_to_cart,1607124161227328,https://shop.googlemerchandisestore.com/Google+Redesign/Apparel/Hats
8452311.3681765761,begin_checkout,1608588565152721,https://shop.googlemerchandisestore.com/yourinfo.html
8452311.3681765761,begin_checkout,1608588565244497,https://shop.googlemerchandisestore.com/yourinfo.html
8452311.3681765761,begin_checkout,1608588565244934,https://shop.googlemerchandisestore.com/yourinfo.html
8452311.3681765761,purchase,1608588686605488,https://shop.googlemerchandisestore.com/ordercompleted.html
84534898.7989426950,purchase,1608205890499570,https://shop.googlemerchandisestore.com/ordercompleted.html
84534898.7989426950,purchase,1608246685040744,https://shop.googlemerchandisestore.com/ordercompleted.html
84534898.7989426950,purchase,1608247908402142,https://shop.googlemerchandisestore.com/ordercompleted.html
84534898.7989426950,purchase,1608248132864993,https://shop.googlemerchandisestore.com/ordercompleted.html
84534898.7989426950,purchase,1608249175369926,https://shop.googlemerchandisestore.com/ordercompleted.html
8462310.9138030395,purchase,1605579173861778,https://shop.googlemerchandisestore.com/ordercompleted.html
84636323.8110704850,purchase,1608175066959620,https://shop.googlemerchandisestore.com/ordercompleted.html
8478040283.7405308990,purchase,1608125478873013,https://shop.googlemerchandisestore.com/ordercompleted.html
8478888.8486003629,purchase,1605648767152877,https://shop.googlemerchandisestore.com/ordercompleted.html
8483463.1352763316,view_item,1606193206109145,https://shop.googlemerchandisestore.com/Google+Redesign/Apparel/Google+Infant+Charcoal+Onesie
8483463.1352763316,view_item,1606193234021623,https://shop.googlemerchandisestore.com/Google+Redesign/Apparel/Google+Infant+Hero+Tee+Olive
8483959.1362983695,view_item,1606258846508642,https://shop.googlemerchandisestore.com/Google+Redesign/Office/Stickers/Google+Laptop+and+Cell+Phone+Stickers.axd
8492573.4581422273,add_to_cart,1607089551819724,https://shop.googlemerchandisestore.com/Google+Redesign/Apparel/Mens
8492573.4581422273,purchase,1607089834552589,https://shop.googlemerchandisestore.com/ordercompleted.html
8499958.6483761488,view_item,1606178709152419,https://shop.googlemerchandisestore.com/Google+Redesign/Lifestyle/Google+Bear+Baby+Blanket+Beige
85065615.9182483522,purchase,1605642693655778,https://shop.googlemerchandisestore.com/ordercompleted.html
85089615.0421191291,purchase,1608185012846808,https://shop.googlemerchandisestore.com/ordercompleted.html
8510939.4034348853,view_item,1606246954386501,https://shop.googlemerchandisestore.com/Google+Redesign/Apparel/Google+Google+Crew+Striped+Athletic+Sock
8510939.4034348853,view_item,1606246968840603,https://shop.googlemerchandisestore.com/Google+Redesign/Apparel/Google+Google+Crew+Combed+Cotton+Sock
8510939.4034348853,view_item,1606246978747669,https://shop.googlemerchandisestore.com/Google+Redesign/Apparel/Android+Iconic+Sock
8510939.4034348853,view_item,1606246999575849,https://shop.googlemerchandisestore.com/Google+Redesign/Apparel/Google+Mural+Socks
8510939.4034348853,view_item,1606247024694943,https://shop.googlemerchandisestore.com/Google+Redesign/Apparel/IamRemarkable+Hoodie
8510939.4034348853,view_item,1606247119556369,https://shop.googlemerchandisestore.com/Google+Redesign/ApparelGoogle+Beekeepers+Tee+Mint
8510939.4034348853,view_item,1606247158654752,https://shop.googlemerchandisestore.com/Google+Redesign/Apparel/IamRemarkable+Ladies+T-Shirt
8510939.4034348853,view_item,1606247246465515,https://shop.googlemerchandisestore.com/Google+Redesign/Apparel/YouTube+Twill+Cap+Sandwich+Black
8510939.4034348853,view_item,1606247324724243,https://shop.googlemerchandisestore.com/Google+Redesign/Lifestyle/Fun/Google+Kick+Ball.axd
8520754.9083745403,purchase,1607914466345568,https://shop.googlemerchandisestore.com/ordercompleted.html
85265536.4138277437,begin_checkout,1608536315042385,https://shop.googlemerchandisestore.com/yourinfo.html
85265536.4138277437,begin_checkout,1608536315185995,https://shop.googlemerchandisestore.com/yourinfo.html
85265536.4138277437,begin_checkout,1608536315197626,https://shop.googlemerchandisestore.com/yourinfo.html
85265536.4138277437,purchase,1608536389894830,https://shop.googlemerchandisestore.com/ordercompleted.html
8526613234.8674806597,purchase,1608143332816418,https://shop.googlemerchandisestore.com/ordercompleted.html
8535843.3178453559,begin_checkout,1608509834109815,https://shop.googlemerchandisestore.com/yourinfo.html
8535843.3178453559,begin_checkout,1608509834189194,https://shop.googlemerchandisestore.com/yourinfo.html
8535843.3178453559,begin_checkout,1608509834193619,https://shop.googlemerchandisestore.com/yourinfo.html
8535843.3178453559,begin_checkout,1608588500659828,https://shop.googlemerchandisestore.com/yourinfo.html
8535843.3178453559,begin_checkout,1608588500848179,https://shop.googlemerchandisestore.com/yourinfo.html
8535843.3178453559,begin_checkout,1608588500859979,https://shop.googlemerchandisestore.com/yourinfo.html
85359676.8060209084,purchase,1605880619612046,https://shop.googlemerchandisestore.com/ordercompleted.html
85359676.8060209084,purchase,1605880619642902,https://shop.googlemerchandisestore.com/ordercompleted.html
8536079.2001873769,add_to_cart,1607086841330760,https://shop.googlemerchandisestore.com/Google+Redesign/Apparel/Hats
85373859.0716916641,purchase,1606332141765875,https://shop.googlemerchandisestore.com/ordercompleted.html
85426868.9776141044,purchase,1606726806481484,https://shop.googlemerchandisestore.com/ordercompleted.html
8563529.8876681695,purchase,1606545492939141,https://shop.googlemerchandisestore.com/ordercompleted.html
8565129.1442773138,purchase,1606197969134506,https://shop.googlemerchandisestore.com/ordercompleted.html
8565129.1442773138,purchase,1606197969166699,https://shop.googlemerchandisestore.com/ordercompleted.html
85684311.8708196319,purchase,1606340725638079,https://shop.googlemerchandisestore.com/ordercompleted.html
85684311.8708196319,purchase,1606341846215555,https://shop.googlemerchandisestore.com/ordercompleted.html
8585364.3017277540,add_to_cart,1607109954724567,https://shop.googlemerchandisestore.com/Google+Redesign/Shop+by+Brand/Google
8585364.3017277540,add_to_cart,1607109962553504,https://shop.googlemerchandisestore.com/Google+Redesign/Shop+by+Brand/Google
8585364.3017277540,add_to_cart,1607109988027138,https://shop.googlemerchandisestore.com/Google+Redesign/Shop+by+Brand/Google
8585364.3017277540,add_to_cart,1607110004298260,https://shop.googlemerchandisestore.com/Google+Redesign/Shop+by+Brand/Google
8585364.3017277540,add_to_cart,1607110013556250,https://shop.googlemerchandisestore.com/Google+Redesign/Shop+by+Brand/Google
8611828.2907648280,purchase,1605299973542768,https://shop.googlemerchandisestore.com/ordercompleted.html
86226481.4357835444,purchase,1608152694425438,https://shop.googlemerchandisestore.com/ordercompleted.html
86226481.4357835444,purchase,1608153503128593,https://shop.googlemerchandisestore.com/ordercompleted.html
86226481.4357835444,purchase,1608153768800251,https://shop.googlemerchandisestore.com/ordercompleted.html
86226481.4357835444,purchase,1608153962505280,https://shop.googlemerchandisestore.com/ordercompleted.html
86226481.4357835444,purchase,1608153986330746,https://shop.googlemerchandisestore.com/ordercompleted.html
86226481.4357835444,purchase,1608154312829521,https://shop.googlemerchandisestore.com/ordercompleted.html
86226481.4357835444,purchase,1608154503216004,https://shop.googlemerchandisestore.com/ordercompleted.html
86226481.4357835444,purchase,1608154681246510,https://shop.googlemerchandisestore.com/ordercompleted.html
86226481.4357835444,purchase,1608154812498120,https://shop.googlemerchandisestore.com/ordercompleted.html
8631746.0136342760,purchase,1608249593115574,https://shop.googlemerchandisestore.com/ordercompleted.html
8633997.7206561612,purchase,1607928519397968,https://shop.googlemerchandisestore.com/ordercompleted.html
8634838.1458470051,purchase,1607982088751594,https://shop.googlemerchandisestore.com/ordercompleted.html
8636012.0348119478,purchase,1606272528704321,https://shop.googlemerchandisestore.com/ordercompleted.html
8643358.7202784733,add_to_cart,1607091180038542,https://shop.googlemerchandisestore.com/Google+Redesign/Apparel/Hats
8645501.4824245925,add_to_cart,1607068168179892,https://shop.googlemerchandisestore.com/Google+Redesign/Lifestyle/Drinkware
8645501.4824245925,add_to_cart,1607068177551029,https://shop.googlemerchandisestore.com/Google+Redesign/Lifestyle/Drinkware
8645501.4824245925,add_to_cart,1607069585716771,https://shop.googlemerchandisestore.com/Google+Redesign/Campus+Collection
8645501.4824245925,add_to_cart,1607069663743090,https://shop.googlemerchandisestore.com/Google+Redesign/Lifestyle
8645501.4824245925,add_to_cart,1607069668740451,https://shop.googlemerchandisestore.com/Google+Redesign/Lifestyle
8645501.4824245925,add_to_cart,1607070035285859,https://shop.googlemerchandisestore.com/Google+Redesign/Apparel/Mens
8645501.4824245925,add_to_cart,1607070054942320,https://shop.googlemerchandisestore.com/Google+Redesign/Apparel/Mens
86506239.5873574585,purchase,1606316295186342,https://shop.googlemerchandisestore.com/ordercompleted.html
86522586.9268325271,purchase,1608663708654381,https://shop.googlemerchandisestore.com/ordercompleted.html
8674320.3968322986,purchase,1606289881275948,https://shop.googlemerchandisestore.com/ordercompleted.html
8680294.6850188531,purchase,1606702542601267,https://shop.googlemerchandisestore.com/ordercompleted.html
86811303.5548075805,purchase,1608093117587686,https://shop.googlemerchandisestore.com/ordercompleted.html
86816051.5538787911,purchase,1605269476156375,https://shop.googlemerchandisestore.com/ordercompleted.html
86834775.2599012346,purchase,1606234621939802,https://shop.googlemerchandisestore.com/ordercompleted.html
8690027.6775828035,add_to_cart,1607124295753987,https://shop.googlemerchandisestore.com/store.html
8690027.6775828035,add_to_cart,1607124310745219,https://shop.googlemerchandisestore.com/store.html
8692054.6479171047,purchase,1606322421027996,https://shop.googlemerchandisestore.com/ordercompleted.html
86920576.7783874354,purchase,1606291685733030,https://shop.googlemerchandisestore.com/ordercompleted.html
86936215.6636494751,purchase,1606598465204126,https://shop.googlemerchandisestore.com/ordercompleted.html
8694256.3821330797,purchase,1606544827638335,https://shop.googlemerchandisestore.com/ordercompleted.html
8706769250.9838749927,purchase,1605584593706839,https://shop.googlemerchandisestore.com/ordercompleted.html
87186046.1911484023,begin_checkout,1608551141011903,https://shop.googlemerchandisestore.com/yourinfo.html
87186046.1911484023,begin_checkout,1608551141254296,https://shop.googlemerchandisestore.com/yourinfo.html
87186046.1911484023,begin_checkout,1608551141338814,https://shop.googlemerchandisestore.com/yourinfo.html
8726025.7712289207,purchase,1608597899479103,https://shop.googlemerchandisestore.com/ordercompleted.html
8729822.7526838334,purchase,1606246047177088,https://shop.googlemerchandisestore.com/ordercompleted.html
8729822.7526838334,purchase,1606246521716135,https://shop.googlemerchandisestore.com/ordercompleted.html
87425146.6030488607,add_to_cart,1607113769680131,https://shop.googlemerchandisestore.com/Google+Redesign/Stationery/Stickers
87577432.8152098260,begin_checkout,1608874497554799,https://shop.googlemerchandisestore.com/yourinfo.html
87577432.8152098260,begin_checkout,1608874497555813,https://shop.googlemerchandisestore.com/yourinfo.html
87577432.8152098260,begin_checkout,1608874536382095,https://shop.googlemerchandisestore.com/yourinfo.html
87577432.8152098260,begin_checkout,1608874536389569,https://shop.googlemerchandisestore.com/yourinfo.html
87577432.8152098260,purchase,1608874628306870,https://shop.googlemerchandisestore.com/ordercompleted.html
8758227.8253327672,purchase,1605656472650769,https://shop.googlemerchandisestore.com/ordercompleted.html
87631466.4751678619,purchase,1608186538414273,https://shop.googlemerchandisestore.com/ordercompleted.html
8764422.5504594869,purchase,1606766377944729,https://shop.googlemerchandisestore.com/ordercompleted.html
87658194.9871546984,purchase,1607954769934896,https://shop.googlemerchandisestore.com/ordercompleted.html
87658194.9871546984,purchase,1607954882197761,https://shop.googlemerchandisestore.com/ordercompleted.html
87666696.5302025907,purchase,1607343337540531,https://shop.googlemerchandisestore.com/ordercompleted.html
87666696.5302025907,purchase,1607351699920776,https://shop.googlemerchandisestore.com/ordercompleted.html
8774267.9963267787,purchase,1611987443444396,https://shop.googlemerchandisestore.com/ordercompleted.html
87783631.7181333086,purchase,1605609410013834,https://shop.googlemerchandisestore.com/ordercompleted.html
87817726.5153482315,purchase,1606237164420248,https://shop.googlemerchandisestore.com/ordercompleted.html
8798966.0388484094,purchase,1605601503346065,https://shop.googlemerchandisestore.com/ordercompleted.html
8806541.1000901339,purchase,1607044452020217,https://shop.googlemerchandisestore.com/ordercompleted.html
88104982.4975566982,purchase,1605576016933949,https://shop.googlemerchandisestore.com/ordercompleted.html
8814952.6174853430,purchase,1608093563448428,https://shop.googlemerchandisestore.com/ordercompleted.html
8816052.5192099067,purchase,1609104696762278,https://shop.googlemerchandisestore.com/ordercompleted.html
8816916.6059271167,purchase,1607336250574913,https://shop.googlemerchandisestore.com/ordercompleted.html
8822912.1286128560,purchase,1606772154318247,https://shop.googlemerchandisestore.com/ordercompleted.html
8824479.1230645788,purchase,1606343351112578,https://shop.googlemerchandisestore.com/ordercompleted.html
8824479.1230645788,purchase,1606343928822071,https://shop.googlemerchandisestore.com/ordercompleted.html
8824479.1230645788,purchase,1606345134738592,https://shop.googlemerchandisestore.com/ordercompleted.html
8825055.1503720856,add_to_cart,1607072283967806,https://shop.googlemerchandisestore.com/Google+Redesign/Lifestyle/Small+Goods
8825055.1503720856,add_to_cart,1607072294104757,https://shop.googlemerchandisestore.com/Google+Redesign/Lifestyle/Small+Goods
88367970.2111524274,purchase,1606559529436299,https://shop.googlemerchandisestore.com/ordercompleted.html
88483035.1457878746,purchase,1607333197392427,https://shop.googlemerchandisestore.com/ordercompleted.html
88553552.9857813021,purchase,1606595076689763,https://shop.googlemerchandisestore.com/ordercompleted.html
88662111.3937031291,purchase,1606302310597709,https://shop.googlemerchandisestore.com/ordercompleted.html
88662111.3937031291,purchase,1606302648764531,https://shop.googlemerchandisestore.com/ordercompleted.html
88662111.3937031291,purchase,1606302768130828,https://shop.googlemerchandisestore.com/ordercompleted.html
88839607.3955437015,begin_checkout,1608558709896507,https://shop.googlemerchandisestore.com/yourinfo.html
88839607.3955437015,begin_checkout,1608558710038105,https://shop.googlemerchandisestore.com/yourinfo.html
88839607.3955437015,begin_checkout,1608558710042758,https://shop.googlemerchandisestore.com/yourinfo.html
88839607.3955437015,begin_checkout,1608558912263558,https://shop.googlemerchandisestore.com/yourinfo.html
88839607.3955437015,begin_checkout,1608558912294745,https://shop.googlemerchandisestore.com/yourinfo.html
88839607.3955437015,begin_checkout,1608558912304987,https://shop.googlemerchandisestore.com/yourinfo.html
88839607.3955437015,purchase,1608558979569169,https://shop.googlemerchandisestore.com/ordercompleted.html
88890409.0907454901,purchase,1606236912065469,https://shop.googlemerchandisestore.com/ordercompleted.html
88890409.0907454901,purchase,1606236912077509,https://shop.googlemerchandisestore.com/ordercompleted.html
8889945.3857316896,purchase,1607965453036239,https://shop.googlemerchandisestore.com/ordercompleted.html
89270935.6212519018,purchase,1607373437684565,https://shop.googlemerchandisestore.com/ordercompleted.html
8935186924.5167433612,purchase,1606210023949521,https://shop.googlemerchandisestore.com/ordercompleted.html
8935186924.5167433612,purchase,1606317383193723,https://shop.googlemerchandisestore.com/ordercompleted.html
8944117.0831290845,purchase,1608232870547691,https://shop.googlemerchandisestore.com/ordercompleted.html
8947475.8090315077,purchase,1608173438266558,https://shop.googlemerchandisestore.com/ordercompleted.html
8947475.8090315077,purchase,1608174267185764,https://shop.googlemerchandisestore.com/ordercompleted.html
89517168.1965913087,purchase,1606236006480699,https://shop.googlemerchandisestore.com/ordercompleted.html
89517168.1965913087,purchase,1606236369049039,https://shop.googlemerchandisestore.com/ordercompleted.html
89569133.8053314611,purchase,1606541045026256,https://shop.googlemerchandisestore.com/ordercompleted.html
8958500.8855707284,purchase,1607082835696127,https://shop.googlemerchandisestore.com/ordercompleted.html
8968170.2149989235,purchase,1606590827559519,https://shop.googlemerchandisestore.com/ordercompleted.html
8974847.1466317161,purchase,1607383226414543,https://shop.googlemerchandisestore.com/ordercompleted.html
8978772.4955738043,purchase,1606582532459556,https://shop.googlemerchandisestore.com/ordercompleted.html
89822931.5917917105,purchase,1605648198630957,https://shop.googlemerchandisestore.com/ordercompleted.html
89838993.1618154078,purchase,1606710641763693,https://shop.googlemerchandisestore.com/ordercompleted.html
89838993.1618154078,purchase,1606710673705765,https://shop.googlemerchandisestore.com/ordercompleted.html
89838993.1618154078,purchase,1606710674914666,https://shop.googlemerchandisestore.com/ordercompleted.html
8990340.3316542817,purchase,1605583679218752,https://shop.googlemerchandisestore.com/ordercompleted.html
8992749.5867986999,begin_checkout,1608933566245356,https://shop.googlemerchandisestore.com/yourinfo.html
8992749.5867986999,begin_checkout,1608933566261461,https://shop.googlemerchandisestore.com/yourinfo.html
8992749.5867986999,begin_checkout,1608933566269129,https://shop.googlemerchandisestore.com/yourinfo.html
8992749.5867986999,begin_checkout,1608933711519347,https://shop.googlemerchandisestore.com/yourinfo.html
8992749.5867986999,begin_checkout,1608933711561095,https://shop.googlemerchandisestore.com/yourinfo.html
8992749.5867986999,begin_checkout,1608933711565181,https://shop.googlemerchandisestore.com/yourinfo.html
8992749.5867986999,begin_checkout,1608933735554251,https://shop.googlemerchandisestore.com/yourinfo.html
8992749.5867986999,begin_checkout,1608933735579925,https://shop.googlemerchandisestore.com/yourinfo.html
8992749.5867986999,begin_checkout,1608933735583569,https://shop.googlemerchandisestore.com/yourinfo.html
8992749.5867986999,purchase,1608933839749560,https://shop.googlemerchandisestore.com/ordercompleted.html
90006388.1386753150,purchase,1608198187370067,https://shop.googlemerchandisestore.com/ordercompleted.html
9004033.5064832188,purchase,1606327737468068,https://shop.googlemerchandisestore.com/ordercompleted.html
9023815.7283606841,add_to_cart,1607092621027070,https://shop.googlemerchandisestore.com/Google+Redesign/Apparel/Hats
9023815.7283606841,add_to_cart,1607092643111679,https://shop.googlemerchandisestore.com/Google+Redesign/Apparel/Hats
9024331.9561664421,add_to_cart,1607094164165139,https://shop.googlemerchandisestore.com/Google+Redesign/Lifestyle
9024331.9561664421,add_to_cart,1607094171247313,https://shop.googlemerchandisestore.com/Google+Redesign/Lifestyle
9029010.8049284962,purchase,1608620428544602,https://shop.googlemerchandisestore.com/ordercompleted.html
9030851.6893086314,purchase,1608108785536760,https://shop.googlemerchandisestore.com/ordercompleted.html
90389075.6135376881,purchase,1608666889106764,https://shop.googlemerchandisestore.com/ordercompleted.html
90467623.9340009368,purchase,1607355037926384,https://shop.googlemerchandisestore.com/ordercompleted.html
9047104.0893275400,purchase,1606696605300891,https://shop.googlemerchandisestore.com/ordercompleted.html
9052312.4913896268,purchase,1607362122621066,https://shop.googlemerchandisestore.com/ordercompleted.html
90535239.2552572855,purchase,1606532799478440,https://shop.googlemerchandisestore.com/ordercompleted.html
90544735.0149811314,purchase,1607330313173096,https://shop.googlemerchandisestore.com/ordercompleted.html
9064138.7187999902,add_to_cart,1607086398612867,https://shop.googlemerchandisestore.com/Google+Redesign/Apparel/Hats
9067917.4467737421,purchase,1608623300093514,https://shop.googlemerchandisestore.com/ordercompleted.html
9074382.1600140595,purchase,1606288478463869,https://shop.googlemerchandisestore.com/ordercompleted.html
90781020.1958966537,purchase,1606602529049720,https://shop.googlemerchandisestore.com/ordercompleted.html
90961633.7551221705,add_to_cart,1607049095210859,https://shop.googlemerchandisestore.com/store.html
90961633.7551221705,add_to_cart,1607049107300446,https://shop.googlemerchandisestore.com/store.html
9116326.9159124025,purchase,1607333497151430,https://shop.googlemerchandisestore.com/ordercompleted.html
9117744.4787597704,add_to_cart,1607065660803162,https://shop.googlemerchandisestore.com/Google+Redesign/Shop+by+Brand/YouTube
9117744.4787597704,add_to_cart,1607066433754640,https://shop.googlemerchandisestore.com/Google+Redesign/Shop+by+Brand/YouTube
9122125.3213698084,purchase,1608175336423252,https://shop.googlemerchandisestore.com/ordercompleted.html
9123305447.7023614255,begin_checkout,1608570374161447,https://shop.googlemerchandisestore.com/yourinfo.html
9123305447.7023614255,begin_checkout,1608570374284534,https://shop.googlemerchandisestore.com/yourinfo.html
9123305447.7023614255,begin_checkout,1608570374297671,https://shop.googlemerchandisestore.com/yourinfo.html
9123305447.7023614255,begin_checkout,1608570439939477,https://shop.googlemerchandisestore.com/yourinfo.html
9123305447.7023614255,begin_checkout,1608570439999944,https://shop.googlemerchandisestore.com/yourinfo.html
9123305447.7023614255,begin_checkout,1608570440006333,https://shop.googlemerchandisestore.com/yourinfo.html
9123305447.7023614255,purchase,1608570626804837,https://shop.googlemerchandisestore.com/ordercompleted.html
91388989.2835941751,purchase,1605894050660718,https://shop.googlemerchandisestore.com/ordercompleted.html
91388989.2835941751,purchase,1605894050689455,https://shop.googlemerchandisestore.com/ordercompleted.html
9147051.8631635716,purchase,1607348394372036,https://shop.googlemerchandisestore.com/ordercompleted.html
91529880.6749765308,purchase,1605861601662296,https://shop.googlemerchandisestore.com/ordercompleted.html
91589045.5932971125,purchase,1608130823394023,https://shop.googlemerchandisestore.com/ordercompleted.html
9162399.0802989525,purchase,1606742503258363,https://shop.googlemerchandisestore.com/ordercompleted.html
91641252.7325140111,purchase,1606746949250306,https://shop.googlemerchandisestore.com/ordercompleted.html
9171293.1843144903,purchase,1606184139260601,https://shop.googlemerchandisestore.com/ordercompleted.html
9171293.1843144903,purchase,1606184139288650,https://shop.googlemerchandisestore.com/ordercompleted.html
91746380.0623200645,purchase,1611983496031584,https://shop.googlemerchandisestore.com/ordercompleted.html
91825571.8059920508,purchase,1608121148650612,https://shop.googlemerchandisestore.com/ordercompleted.html
91875291.2902344333,purchase,1606227674184430,https://shop.googlemerchandisestore.com/ordercompleted.html
9195830.2305180932,purchase,1608095422281558,https://shop.googlemerchandisestore.com/ordercompleted.html
9202387.7945688007,purchase,1607932930291058,https://shop.googlemerchandisestore.com/ordercompleted.html
93790140.2924262721,purchase,1606761355783116,https://shop.googlemerchandisestore.com/ordercompleted.html
93790140.2924262721,purchase,1606761967291948,https://shop.googlemerchandisestore.com/ordercompleted.html
93878179.6755259380,purchase,1606262873883681,https://shop.googlemerchandisestore.com/ordercompleted.html
9431683.5830577678,purchase,1606195698014317,https://shop.googlemerchandisestore.com/ordercompleted.html
9431683.5830577678,purchase,1606195698049608,https://shop.googlemerchandisestore.com/ordercompleted.html
9585173.9016085354,begin_checkout,1608511433298656,https://shop.googlemerchandisestore.com/yourinfo.html
9585173.9016085354,begin_checkout,1608511433410498,https://shop.googlemerchandisestore.com/yourinfo.html
9585173.9016085354,begin_checkout,1608511433428286,https://shop.googlemerchandisestore.com/yourinfo.html
9585173.9016085354,begin_checkout,1608511475834708,https://shop.googlemerchandisestore.com/yourinfo.html
9585173.9016085354,begin_checkout,1608511475985122,https://shop.googlemerchandisestore.com/yourinfo.html
9585173.9016085354,begin_checkout,1608511476005966,https://shop.googlemerchandisestore.com/yourinfo.html
9614593.5321513152,purchase,1608081192147740,https://shop.googlemerchandisestore.com/ordercompleted.html
9614593.5321513152,purchase,1608083220137565,https://shop.googlemerchandisestore.com/ordercompleted.html
9618916.8925649010,purchase,1608248327914223,https://shop.googlemerchandisestore.com/ordercompleted.html
9691978.5306663074,add_to_cart,1607100715979619,https://shop.googlemerchandisestore.com/Google+Redesign/Apparel/Womens
9691978.5306663074,purchase,1607354970081010,https://shop.googlemerchandisestore.com/ordercompleted.html
97011837.0071258497,add_to_cart,1607062010417637,https://shop.googlemerchandisestore.com/store.html
97011837.0071258497,add_to_cart,1607062026395075,https://shop.googlemerchandisestore.com/store.html
97011837.0071258497,add_to_cart,1607062045691348,https://shop.googlemerchandisestore.com/store.html
97011837.0071258497,add_to_cart,1607062061354865,https://shop.googlemerchandisestore.com/store.html
97011837.0071258497,add_to_cart,1607062099869328,https://shop.googlemerchandisestore.com/store.html
97011837.0071258497,add_to_cart,1607062106833986,https://shop.googlemerchandisestore.com/store.html
97011837.0071258497,add_to_cart,1607062133090675,https://shop.googlemerchandisestore.com/store.html
97011837.0071258497,add_to_cart,1607062141945883,https://shop.googlemerchandisestore.com/store.html
97011837.0071258497,purchase,1607062515022622,https://shop.googlemerchandisestore.com/ordercompleted.html
97619147.3055572166,purchase,1605588206178205,https://shop.googlemerchandisestore.com/ordercompleted.html
97950097.5837353470,purchase,1608109813943627,https://shop.googlemerchandisestore.com/ordercompleted.html
97950097.5837353470,purchase,1608173674035784,https://shop.googlemerchandisestore.com/ordercompleted.html
97950097.5837353470,purchase,1608173974336067,https://shop.googlemerchandisestore.com/ordercompleted.html
98020186.6825178467,purchase,1606735745154403,https://shop.googlemerchandisestore.com/ordercompleted.html
9923051.3507267991,begin_checkout,1608924720957699,https://shop.googlemerchandisestore.com/yourinfo.html
9923051.3507267991,begin_checkout,1608924721047971,https://shop.googlemerchandisestore.com/yourinfo.html
9923051.3507267991,begin_checkout,1608924721056807,https://shop.googlemerchandisestore.com/yourinfo.html
9923051.3507267991,begin_checkout,1608924793787973,https://shop.googlemerchandisestore.com/yourinfo.html
9923051.3507267991,begin_checkout,1608924793907307,https://shop.googlemerchandisestore.com/yourinfo.html
9923051.3507267991,begin_checkout,1608924793912095,https://shop.googlemerchandisestore.com/yourinfo.html
99387700.1672480666,purchase,1606775103607039,https://shop.googlemerchandisestore.com/ordercompleted.html
9992779.7021507317,purchase,1606763711214241,https://shop.googlemerchandisestore.com/ordercompleted.html
9992779.7021507317,purchase,1606763922044765,https://shop.googlemerchandisestore.com/ordercompleted.html
